# Made in Blockbench 4.12.4
mtllib pile_of_bones.mtl

o cube
v -2.6754387856153583 1.7182411664907644 -1.8375873301595167
v -3.0731863500327927 1.787309306223312 -2.2292922153395294
v -2.5232273824492397 1.2328853031333307 -2.0777281735218303
v -2.920974946866674 1.3019534428658783 -2.469433058701843
v -3.48148727655666 1.4808650874286835 -1.8687269727452085
v -3.0837397121392254 1.4117969476961358 -1.4770220875651958
v -3.329275873390542 0.9955092240712499 -2.108867816107522
v -2.9315283089731077 0.9264410843387021 -1.7171629309275094
vt 0.140625 0.5625
vt 0.296875 0.5625
vt 0.296875 0.421875
vt 0.140625 0.421875
vt 0 0.5625
vt 0.140625 0.5625
vt 0.140625 0.421875
vt 0 0.421875
vt 0.4375 0.5625
vt 0.59375 0.5625
vt 0.59375 0.421875
vt 0.4375 0.421875
vt 0.296875 0.5625
vt 0.4375 0.5625
vt 0.4375 0.421875
vt 0.296875 0.421875
vt 0.296875 0.5625
vt 0.140625 0.5625
vt 0.140625 0.703125
vt 0.296875 0.703125
vt 0.453125 0.703125
vt 0.296875 0.703125
vt 0.296875 0.5625
vt 0.453125 0.5625
vn -0.7071067811865477 0.12278780396897335 -0.6963642403200186
vn 0.6532814824381883 0.49031075007140557 -0.5769043881509126
vn 0.7071067811865477 -0.12278780396897335 0.6963642403200186
vn -0.6532814824381883 -0.49031075007140557 0.5769043881509126
vn -0.27059805007309845 0.8628548681909911 0.426917054866334
vn 0.27059805007309845 -0.8628548681909911 -0.426917054866334
usemtl m_32106622-412d-50ea-c58d-eafbf6f5adea
f 4/4/1 7/3/1 5/2/1 2/1/1
f 3/8/2 4/7/2 2/6/2 1/5/2
f 8/12/3 3/11/3 1/10/3 6/9/3
f 7/16/4 8/15/4 6/14/4 5/13/4
f 6/20/5 1/19/5 2/18/5 5/17/5
f 7/24/6 4/23/6 3/22/6 8/21/6
o cube
v -2.825858436874811 1.2099676481147095 -2.223228950102974
v -3.0026351321714477 1.2406645991069527 -2.3973200101829786
v -2.758208924356536 0.9942539310669607 -2.329958213819558
v -2.9349856196531725 1.024950882059204 -2.5040492738995628
v -3.2476156880857685 1.0567980678301754 -2.1809808646263864
v -3.070838992789132 1.0261011168379321 -2.0068898045463817
v -3.1799661755674933 0.8410843507824266 -2.2877101283429697
v -3.0031894802708567 0.8103873997901834 -2.113619068262965
vt 0.65625 0.9375
vt 0.75 0.9375
vt 0.75 0.875
vt 0.65625 0.875
vt 0.59375 0.9375
vt 0.65625 0.9375
vt 0.65625 0.875
vt 0.59375 0.875
vt 0.8125 0.9375
vt 0.90625 0.9375
vt 0.90625 0.875
vt 0.8125 0.875
vt 0.75 0.9375
vt 0.8125 0.9375
vt 0.8125 0.875
vt 0.75 0.875
vt 0.75 0.9375
vt 0.65625 0.9375
vt 0.65625 1
vt 0.75 1
vt 0.84375 1
vt 0.75 1
vt 0.75 0.9375
vt 0.84375 0.9375
vn -0.7071067811865477 0.12278780396897335 -0.6963642403200186
vn 0.6532814824381883 0.49031075007140557 -0.5769043881509126
vn 0.7071067811865477 -0.12278780396897335 0.6963642403200186
vn -0.6532814824381883 -0.49031075007140557 0.5769043881509126
vn -0.27059805007309845 0.8628548681909911 0.426917054866334
vn 0.27059805007309845 -0.8628548681909911 -0.426917054866334
usemtl m_32106622-412d-50ea-c58d-eafbf6f5adea
f 12/28/7 15/27/7 13/26/7 10/25/7
f 11/32/8 12/31/8 10/30/8 9/29/8
f 16/36/9 11/35/9 9/34/9 14/33/9
f 15/40/10 16/39/10 14/38/10 13/37/10
f 14/44/11 9/43/11 10/42/11 13/41/11
f 15/48/12 12/47/12 11/46/12 16/45/12
o cube
v -2.082326100193011 0.5697507062496934 -2.121286524519981
v -2.133063234581717 0.7491568158887869 -2.141172223355783
v -2.5401396934082525 0.29971814746005676 -3.389400924351823
v -2.5908768277969587 0.4791242570991503 -3.4092866231876253
v -2.3024285125388775 0.7089847813528549 -2.071473871411582
v -2.2516913781501713 0.5295786717137614 -2.05158817257578
v -2.760242105754119 0.4389522225632183 -3.339588271243424
v -2.709504971365413 0.25954611292412477 -3.3197025724076217
vt 0.3125 0.375
vt 0.265625 0.375
vt 0.265625 0.03125
vt 0.3125 0.03125
vt 0.359375 0.375
vt 0.3125 0.375
vt 0.3125 0.03125
vt 0.359375 0.03125
vt 0.265625 0.375
vt 0.3125 0.375
vt 0.3125 0.03125
vt 0.265625 0.03125
vt 0.265625 0.375
vt 0.21875 0.375
vt 0.21875 0.03125
vt 0.265625 0.03125
vt 0.265625 0.375
vt 0.3125 0.375
vt 0.3125 0.421875
vt 0.265625 0.421875
vt 0.3125 0.421875
vt 0.359375 0.421875
vt 0.359375 0.375
vt 0.3125 0.375
vn -0.27059805007309845 0.956832584741828 -0.1060570604576124
vn 0.9032814824381882 0.2142508508583041 -0.37172454370240593
vn 0.27059805007309845 -0.956832584741828 0.1060570604576124
vn -0.9032814824381882 -0.2142508508583041 0.37172454370240593
vn 0.3329553405201755 0.19638731548337204 0.9222650180595211
vn -0.3329553405201755 -0.19638731548337204 -0.9222650180595211
usemtl m_32106622-412d-50ea-c58d-eafbf6f5adea
f 20/52/13 23/51/13 21/50/13 18/49/13
f 19/56/14 20/55/14 18/54/14 17/53/14
f 24/60/15 19/59/15 17/58/15 22/57/15
f 23/64/16 24/63/16 22/62/16 21/61/16
f 22/68/17 17/67/17 18/66/17 21/65/17
f 23/72/18 20/71/18 19/70/18 24/69/18
o cube
v -2.8156771807186747 1.0407594439573002 -1.498750544806164
v -2.884699382871022 1.1305052278767178 -1.6482091674370785
v -3.3501623153530593 -0.13902137943874493 -1.9603432761200499
v -3.419184517505406 -0.049275595519327364 -2.1098018987509644
v -3.043066232612409 1.1654312389504287 -1.5541009071542113
v -2.974044030460062 1.075685455031011 -1.4046422845232973
v -3.5775513672467936 -0.01434958444561607 -2.0156936384680977
v -3.508529165094447 -0.10409536836503364 -1.8662350158371832
vt 0.265625 0.375
vt 0.3125 0.375
vt 0.3125 0.03125
vt 0.265625 0.03125
vt 0.21875 0.375
vt 0.265625 0.375
vt 0.265625 0.03125
vt 0.21875 0.03125
vt 0.3125 0.375
vt 0.265625 0.375
vt 0.265625 0.03125
vt 0.3125 0.03125
vt 0.3125 0.375
vt 0.359375 0.375
vt 0.359375 0.03125
vt 0.3125 0.03125
vt 0.3125 0.375
vt 0.265625 0.375
vt 0.265625 0.421875
vt 0.3125 0.421875
vt 0.359375 0.421875
vt 0.3125 0.421875
vt 0.3125 0.375
vt 0.359375 0.375
vn -0.3681184114791825 0.47864418090355865 -0.7971126540315396
vn 0.8446231986207332 -0.1862720590597925 -0.5019107215086235
vn 0.3681184114791825 -0.47864418090355865 0.7971126540315396
vn -0.8446231986207332 0.1862720590597925 0.5019107215086235
vn 0.38871646155228 0.8580224170153056 0.3357038045919171
vn -0.38871646155228 -0.8580224170153056 -0.3357038045919171
usemtl m_32106622-412d-50ea-c58d-eafbf6f5adea
f 28/76/19 31/75/19 29/74/19 26/73/19
f 27/80/20 28/79/20 26/78/20 25/77/20
f 32/84/21 27/83/21 25/82/21 30/81/21
f 31/88/22 32/87/22 30/86/22 29/85/22
f 30/92/23 25/91/23 26/90/23 29/89/23
f 31/96/24 28/95/24 27/94/24 32/93/24
o cube
v -2.6580573967875263 1.1763548290325478 -1.9809235008820334
v -2.751807396787527 1.0620660506288184 -2.096271940971111
v -1.9705573967875254 0.09947087644650554 -1.4727014011434778
v -2.0643073967875263 -0.014817901957223878 -1.5880498412325554
v -2.9285840920841637 1.0313690996365752 -1.9221808808911072
v -2.834834092084163 1.1456578780403046 -1.8068324408020295
v -2.241084092084163 -0.04551485294946711 -1.4139587811525511
v -2.147334092084162 0.06877392545426231 -1.2986103410634735
vt 0.046875 0.375
vt 0.109375 0.375
vt 0.109375 0.03125
vt 0.046875 0.03125
vt 0.15625 0.375
vt 0.109375 0.375
vt 0.109375 0.03125
vt 0.15625 0.03125
vt 0.046875 0.375
vt 0.109375 0.375
vt 0.109375 0.03125
vt 0.046875 0.03125
vt 0.109375 0.375
vt 0.15625 0.375
vt 0.15625 0.03125
vt 0.109375 0.03125
vt 0.109375 0.375
vt 0.046875 0.375
vt 0.046875 0.421875
vt 0.109375 0.421875
vt 0.171875 0.421875
vt 0.109375 0.421875
vt 0.109375 0.375
vt 0.171875 0.375
vn -0.5000000000000001 -0.6095401514865536 -0.6151916804750769
vn 0.7071067811865475 0.12278780396897296 -0.696364240320019
vn 0.5000000000000001 0.6095401514865536 0.6151916804750769
vn -0.7071067811865475 -0.12278780396897296 0.696364240320019
vn -0.5000000000000001 0.7831883291534844 -0.3696160725371309
vn 0.5000000000000001 -0.7831883291534844 0.3696160725371309
usemtl m_32106622-412d-50ea-c58d-eafbf6f5adea
f 36/100/25 39/99/25 37/98/25 34/97/25
f 35/104/26 36/103/26 34/102/26 33/101/26
f 40/108/27 35/107/27 33/106/27 38/105/27
f 39/112/28 40/111/28 38/110/28 37/109/28
f 38/116/29 33/115/29 34/114/29 37/113/29
f 39/120/30 36/119/30 35/118/30 40/117/30
o cube
v -2.0254748753150476 0.4161892131232443 -1.7418757234049056
v -2.1817248753150484 0.22570791578369498 -1.9341231235533685
v -1.8379748753150476 0.12249358969068824 -1.6032696962034816
v -1.9942248753150484 -0.06798770764886108 -1.7955170963519445
v -2.6236666135566407 0.1489655383030868 -1.4988954733533562
v -2.4674166135566398 0.3394468356426361 -1.3066480732048933
v -2.4361666135566407 -0.14473008512946928 -1.3602894461519321
v -2.2799166135566398 0.04575121221008005 -1.1680420460034693
vt 0.53125 0.09375
vt 0.6875 0.09375
vt 0.6875 0
vt 0.53125 0
vt 0.453125 0.09375
vt 0.53125 0.09375
vt 0.53125 0
vt 0.453125 0
vt 0.765625 0.09375
vt 0.921875 0.09375
vt 0.921875 0
vt 0.765625 0
vt 0.53125 0.09375
vt 0.453125 0.09375
vt 0.453125 0
vt 0.53125 0
vt 0.6875 0.09375
vt 0.53125 0.09375
vt 0.53125 0.171875
vt 0.6875 0.171875
vt 0.84375 0.171875
vt 0.6875 0.171875
vt 0.6875 0.09375
vt 0.84375 0.09375
vn -0.5000000000000001 -0.6095401514865536 -0.6151916804750769
vn 0.7071067811865475 0.12278780396897296 -0.696364240320019
vn 0.5000000000000001 0.6095401514865536 0.6151916804750769
vn -0.7071067811865475 -0.12278780396897296 0.696364240320019
vn -0.5000000000000001 0.7831883291534844 -0.3696160725371309
vn 0.5000000000000001 -0.7831883291534844 0.3696160725371309
usemtl m_32106622-412d-50ea-c58d-eafbf6f5adea
f 44/124/31 47/123/31 45/122/31 42/121/31
f 43/128/32 44/127/32 42/126/32 41/125/32
f 48/132/33 43/131/33 41/130/33 46/129/33
f 47/136/34 48/135/34 46/134/34 45/133/34
f 46/140/35 41/139/35 42/138/35 45/137/35
f 47/144/36 44/143/36 43/142/36 48/141/36
o cube
v -2.356280701490889 1.0112546977364194 -2.0626105428277555
v -2.5750307014908898 0.7445808814610504 -2.331756903035603
v -1.981280701490888 0.4238634508713053 -1.7853984884249066
v -2.2000307014908898 0.15718963459593627 -2.054544848632754
v -3.105360787380801 0.6524900284843207 -1.809483722795588
v -2.8866107873807993 0.9191638447596897 -1.5403373625877403
v -2.730360787380801 0.06509878161920635 -1.5322716683927395
v -2.5116107873807993 0.33177259789457536 -1.2631253081848919
vt 0.109375 0.890625
vt 0.296875 0.890625
vt 0.296875 0.703125
vt 0.109375 0.703125
vt 0 0.890625
vt 0.109375 0.890625
vt 0.109375 0.703125
vt 0 0.703125
vt 0.40625 0.890625
vt 0.59375 0.890625
vt 0.59375 0.703125
vt 0.40625 0.703125
vt 0.296875 0.890625
vt 0.40625 0.890625
vt 0.40625 0.703125
vt 0.296875 0.703125
vt 0.296875 0.890625
vt 0.109375 0.890625
vt 0.109375 1
vt 0.296875 1
vt 0.484375 1
vt 0.296875 1
vt 0.296875 0.890625
vt 0.484375 0.890625
vn -0.5000000000000001 -0.6095401514865536 -0.6151916804750769
vn 0.7071067811865475 0.12278780396897296 -0.696364240320019
vn 0.5000000000000001 0.6095401514865536 0.6151916804750769
vn -0.7071067811865475 -0.12278780396897296 0.696364240320019
vn -0.5000000000000001 0.7831883291534844 -0.3696160725371309
vn 0.5000000000000001 -0.7831883291534844 0.3696160725371309
usemtl m_32106622-412d-50ea-c58d-eafbf6f5adea
f 52/148/37 55/147/37 53/146/37 50/145/37
f 51/152/38 52/151/38 50/150/38 49/149/38
f 56/156/39 51/155/39 49/154/39 54/153/39
f 55/160/40 56/159/40 54/158/40 53/157/40
f 54/164/41 49/163/41 50/162/41 53/161/41
f 55/168/42 52/167/42 51/166/42 56/165/42
o cube
v 1.0564346670631855 0.08196397649188647 -3.3753449446897736
v 0.987747274975256 0.25259982792658375 -3.3389897748605053
v 0.41064129624437307 0.08063947183461462 -4.589253577122167
v 0.34195390415644367 0.2512753232693119 -4.552898407292899
v 0.8371376891808722 0.17488481275164514 -3.258781426895946
v 0.9058250812688016 0.004248961316947852 -3.2951365967252144
v 0.19134431836205978 0.17356030809437328 -4.47269005932834
v 0.2600317104499892 0.002924456659676 -4.509045229157609
vt 0.3125 0.375
vt 0.265625 0.375
vt 0.265625 0.03125
vt 0.3125 0.03125
vt 0.359375 0.375
vt 0.3125 0.375
vt 0.3125 0.03125
vt 0.359375 0.03125
vt 0.265625 0.375
vt 0.3125 0.375
vt 0.3125 0.03125
vt 0.265625 0.03125
vt 0.265625 0.375
vt 0.21875 0.375
vt 0.21875 0.03125
vt 0.265625 0.03125
vt 0.265625 0.375
vt 0.3125 0.375
vt 0.3125 0.421875
vt 0.265625 0.421875
vt 0.3125 0.421875
vt 0.359375 0.421875
vt 0.359375 0.375
vt 0.3125 0.375
vn -0.36633275780229063 0.9100578743183857 0.19389423908943113
vn 0.8032511242367072 0.4144800809330029 -0.42777785581097766
vn 0.36633275780229063 -0.9100578743183857 -0.19389423908943113
vn -0.8032511242367072 -0.4144800809330029 0.42777785581097766
vn 0.4696679060500457 0.000963276114379852 0.8828426417690148
vn -0.4696679060500457 -0.000963276114379852 -0.8828426417690148
usemtl m_32106622-412d-50ea-c58d-eafbf6f5adea
f 60/172/43 63/171/43 61/170/43 58/169/43
f 59/176/44 60/175/44 58/174/44 57/173/44
f 64/180/45 59/179/45 57/178/45 62/177/45
f 63/184/46 64/183/46 62/182/46 61/181/46
f 62/188/47 57/187/47 58/186/47 61/185/47
f 63/192/48 60/191/48 59/190/48 64/189/48
o cube
v 1.4092862542644005 0.029695262367926523 -3.4319477679980244
v 1.3999497631805093 0.20519657558986037 -3.497280523883698
v 0.5071790949645321 0.34923282267933176 -2.4446669464025943
v 0.49784260388064094 0.5247341359012656 -2.509999702288268
v 1.588211920885196 0.2712861614413802 -3.3466500932982726
v 1.597548411969087 0.09578484821944633 -3.2813173374125983
v 0.6861047615853275 0.5908237217527856 -2.3593692717028416
v 0.6954412526692186 0.4153224085308518 -2.294036515817168
vt 0.046875 0.375
vt 0.109375 0.375
vt 0.109375 0.03125
vt 0.046875 0.03125
vt 0.15625 0.375
vt 0.109375 0.375
vt 0.109375 0.03125
vt 0.15625 0.03125
vt 0.046875 0.375
vt 0.109375 0.375
vt 0.109375 0.03125
vt 0.046875 0.03125
vt 0.109375 0.375
vt 0.15625 0.375
vt 0.15625 0.03125
vt 0.109375 0.03125
vt 0.109375 0.375
vt 0.046875 0.375
vt 0.046875 0.421875
vt 0.109375 0.421875
vt 0.171875 0.421875
vt 0.109375 0.421875
vt 0.109375 0.375
vt 0.171875 0.375
vn -0.049794619114084566 0.9360070038503142 -0.34844136472359444
vn -0.7530486308187434 -0.2643583434060778 -0.6025217223417012
vn 0.049794619114084566 -0.9360070038503142 0.34844136472359444
vn 0.7530486308187434 0.2643583434060778 0.6025217223417012
vn 0.6560779340362694 -0.2323909529537501 -0.7180224157057694
vn -0.6560779340362694 0.2323909529537501 0.7180224157057694
usemtl m_32106622-412d-50ea-c58d-eafbf6f5adea
f 68/196/49 71/195/49 69/194/49 66/193/49
f 67/200/50 68/199/50 66/198/50 65/197/50
f 72/204/51 67/203/51 65/202/51 70/201/51
f 71/208/52 72/207/52 70/206/52 69/205/52
f 70/212/53 65/211/53 66/210/53 69/209/53
f 71/216/54 68/215/54 67/214/54 72/213/54
o cube
v 0.6120117019496192 0.21251902593303607 -2.8268981752313262
v 0.5964508834764679 0.5050212146362594 -2.93578610170745
v 0.36598247668601847 0.2996656332906923 -2.5576397693416633
v 0.3504216582128672 0.5921678219939155 -2.6665276958177864
v 1.0671062777381826 0.6702451792650577 -2.5592100252438867
v 1.0826670962113338 0.3777429905618346 -2.4503220987677636
v 0.821077052474581 0.757391786622714 -2.289951619354223
v 0.8366378709477322 0.4648895979194909 -2.1810636928780998
vt 0.53125 0.09375
vt 0.6875 0.09375
vt 0.6875 0
vt 0.53125 0
vt 0.453125 0.09375
vt 0.53125 0.09375
vt 0.53125 0
vt 0.453125 0
vt 0.765625 0.09375
vt 0.921875 0.09375
vt 0.921875 0
vt 0.765625 0
vt 0.53125 0.09375
vt 0.453125 0.09375
vt 0.453125 0
vt 0.53125 0
vt 0.6875 0.09375
vt 0.53125 0.09375
vt 0.53125 0.171875
vt 0.6875 0.171875
vt 0.84375 0.171875
vt 0.6875 0.171875
vt 0.6875 0.09375
vt 0.84375 0.09375
vn -0.049794619114084566 0.9360070038503142 -0.34844136472359444
vn -0.7530486308187434 -0.2643583434060778 -0.6025217223417012
vn 0.049794619114084566 -0.9360070038503142 0.34844136472359444
vn 0.7530486308187434 0.2643583434060778 0.6025217223417012
vn 0.6560779340362694 -0.2323909529537501 -0.7180224157057694
vn -0.6560779340362694 0.2323909529537501 0.7180224157057694
usemtl m_32106622-412d-50ea-c58d-eafbf6f5adea
f 76/220/55 79/219/55 77/218/55 74/217/55
f 75/224/56 76/223/56 74/222/56 73/221/56
f 80/228/57 75/227/57 73/226/57 78/225/57
f 79/232/58 80/231/58 78/230/58 77/229/58
f 78/236/59 73/235/59 74/234/59 77/233/59
f 79/240/60 76/239/60 75/238/60 80/237/60
o cube
v 1.0570046130506485 0.021703414754844275 -3.403072594657008
v 1.0352194671882362 0.4312064789393568 -3.5555156917235804
v 0.564946162523448 0.19599662947015628 -2.864555782877683
v 0.5431610166610357 0.6054996936546688 -3.0169988799442553
v 1.6000059403022924 0.6294752364939149 -3.1036243999673054
v 1.6217910861647047 0.21997217230940236 -2.9511813029007326
v 1.1079474897750927 0.8037684512092269 -2.56510758818798
v 1.129732635637505 0.39426538702471436 -2.412664491121407
vt 0.109375 0.890625
vt 0.296875 0.890625
vt 0.296875 0.703125
vt 0.109375 0.703125
vt 0 0.890625
vt 0.109375 0.890625
vt 0.109375 0.703125
vt 0 0.703125
vt 0.40625 0.890625
vt 0.59375 0.890625
vt 0.59375 0.703125
vt 0.40625 0.703125
vt 0.296875 0.890625
vt 0.40625 0.890625
vt 0.40625 0.703125
vt 0.296875 0.703125
vt 0.296875 0.890625
vt 0.109375 0.890625
vt 0.109375 1
vt 0.296875 1
vt 0.484375 1
vt 0.296875 1
vt 0.296875 0.890625
vt 0.484375 0.890625
vn -0.049794619114084566 0.9360070038503142 -0.34844136472359444
vn -0.7530486308187434 -0.2643583434060778 -0.6025217223417012
vn 0.049794619114084566 -0.9360070038503142 0.34844136472359444
vn 0.7530486308187434 0.2643583434060778 0.6025217223417012
vn 0.6560779340362694 -0.2323909529537501 -0.7180224157057694
vn -0.6560779340362694 0.2323909529537501 0.7180224157057694
usemtl m_32106622-412d-50ea-c58d-eafbf6f5adea
f 84/244/61 87/243/61 85/242/61 82/241/61
f 83/248/62 84/247/62 82/246/62 81/245/62
f 88/252/63 83/251/63 81/250/63 86/249/63
f 87/256/64 88/255/64 86/254/64 85/253/64
f 86/260/65 81/259/65 82/258/65 85/257/65
f 87/264/66 84/263/66 83/262/66 88/261/66
o cube
v -1.1152946396120687 0.6262118495303368 -4.058303482990541
v -1.22515281517708 0.10365143146140743 -4.235131197812491
v -0.8632897155819981 0.41828720605974623 -3.6004092693317244
v -0.9731478911470095 -0.10427321200918316 -3.7772369841536735
v -1.7704253707938076 0.11499359062035475 -3.9298867129862836
v -1.6605671952287961 0.6375540086892841 -3.7530589981643345
v -1.518420446763737 -0.09293105285023584 -3.4719924993274667
v -1.4085622711987256 0.42962936521869355 -3.2951647845055176
vt 0.140625 0.5625
vt 0.296875 0.5625
vt 0.296875 0.421875
vt 0.140625 0.421875
vt 0 0.5625
vt 0.140625 0.5625
vt 0.140625 0.421875
vt 0 0.421875
vt 0.4375 0.5625
vt 0.59375 0.5625
vt 0.59375 0.421875
vt 0.4375 0.421875
vt 0.296875 0.5625
vt 0.4375 0.5625
vt 0.4375 0.421875
vt 0.296875 0.421875
vt 0.296875 0.5625
vt 0.140625 0.5625
vt 0.140625 0.703125
vt 0.296875 0.703125
vt 0.453125 0.703125
vt 0.296875 0.703125
vt 0.296875 0.5625
vt 0.453125 0.5625
vn -0.19530342322668787 -0.928996298789208 -0.31436038190568755
vn 0.8724360889867635 -0.018147454654315588 -0.4883911757219309
vn 0.19530342322668787 0.928996298789208 0.31436038190568755
vn -0.8724360889867635 0.018147454654315588 0.4883911757219309
vn -0.44800875383123656 0.3696438106143832 -0.8140341576156743
vn 0.44800875383123656 -0.3696438106143832 0.8140341576156743
usemtl m_32106622-412d-50ea-c58d-eafbf6f5adea
f 92/268/67 95/267/67 93/266/67 90/265/67
f 91/272/68 92/271/68 90/270/68 89/269/68
f 96/276/69 91/275/69 89/274/69 94/273/69
f 95/280/70 96/279/70 94/278/70 93/277/70
f 94/284/71 89/283/71 90/282/71 93/281/71
f 95/288/72 92/287/72 91/286/72 96/285/72
o cube
v -1.0333765464636837 0.13024429451990827 -3.6375979917120103
v -1.0822024022703554 -0.10200478017739378 -3.716188087188432
v -0.9213743580058749 0.037833341866312264 -3.4340894523080916
v -0.9702002138125465 -0.19441573283098967 -3.512679547784513
v -1.4093659356403911 -0.09519948468202544 -3.533041396292708
v -1.3605400798337195 0.1370495900152764 -3.4544513008162863
v -1.2973637471825814 -0.18761043733562133 -3.329532856888789
v -1.2485378913759098 0.04463863736168061 -3.2509427614123676
vt 0.65625 0.9375
vt 0.75 0.9375
vt 0.75 0.875
vt 0.65625 0.875
vt 0.59375 0.9375
vt 0.65625 0.9375
vt 0.65625 0.875
vt 0.59375 0.875
vt 0.8125 0.9375
vt 0.90625 0.9375
vt 0.90625 0.875
vt 0.8125 0.875
vt 0.75 0.9375
vt 0.8125 0.9375
vt 0.8125 0.875
vt 0.75 0.875
vt 0.75 0.9375
vt 0.65625 0.9375
vt 0.65625 1
vt 0.75 1
vt 0.84375 1
vt 0.75 1
vt 0.75 0.9375
vt 0.84375 0.9375
vn -0.19530342322668787 -0.928996298789208 -0.31436038190568755
vn 0.8724360889867635 -0.018147454654315588 -0.4883911757219309
vn 0.19530342322668787 0.928996298789208 0.31436038190568755
vn -0.8724360889867635 0.018147454654315588 0.4883911757219309
vn -0.44800875383123656 0.3696438106143832 -0.8140341576156743
vn 0.44800875383123656 -0.3696438106143832 0.8140341576156743
usemtl m_32106622-412d-50ea-c58d-eafbf6f5adea
f 100/292/73 103/291/73 101/290/73 98/289/73
f 99/296/74 100/295/74 98/294/74 97/293/74
f 104/300/75 99/299/75 97/298/75 102/297/75
f 103/304/76 104/303/76 102/302/76 101/301/76
f 102/308/77 97/307/77 98/306/77 101/305/77
f 103/312/78 100/311/78 99/310/78 104/309/78
o cube
v 1.2031673577338635 2.48881402873459 -1.6419559353987636
v 1.3108500273335215 2.717131383226909 -2.1446306595549713
v 1.3954687811664312 1.993227474373184 -1.8258591155833317
v 1.5031514507660892 2.221544828865503 -2.3285338397395394
v 0.7358236133254037 2.5653054482369413 -2.3367725567491706
v 0.6281409437257457 2.336988093744622 -1.8340978325929629
v 0.9281250367579714 2.0697188938755353 -2.5206757369337387
v 0.8204423671583134 1.8414015393832162 -2.018001012777531
vt 0.140625 0.5625
vt 0.296875 0.5625
vt 0.296875 0.421875
vt 0.140625 0.421875
vt 0 0.5625
vt 0.140625 0.5625
vt 0.140625 0.421875
vt 0 0.421875
vt 0.4375 0.5625
vt 0.59375 0.5625
vt 0.59375 0.421875
vt 0.4375 0.421875
vt 0.296875 0.5625
vt 0.4375 0.5625
vt 0.4375 0.421875
vt 0.296875 0.421875
vt 0.296875 0.5625
vt 0.140625 0.5625
vt 0.140625 0.703125
vt 0.296875 0.703125
vt 0.453125 0.703125
vt 0.296875 0.703125
vt 0.296875 0.5625
vt 0.453125 0.5625
vn 0.19143585706605848 0.40589751909745664 -0.8936439540554802
vn 0.9200422624129893 0.24292149598394822 0.3074270355107188
vn -0.19143585706605848 -0.40589751909745664 0.8936439540554802
vn -0.9200422624129893 -0.24292149598394822 -0.3074270355107188
vn -0.3418691972134545 0.8810427633091658 0.3269389869947873
vn 0.3418691972134545 -0.8810427633091658 -0.3269389869947873
usemtl m_32106622-412d-50ea-c58d-eafbf6f5adea
f 108/316/79 111/315/79 109/314/79 106/313/79
f 107/320/80 108/319/80 106/318/80 105/317/80
f 112/324/81 107/323/81 105/322/81 110/321/81
f 111/328/82 112/327/82 110/326/82 109/325/82
f 110/332/83 105/331/83 106/330/83 109/329/83
f 111/336/84 108/335/84 107/334/84 112/333/84
o cube
v 1.3402872036979518 2.0897052620931458 -2.1435512306645093
v 1.3881461679644662 2.1911796418675094 -2.3669622191783795
v 1.4257545030013157 1.869444571265854 -2.225285977413206
v 1.47361346726783 1.970918951040218 -2.448696965927076
v 1.0431303195595953 2.100084080873529 -2.4822473574948987
v 0.995271355293081 1.9986097010991648 -2.258836368981029
v 1.1285976188629592 1.8798233900462373 -2.5639821042435957
v 1.0807386545964448 1.7783490102718733 -2.3405711157297255
vt 0.65625 0.9375
vt 0.75 0.9375
vt 0.75 0.875
vt 0.65625 0.875
vt 0.59375 0.9375
vt 0.65625 0.9375
vt 0.65625 0.875
vt 0.59375 0.875
vt 0.8125 0.9375
vt 0.90625 0.9375
vt 0.90625 0.875
vt 0.8125 0.875
vt 0.75 0.9375
vt 0.8125 0.9375
vt 0.8125 0.875
vt 0.75 0.875
vt 0.75 0.9375
vt 0.65625 0.9375
vt 0.65625 1
vt 0.75 1
vt 0.84375 1
vt 0.75 1
vt 0.75 0.9375
vt 0.84375 0.9375
vn 0.19143585706605848 0.40589751909745664 -0.8936439540554802
vn 0.9200422624129893 0.24292149598394822 0.3074270355107188
vn -0.19143585706605848 -0.40589751909745664 0.8936439540554802
vn -0.9200422624129893 -0.24292149598394822 -0.3074270355107188
vn -0.3418691972134545 0.8810427633091658 0.3269389869947873
vn 0.3418691972134545 -0.8810427633091658 -0.3269389869947873
usemtl m_32106622-412d-50ea-c58d-eafbf6f5adea
f 116/340/85 119/339/85 117/338/85 114/337/85
f 115/344/86 116/343/86 114/342/86 113/341/86
f 120/348/87 115/347/87 113/346/87 118/345/87
f 119/352/88 120/351/88 118/350/88 117/349/88
f 118/356/89 113/355/89 114/354/89 117/353/89
f 119/360/90 116/359/90 115/358/90 120/357/90
o cube
v 1.3168606610956841 1.4992854384991832 -1.712943811549771
v 1.286208979095178 1.5550064928807013 -1.8893294359332558
v 2.664495466466464 1.4168783288913787 -1.9731639100036495
v 2.633843784465958 1.4725993832728967 -2.149549534387134
v 1.2650924934668701 1.3763304272121992 -1.9421045019392282
v 1.2957441754673762 1.3206093728306811 -1.7657188775557435
v 2.61272729883765 1.2939233176043947 -2.2023246003931067
v 2.6433789808381563 1.2382022632228766 -2.025938976009622
vt 0.3125 0.375
vt 0.265625 0.375
vt 0.265625 0.03125
vt 0.3125 0.03125
vt 0.359375 0.375
vt 0.3125 0.375
vt 0.3125 0.03125
vt 0.359375 0.03125
vt 0.265625 0.375
vt 0.3125 0.375
vt 0.3125 0.03125
vt 0.265625 0.03125
vt 0.265625 0.375
vt 0.21875 0.375
vt 0.21875 0.03125
vt 0.265625 0.03125
vt 0.265625 0.375
vt 0.3125 0.375
vt 0.3125 0.421875
vt 0.265625 0.421875
vt 0.3125 0.421875
vt 0.359375 0.421875
vt 0.359375 0.375
vt 0.3125 0.375
vn -0.16347563733603235 0.29717895670142935 -0.9407233300452521
vn 0.11262125668430895 0.9529390168986751 0.2814670186985209
vn 0.16347563733603235 -0.29717895670142935 0.9407233300452521
vn -0.11262125668430895 -0.9529390168986751 -0.2814670186985209
vn -0.9800980402696585 0.05993244335113058 0.18925098069372975
vn 0.9800980402696585 -0.05993244335113058 -0.18925098069372975
usemtl m_32106622-412d-50ea-c58d-eafbf6f5adea
f 124/364/91 127/363/91 125/362/91 122/361/91
f 123/368/92 124/367/92 122/366/92 121/365/92
f 128/372/93 123/371/93 121/370/93 126/369/93
f 127/376/94 128/375/94 126/374/94 125/373/94
f 126/380/95 121/379/95 122/378/95 125/377/95
f 127/384/96 124/383/96 123/382/96 128/381/96
o cube
v 1.2702145582503581 1.9795025581828734 -1.9582100957177273
v 1.2269256257595735 1.9045239277034156 -2.1245246269386437
v 0.6603946104403309 0.9232634251069056 -1.3233057525195555
v 0.6171056779495467 0.8482847946274479 -1.489620283740472
v 1.0104192748134642 2.0295239277034156 -2.1245246269386437
v 1.0537082073042487 2.1045025581828734 -1.9582100957177273
v 0.4005993270034365 0.9732847946274479 -1.489620283740472
v 0.44388825949422106 1.0482634251069056 -1.3233057525195555
vt 0.046875 0.375
vt 0.109375 0.375
vt 0.109375 0.03125
vt 0.046875 0.03125
vt 0.15625 0.375
vt 0.109375 0.375
vt 0.109375 0.03125
vt 0.15625 0.03125
vt 0.046875 0.375
vt 0.109375 0.375
vt 0.109375 0.03125
vt 0.046875 0.03125
vt 0.109375 0.375
vt 0.15625 0.375
vt 0.15625 0.03125
vt 0.109375 0.03125
vt 0.109375 0.375
vt 0.046875 0.375
vt 0.046875 0.421875
vt 0.109375 0.421875
vt 0.171875 0.421875
vt 0.109375 0.421875
vt 0.109375 0.375
vt 0.171875 0.375
vn -0.23087430661751687 -0.399886029223775 -0.8870108331782218
vn 0.8660254037844387 -0.4999999999999999 8.326672684688674e-17
vn 0.23087430661751687 0.399886029223775 0.8870108331782218
vn -0.8660254037844387 0.4999999999999999 -8.326672684688674e-17
vn 0.4435054165891108 0.7681739149643408 -0.46174861323503386
vn -0.4435054165891108 -0.7681739149643408 0.46174861323503386
usemtl m_32106622-412d-50ea-c58d-eafbf6f5adea
f 132/388/97 135/387/97 133/386/97 130/385/97
f 131/392/98 132/391/98 130/390/98 129/389/98
f 136/396/99 131/395/99 129/394/99 134/393/99
f 135/400/100 136/399/100 134/398/100 133/397/100
f 134/404/101 129/403/101 130/402/101 133/401/101
f 135/408/102 132/407/102 131/406/102 136/405/102
o cube
v 0.9890889048708296 1.1175786432185326 -1.4964614824826934
v 0.9169406840528556 0.9926142590861033 -1.7736523678508878
v 0.8227743736499131 0.8295134251069056 -1.3233057525195555
v 0.7506261528319391 0.7045490409744763 -1.6004966378877499
v 0.3756748066875817 1.3051142590861033 -1.7736523678508878
v 0.4478230275055557 1.4300786432185326 -1.4964614824826934
v 0.2093602754666648 1.0170490409744755 -1.6004966378877499
v 0.2815084962846388 1.1420134251069047 -1.3233057525195555
vt 0.53125 0.09375
vt 0.6875 0.09375
vt 0.6875 0
vt 0.53125 0
vt 0.453125 0.09375
vt 0.53125 0.09375
vt 0.53125 0
vt 0.453125 0
vt 0.765625 0.09375
vt 0.921875 0.09375
vt 0.921875 0
vt 0.765625 0
vt 0.53125 0.09375
vt 0.453125 0.09375
vt 0.453125 0
vt 0.53125 0
vt 0.6875 0.09375
vt 0.53125 0.09375
vt 0.53125 0.171875
vt 0.6875 0.171875
vt 0.84375 0.171875
vt 0.6875 0.171875
vt 0.6875 0.09375
vt 0.84375 0.09375
vn -0.23087430661751687 -0.399886029223775 -0.8870108331782218
vn 0.8660254037844387 -0.4999999999999999 8.326672684688674e-17
vn 0.23087430661751687 0.399886029223775 0.8870108331782218
vn -0.8660254037844387 0.4999999999999999 -8.326672684688674e-17
vn 0.4435054165891108 0.7681739149643408 -0.46174861323503386
vn -0.4435054165891108 -0.7681739149643408 0.46174861323503386
usemtl m_32106622-412d-50ea-c58d-eafbf6f5adea
f 140/412/103 143/411/103 141/410/103 138/409/103
f 139/416/104 140/415/104 138/414/104 137/413/104
f 144/420/105 139/419/105 137/418/105 142/417/105
f 143/424/106 144/423/106 142/422/106 141/421/106
f 142/428/107 137/427/107 138/426/107 141/425/107
f 143/432/108 140/431/108 139/430/108 144/429/108
o cube
v 1.37584455504919 1.6624590794417884 -1.8427729424089687
v 1.2748370459040266 1.4875089416563867 -2.2308401819244406
v 1.0432154926073567 1.0863286432185326 -1.4964614824826934
v 0.9422079834621933 0.9113785054331309 -1.8845287219981652
v 0.6253179930656976 1.8625089416563858 -2.2308401819244406
v 0.726325502210861 2.0374590794417875 -1.8427729424089687
v 0.29268893062386425 1.286378505433131 -1.8845287219981652
v 0.3936964397690277 1.4613286432185326 -1.4964614824826934
vt 0.109375 0.890625
vt 0.296875 0.890625
vt 0.296875 0.703125
vt 0.109375 0.703125
vt 0 0.890625
vt 0.109375 0.890625
vt 0.109375 0.703125
vt 0 0.703125
vt 0.40625 0.890625
vt 0.59375 0.890625
vt 0.59375 0.703125
vt 0.40625 0.703125
vt 0.296875 0.890625
vt 0.40625 0.890625
vt 0.40625 0.703125
vt 0.296875 0.703125
vt 0.296875 0.890625
vt 0.109375 0.890625
vt 0.109375 1
vt 0.296875 1
vt 0.484375 1
vt 0.296875 1
vt 0.296875 0.890625
vt 0.484375 0.890625
vn -0.23087430661751687 -0.399886029223775 -0.8870108331782218
vn 0.8660254037844387 -0.4999999999999999 8.326672684688674e-17
vn 0.23087430661751687 0.399886029223775 0.8870108331782218
vn -0.8660254037844387 0.4999999999999999 -8.326672684688674e-17
vn 0.4435054165891108 0.7681739149643408 -0.46174861323503386
vn -0.4435054165891108 -0.7681739149643408 0.46174861323503386
usemtl m_32106622-412d-50ea-c58d-eafbf6f5adea
f 148/436/109 151/435/109 149/434/109 146/433/109
f 147/440/110 148/439/110 146/438/110 145/437/110
f 152/444/111 147/443/111 145/442/111 150/441/111
f 151/448/112 152/447/112 150/446/112 149/445/112
f 150/452/113 145/451/113 146/450/113 149/449/113
f 151/456/114 148/455/114 147/454/114 152/453/114
o cube
v -3.0363806021881947 3.2915156189271784 1.2535756242523055
v -3.4038514360596754 3.5067750496325414 0.8861047903808243
v -3.1885920053543124 2.7718333818895795 1.1013642210861878
v -3.556062839225793 2.9870928125949425 0.7338933872147066
v -3.8457931743012677 3.5067750496325414 1.3280465286224166
v -3.478322340429787 3.2915156189271784 1.6955173624938977
v -3.9980045774673854 2.9870928125949425 1.1758351254562989
v -3.6305337435959046 2.7718333818895795 1.54330595932778
vt 0.140625 0.5625
vt 0.296875 0.5625
vt 0.296875 0.421875
vt 0.140625 0.421875
vt 0 0.5625
vt 0.140625 0.5625
vt 0.140625 0.421875
vt 0 0.421875
vt 0.4375 0.5625
vt 0.59375 0.5625
vt 0.59375 0.421875
vt 0.4375 0.421875
vt 0.296875 0.5625
vt 0.4375 0.5625
vt 0.4375 0.421875
vt 0.296875 0.421875
vt 0.296875 0.5625
vt 0.140625 0.5625
vt 0.140625 0.703125
vt 0.296875 0.703125
vt 0.453125 0.703125
vt 0.296875 0.703125
vt 0.296875 0.5625
vt 0.453125 0.5625
vn -0.6532814824381882 0.38268343236508967 -0.6532814824381885
vn 0.7071067811865477 2.7755575615628907e-17 -0.7071067811865474
vn 0.6532814824381882 -0.38268343236508967 0.6532814824381885
vn -0.7071067811865477 -2.7755575615628907e-17 0.7071067811865474
vn 0.27059805007309834 0.9238795325112868 0.2705980500730985
vn -0.27059805007309834 -0.9238795325112868 -0.2705980500730985
usemtl m_32106622-412d-50ea-c58d-eafbf6f5adea
f 156/460/115 159/459/115 157/458/115 154/457/115
f 155/464/116 156/463/116 154/462/116 153/461/116
f 160/468/117 155/467/117 153/466/117 158/465/117
f 159/472/118 160/471/118 158/470/118 157/469/118
f 158/476/119 153/475/119 154/474/119 157/473/119
f 159/480/120 156/479/120 155/478/120 160/477/120
o cube
v -3.4811308162645647 2.89142195450367 0.9856021054725721
v -3.6444511868741114 2.9870928125949425 0.8222817348630249
v -3.5487803287828394 2.660452071375848 0.9179525929542978
v -3.712100699392386 2.7561229294671206 0.7546322223447506
v -3.909616229819067 2.9870928125949425 1.0874467778079806
v -3.7462958592095204 2.89142195450367 1.2507671484175278
v -3.9772657423373414 2.7561229294671206 1.0197972652897063
v -3.8139453717277947 2.660452071375848 1.1831176358992535
vt 0.65625 0.9375
vt 0.75 0.9375
vt 0.75 0.875
vt 0.65625 0.875
vt 0.59375 0.9375
vt 0.65625 0.9375
vt 0.65625 0.875
vt 0.59375 0.875
vt 0.8125 0.9375
vt 0.90625 0.9375
vt 0.90625 0.875
vt 0.8125 0.875
vt 0.75 0.9375
vt 0.8125 0.9375
vt 0.8125 0.875
vt 0.75 0.875
vt 0.75 0.9375
vt 0.65625 0.9375
vt 0.65625 1
vt 0.75 1
vt 0.84375 1
vt 0.75 1
vt 0.75 0.9375
vt 0.84375 0.9375
vn -0.6532814824381882 0.38268343236508967 -0.6532814824381885
vn 0.7071067811865477 2.7755575615628907e-17 -0.7071067811865474
vn 0.6532814824381882 -0.38268343236508967 0.6532814824381885
vn -0.7071067811865477 -2.7755575615628907e-17 0.7071067811865474
vn 0.27059805007309834 0.9238795325112868 0.2705980500730985
vn -0.27059805007309834 -0.9238795325112868 -0.2705980500730985
usemtl m_32106622-412d-50ea-c58d-eafbf6f5adea
f 164/484/121 167/483/121 165/482/121 162/481/121
f 163/488/122 164/487/122 162/486/122 161/485/122
f 168/492/123 163/491/123 161/490/123 166/489/123
f 167/496/124 168/495/124 166/494/124 165/493/124
f 166/500/125 161/499/125 162/498/125 165/497/125
f 167/504/126 164/503/126 163/502/126 168/501/126
o cube
v -3.8509561218379322 0.04039627239439064 -0.11303866832561749
v -3.851731576844251 0.22740285791429388 -0.1266101694113555
v -4.226584669017237 -0.05689253138769221 -1.4321531755624304
v -4.227360124023555 0.13011405413221105 -1.445724676648168
v -4.032097725945549 0.23036644285053626 -0.0754680202318978
v -4.03132227093923 0.04335985733063297 -0.06189651914615979
v -4.407726273124853 0.13307763906845338 -1.3945825274687098
v -4.406950818118535 -0.05392894645144988 -1.3810110263829722
vt 0.3125 0.375
vt 0.265625 0.375
vt 0.265625 0.03125
vt 0.3125 0.03125
vt 0.359375 0.375
vt 0.3125 0.375
vt 0.3125 0.03125
vt 0.359375 0.03125
vt 0.265625 0.375
vt 0.3125 0.375
vt 0.3125 0.03125
vt 0.265625 0.03125
vt 0.265625 0.375
vt 0.21875 0.375
vt 0.21875 0.03125
vt 0.265625 0.03125
vt 0.265625 0.375
vt 0.3125 0.375
vt 0.3125 0.421875
vt 0.265625 0.421875
vt 0.3125 0.421875
vt 0.359375 0.421875
vt 0.359375 0.375
vt 0.3125 0.375
vn -0.0041357600337012 0.9973684561061523 -0.0723813391239341
vn 0.9619527952069232 -0.015805786326625937 -0.27275812895711166
vn 0.0041357600337012 -0.9973684561061523 0.0723813391239341
vn -0.9619527952069232 0.015805786326625937 0.27275812895711166
vn 0.27318439794858485 0.07075549365969666 0.9593560052631358
vn -0.27318439794858485 -0.07075549365969666 -0.9593560052631358
usemtl m_32106622-412d-50ea-c58d-eafbf6f5adea
f 172/508/127 175/507/127 173/506/127 170/505/127
f 171/512/128 172/511/128 170/510/128 169/509/128
f 176/516/129 171/515/129 169/514/129 174/513/129
f 175/520/130 176/519/130 174/518/130 173/517/130
f 174/524/131 169/523/131 170/522/131 173/521/131
f 175/528/132 172/527/132 171/526/132 176/525/132
o cube
v -4.389186347815146 1.0716166064195156 0.07932756581938882
v -4.549227608551384 1.0053253456832771 0.0075744222509346315
v -3.8629966283131476 -0.19871775078350562 0.07932756581938882
v -4.023037889049386 -0.2650090115197443 0.0075744222509346315
v -4.637615956199703 0.9687136933315954 0.23854430537875615
v -4.477574695463463 1.0350049540678339 0.31029744894721034
v -4.111426236697705 -0.30162066387142583 0.23854430537875615
v -3.951384975961466 -0.23532940313518713 0.31029744894721034
vt 0.046875 0.375
vt 0.109375 0.375
vt 0.109375 0.03125
vt 0.046875 0.03125
vt 0.15625 0.375
vt 0.109375 0.375
vt 0.109375 0.03125
vt 0.15625 0.03125
vt 0.046875 0.375
vt 0.109375 0.375
vt 0.109375 0.03125
vt 0.046875 0.03125
vt 0.109375 0.375
vt 0.15625 0.375
vt 0.15625 0.03125
vt 0.109375 0.03125
vt 0.109375 0.375
vt 0.046875 0.375
vt 0.046875 0.421875
vt 0.109375 0.421875
vt 0.171875 0.421875
vt 0.109375 0.421875
vt 0.109375 0.375
vt 0.171875 0.375
vn -0.853553390593274 -0.3535533905932733 -0.3826834323650899
vn 0.3535533905932739 0.1464466094067261 -0.9238795325112867
vn 0.853553390593274 0.3535533905932733 0.3826834323650899
vn -0.3535533905932739 -0.1464466094067261 0.9238795325112867
vn -0.3826834323650893 0.923879532511287 2.7755575615628914e-17
vn 0.3826834323650893 -0.923879532511287 -2.7755575615628914e-17
usemtl m_32106622-412d-50ea-c58d-eafbf6f5adea
f 180/532/133 183/531/133 181/530/133 178/529/133
f 179/536/134 180/535/134 178/534/134 177/533/134
f 184/540/135 179/539/135 177/538/135 182/537/135
f 183/544/136 184/543/136 182/542/136 181/541/136
f 182/548/137 177/547/137 178/546/137 181/545/137
f 183/552/138 180/551/138 179/550/138 184/549/138
o cube
v -3.9402116547138166 0.17519581317198796 -0.09389984652647687
v -4.206947089274214 0.06471037861159012 -0.2134884191405675
v -3.7967053675769082 -0.17125901151974454 -0.09389984652647687
v -4.063440802137306 -0.2817444460801424 -0.2134884191405675
v -4.42791795839501 -0.026818752267613766 0.3639362886789863
v -4.161182523834613 0.08366668229278407 0.4835248612930769
v -4.284411671258102 -0.37327357695934615 0.3639362886789863
v -4.017676236697705 -0.2627881423989483 0.4835248612930769
vt 0.53125 0.09375
vt 0.6875 0.09375
vt 0.6875 0
vt 0.53125 0
vt 0.453125 0.09375
vt 0.53125 0.09375
vt 0.53125 0
vt 0.453125 0
vt 0.765625 0.09375
vt 0.921875 0.09375
vt 0.921875 0
vt 0.765625 0
vt 0.53125 0.09375
vt 0.453125 0.09375
vt 0.453125 0
vt 0.53125 0
vt 0.6875 0.09375
vt 0.53125 0.09375
vt 0.53125 0.171875
vt 0.6875 0.171875
vt 0.84375 0.171875
vt 0.6875 0.171875
vt 0.6875 0.09375
vt 0.84375 0.09375
vn -0.853553390593274 -0.3535533905932733 -0.3826834323650899
vn 0.3535533905932739 0.1464466094067261 -0.9238795325112867
vn 0.853553390593274 0.3535533905932733 0.3826834323650899
vn -0.3535533905932739 -0.1464466094067261 0.9238795325112867
vn -0.3826834323650893 0.923879532511287 2.7755575615628914e-17
vn 0.3826834323650893 -0.923879532511287 -2.7755575615628914e-17
usemtl m_32106622-412d-50ea-c58d-eafbf6f5adea
f 188/556/139 191/555/139 189/554/139 186/553/139
f 187/560/140 188/559/140 186/558/140 185/557/140
f 192/564/141 187/563/141 185/562/141 190/561/141
f 191/568/142 192/567/142 190/566/142 189/565/142
f 190/572/143 185/571/143 186/570/143 189/569/143
f 191/576/144 188/575/144 187/574/144 192/573/144
o cube
v -4.205127142075555 0.8772583756433749 -0.1516423173084327
v -4.578556750460113 0.722578767258818 -0.31906631896815973
v -3.9181145678017373 0.1843487262599084 -0.1516423173084327
v -4.291544176186294 0.029669117875351425 -0.31906631896815973
v -4.843721793405067 0.6127438102037737 0.3738433304153057
v -4.47029218502051 0.7674234185883306 0.5412673320750327
v -4.55670921913125 -0.08016583917969311 0.3738433304153057
v -4.183279610746693 0.07451376920486386 0.5412673320750327
vt 0.109375 0.890625
vt 0.296875 0.890625
vt 0.296875 0.703125
vt 0.109375 0.703125
vt 0 0.890625
vt 0.109375 0.890625
vt 0.109375 0.703125
vt 0 0.703125
vt 0.40625 0.890625
vt 0.59375 0.890625
vt 0.59375 0.703125
vt 0.40625 0.703125
vt 0.296875 0.890625
vt 0.40625 0.890625
vt 0.40625 0.703125
vt 0.296875 0.703125
vt 0.296875 0.890625
vt 0.109375 0.890625
vt 0.109375 1
vt 0.296875 1
vt 0.484375 1
vt 0.296875 1
vt 0.296875 0.890625
vt 0.484375 0.890625
vn -0.853553390593274 -0.3535533905932733 -0.3826834323650899
vn 0.3535533905932739 0.1464466094067261 -0.9238795325112867
vn 0.853553390593274 0.3535533905932733 0.3826834323650899
vn -0.3535533905932739 -0.1464466094067261 0.9238795325112867
vn -0.3826834323650893 0.923879532511287 2.7755575615628914e-17
vn 0.3826834323650893 -0.923879532511287 -2.7755575615628914e-17
usemtl m_32106622-412d-50ea-c58d-eafbf6f5adea
f 196/580/145 199/579/145 197/578/145 194/577/145
f 195/584/146 196/583/146 194/582/146 193/581/146
f 200/588/147 195/587/147 193/586/147 198/585/147
f 199/592/148 200/591/148 198/590/148 197/589/148
f 198/596/149 193/595/149 194/594/149 197/593/149
f 199/600/150 196/599/150 195/598/150 200/597/150
o cube
v 3.1590593060259593 0.23460448185136096 -1.0483410729083873
v 3.187755415788403 0.41765998318634845 -1.0770371826708305
v 3.552087086135187 -0.029373906300151353 -2.339259185978052
v 3.580783195897631 0.15368159503483614 -2.3679552957404946
v 3.0103846411180815 0.43639886285854435 -1.1348706736728527
v 2.981688531355638 0.25334336152355685 -1.1061745639104095
v 3.4034124212273094 0.17242047470703203 -2.425788786742517
v 3.3747163114648657 -0.010635026627955457 -2.3970926769800736
vt 0.265625 0.375
vt 0.3125 0.375
vt 0.3125 0.03125
vt 0.265625 0.03125
vt 0.21875 0.375
vt 0.265625 0.375
vt 0.265625 0.03125
vt 0.21875 0.03125
vt 0.3125 0.375
vt 0.265625 0.375
vt 0.265625 0.03125
vt 0.3125 0.03125
vt 0.3125 0.375
vt 0.359375 0.375
vt 0.359375 0.03125
vt 0.3125 0.03125
vt 0.3125 0.375
vt 0.265625 0.375
vt 0.265625 0.421875
vt 0.3125 0.421875
vt 0.359375 0.421875
vt 0.3125 0.421875
vt 0.3125 0.375
vt 0.359375 0.375
vn 0.15304591873303036 0.9762960071199335 -0.15304591873303086
vn 0.9459774649083816 -0.09994069158504468 0.30844528534411836
vn -0.15304591873303036 -0.9762960071199335 0.15304591873303086
vn -0.9459774649083816 0.09994069158504468 -0.30844528534411836
vn -0.28583838553398366 0.19198428229200903 0.9388495367779376
vn 0.28583838553398366 -0.19198428229200903 -0.9388495367779376
usemtl m_32106622-412d-50ea-c58d-eafbf6f5adea
f 204/604/151 207/603/151 205/602/151 202/601/151
f 203/608/152 204/607/152 202/606/152 201/605/152
f 208/612/153 203/611/153 201/610/153 206/609/153
f 207/616/154 208/615/154 206/614/154 205/613/154
f 206/620/155 201/619/155 202/618/155 205/617/155
f 207/624/156 204/623/156 203/622/156 208/621/156
o cube
v 3.2999335788790707 0.9075604214006674 -1.663556334197668
v 3.482266204332002 0.8673443641410641 -1.6806949582361748
v 3.0047389229449704 -0.014850461351907818 -2.6395908000274155
v 3.1870715483979017 -0.05506651861151113 -2.6567294240659223
v 3.4993159531586437 1.0004513873508953 -1.81164562237029
v 3.3169833277057124 1.0406674446104986 -1.7945069983317832
v 3.2041212972245434 0.07804050459832013 -2.7876800882000374
v 3.0217886717716116 0.11825656185792344 -2.7705414641615307
vt 0.265625 0.375
vt 0.3125 0.375
vt 0.3125 0.03125
vt 0.265625 0.03125
vt 0.21875 0.375
vt 0.265625 0.375
vt 0.265625 0.03125
vt 0.21875 0.03125
vt 0.3125 0.375
vt 0.265625 0.375
vt 0.265625 0.03125
vt 0.3125 0.03125
vt 0.3125 0.375
vt 0.359375 0.375
vt 0.359375 0.03125
vt 0.3125 0.03125
vt 0.3125 0.375
vt 0.265625 0.375
vt 0.265625 0.421875
vt 0.3125 0.421875
vt 0.359375 0.421875
vt 0.3125 0.421875
vt 0.3125 0.375
vt 0.359375 0.375
vn 0.972440669082302 -0.21448563871788373 -0.09140599487203517
vn -0.09093199374208756 -0.7099041237857685 0.6984035420486135
vn -0.972440669082302 0.21448563871788373 0.09140599487203517
vn 0.09093199374208756 0.7099041237857685 -0.6984035420486135
vn 0.21468702249752775 0.67084427836551 0.7098432478761802
vn -0.21468702249752775 -0.67084427836551 -0.7098432478761802
usemtl m_32106622-412d-50ea-c58d-eafbf6f5adea
f 212/628/157 215/627/157 213/626/157 210/625/157
f 211/632/158 212/631/158 210/630/158 209/629/158
f 216/636/159 211/635/159 209/634/159 214/633/159
f 215/640/160 216/639/160 214/638/160 213/637/160
f 214/644/161 209/643/161 210/642/161 213/641/161
f 215/648/162 212/647/162 211/646/162 216/645/162
o cube
v 4.28184552301842 1.0867584185616828 -1.672231888790014
v 4.220026792721007 0.9904913844804109 -1.8207827310414495
v 3.461839783541021 0.34797145708479915 -0.852226149312614
v 3.4000210532436075 0.2517044230035273 -1.0007769915640496
v 4.03705763311773 1.1577682396575875 -1.8530432387266125
v 4.098876363415144 1.2540352737388594 -1.7044923964751768
v 3.2170518936403303 0.41898127818070396 -1.0330374992492124
v 3.278870623937744 0.5152483122619758 -0.8844866569977768
vt 0.046875 0.375
vt 0.109375 0.375
vt 0.109375 0.03125
vt 0.046875 0.03125
vt 0.15625 0.375
vt 0.109375 0.375
vt 0.109375 0.03125
vt 0.15625 0.03125
vt 0.046875 0.375
vt 0.109375 0.375
vt 0.109375 0.03125
vt 0.046875 0.03125
vt 0.109375 0.375
vt 0.15625 0.375
vt 0.15625 0.03125
vt 0.109375 0.03125
vt 0.109375 0.375
vt 0.046875 0.375
vt 0.046875 0.421875
vt 0.109375 0.421875
vt 0.171875 0.421875
vt 0.109375 0.421875
vt 0.109375 0.375
vt 0.171875 0.375
vn -0.32969989491953916 -0.5134241817667834 -0.792271158674323
vn 0.7318766384131076 -0.6691074207087068 0.12904203074065138
vn 0.32969989491953916 0.5134241817667834 0.792271158674323
vn -0.7318766384131076 0.6691074207087068 -0.12904203074065138
vn 0.5963678105290176 0.5372996083468244 -0.5963678105290181
vn -0.5963678105290176 -0.5372996083468244 0.5963678105290181
usemtl m_32106622-412d-50ea-c58d-eafbf6f5adea
f 220/652/163 223/651/163 221/650/163 218/649/163
f 219/656/164 220/655/164 218/654/164 217/653/164
f 224/660/165 219/659/165 217/658/165 222/657/165
f 223/664/166 224/663/166 222/662/166 221/661/166
f 222/668/167 217/667/167 218/666/167 221/665/167
f 223/672/168 220/671/168 219/670/168 224/669/168
o cube
v 3.8227045821918604 0.4240011688319758 -1.0516686974971237
v 3.719673365029504 0.263556112029856 -1.2992534345828495
v 3.5990666532434785 0.2225138157019167 -0.8280307685487419
v 3.4960354360811228 0.062068758899796905 -1.0756155056344678
v 3.262250466021312 0.6817482499727977 -1.3799047037957566
v 3.3652816831836683 0.8421933067749174 -1.1323199667100308
v 3.0386125370729307 0.48026089684273854 -1.1562667748473747
v 3.1416437542352864 0.6407059536448583 -0.9086820377616489
vt 0.53125 0.09375
vt 0.6875 0.09375
vt 0.6875 0
vt 0.53125 0
vt 0.453125 0.09375
vt 0.53125 0.09375
vt 0.53125 0
vt 0.453125 0
vt 0.765625 0.09375
vt 0.921875 0.09375
vt 0.921875 0
vt 0.765625 0
vt 0.53125 0.09375
vt 0.453125 0.09375
vt 0.453125 0
vt 0.53125 0
vt 0.6875 0.09375
vt 0.53125 0.09375
vt 0.53125 0.171875
vt 0.6875 0.171875
vt 0.84375 0.171875
vt 0.6875 0.171875
vt 0.6875 0.09375
vt 0.84375 0.09375
vn -0.32969989491953916 -0.5134241817667834 -0.792271158674323
vn 0.7318766384131076 -0.6691074207087068 0.12904203074065138
vn 0.32969989491953916 0.5134241817667834 0.792271158674323
vn -0.7318766384131076 0.6691074207087068 -0.12904203074065138
vn 0.5963678105290176 0.5372996083468244 -0.5963678105290181
vn -0.5963678105290176 -0.5372996083468244 0.5963678105290181
usemtl m_32106622-412d-50ea-c58d-eafbf6f5adea
f 228/676/169 231/675/169 229/674/169 226/673/169
f 227/680/170 228/679/170 226/678/170 225/677/170
f 232/684/171 227/683/171 225/682/171 230/681/171
f 231/688/172 232/687/172 230/686/172 229/685/172
f 230/692/173 225/691/173 226/690/173 229/689/173
f 231/696/174 228/695/174 227/694/174 232/693/174
o cube
v 4.315722729989443 0.7851566612978 -1.4908794284725966
v 4.171479025962144 0.5605335817748323 -1.8374980603926128
v 3.8684468720926795 0.38218195503768165 -1.0436035705758329
v 3.7242031680653813 0.15755887551471393 -1.3902222024958493
v 3.622571547152314 1.0623641473063623 -1.9342795834481015
v 3.766815251179612 1.2869872268293299 -1.5876609515280853
v 3.1752956892555506 0.659389441046244 -1.4870037255513378
v 3.3195393932828487 0.8840125205692116 -1.1403850936313216
vt 0.109375 0.890625
vt 0.296875 0.890625
vt 0.296875 0.703125
vt 0.109375 0.703125
vt 0 0.890625
vt 0.109375 0.890625
vt 0.109375 0.703125
vt 0 0.703125
vt 0.40625 0.890625
vt 0.59375 0.890625
vt 0.59375 0.703125
vt 0.40625 0.703125
vt 0.296875 0.890625
vt 0.40625 0.890625
vt 0.40625 0.703125
vt 0.296875 0.703125
vt 0.296875 0.890625
vt 0.109375 0.890625
vt 0.109375 1
vt 0.296875 1
vt 0.484375 1
vt 0.296875 1
vt 0.296875 0.890625
vt 0.484375 0.890625
vn -0.32969989491953916 -0.5134241817667834 -0.792271158674323
vn 0.7318766384131076 -0.6691074207087068 0.12904203074065138
vn 0.32969989491953916 0.5134241817667834 0.792271158674323
vn -0.7318766384131076 0.6691074207087068 -0.12904203074065138
vn 0.5963678105290176 0.5372996083468244 -0.5963678105290181
vn -0.5963678105290176 -0.5372996083468244 0.5963678105290181
usemtl m_32106622-412d-50ea-c58d-eafbf6f5adea
f 236/700/175 239/699/175 237/698/175 234/697/175
f 235/704/176 236/703/176 234/702/176 233/701/176
f 240/708/177 235/707/177 233/706/177 238/705/177
f 239/712/178 240/711/178 238/710/178 237/709/178
f 238/716/179 233/715/179 234/714/179 237/713/179
f 239/720/180 236/719/180 235/718/180 240/717/180
o cube
v 4.515041318696583 0.5514111386938727 -0.3938164151453085
v 4.767046242726654 0.7593357821644644 -0.851710628804125
v 4.624899494261595 0.028850720624943538 -0.5706441299672589
v 4.876904418291666 0.23677536409553523 -1.0285383436260753
v 4.221773687109927 0.7479936230055171 -1.1569551136303318
v 3.9697687630798564 0.5400689795349254 -0.6990608999715153
v 4.331631862674939 0.22543320493658792 -1.3337828284522821
v 4.079626938644869 0.01750856146599622 -0.8758886147934657
vt 0.296875 0.5625
vt 0.140625 0.5625
vt 0.140625 0.421875
vt 0.296875 0.421875
vt 0.4375 0.5625
vt 0.296875 0.5625
vt 0.296875 0.421875
vt 0.4375 0.421875
vt 0.59375 0.5625
vt 0.4375 0.5625
vt 0.4375 0.421875
vt 0.59375 0.421875
vt 0.140625 0.5625
vt 0 0.5625
vt 0 0.421875
vt 0.140625 0.421875
vt 0.140625 0.5625
vt 0.296875 0.5625
vt 0.296875 0.703125
vt 0.140625 0.703125
vt 0.296875 0.703125
vt 0.453125 0.703125
vt 0.453125 0.5625
vt 0.296875 0.5625
vn 0.44800875383123645 0.36964381061438517 -0.8140341576156734
vn 0.8724360889867633 0.01814745465431561 0.488391175721931
vn -0.44800875383123645 -0.36964381061438517 0.8140341576156734
vn -0.8724360889867633 -0.01814745465431561 -0.488391175721931
vn -0.19530342322668884 0.9289962987892073 0.31436038190568927
vn 0.19530342322668884 -0.9289962987892073 -0.31436038190568927
usemtl m_32106622-412d-50ea-c58d-eafbf6f5adea
f 244/724/181 247/723/181 245/722/181 242/721/181
f 243/728/182 244/727/182 242/726/182 241/725/182
f 248/732/183 243/731/183 241/730/183 246/729/183
f 247/736/184 248/735/184 246/734/184 245/733/184
f 246/740/185 241/739/185 242/738/185 245/737/185
f 247/744/186 244/743/186 243/742/186 248/741/186
o cube
v 4.655847718710512 0.1420959796101493 -0.8860787011873978
v 4.767849907168321 0.23450693226374586 -1.0895872405913165
v 4.704673574517184 -0.09015309508715186 -0.9646687966638203
v 4.816675762974993 0.0022578575664442546 -1.168177336067739
v 4.440686373798284 0.2277016367683773 -1.272733931487041
v 4.328684185340475 0.13529068411478073 -1.0692253920831223
v 4.489512229604956 -0.004547437928924314 -1.3513240269634634
v 4.377510041147147 -0.09695839058252043 -1.1478154875595448
vt 0.75 0.9375
vt 0.65625 0.9375
vt 0.65625 0.875
vt 0.75 0.875
vt 0.8125 0.9375
vt 0.75 0.9375
vt 0.75 0.875
vt 0.8125 0.875
vt 0.90625 0.9375
vt 0.8125 0.9375
vt 0.8125 0.875
vt 0.90625 0.875
vt 0.65625 0.9375
vt 0.59375 0.9375
vt 0.59375 0.875
vt 0.65625 0.875
vt 0.65625 0.9375
vt 0.75 0.9375
vt 0.75 1
vt 0.65625 1
vt 0.75 1
vt 0.84375 1
vt 0.84375 0.9375
vt 0.75 0.9375
vn 0.44800875383123645 0.36964381061438517 -0.8140341576156734
vn 0.8724360889867633 0.01814745465431561 0.488391175721931
vn -0.44800875383123645 -0.36964381061438517 0.8140341576156734
vn -0.8724360889867633 -0.01814745465431561 -0.488391175721931
vn -0.19530342322668884 0.9289962987892073 0.31436038190568927
vn 0.19530342322668884 -0.9289962987892073 -0.31436038190568927
usemtl m_32106622-412d-50ea-c58d-eafbf6f5adea
f 252/748/187 255/747/187 253/746/187 250/745/187
f 251/752/188 252/751/188 250/750/188 249/749/188
f 256/756/189 251/755/189 249/754/189 254/753/189
f 255/760/190 256/759/190 254/758/190 253/757/190
f 254/764/191 249/763/191 250/762/191 253/761/191
f 255/768/192 252/767/192 251/766/192 256/765/192
o cube
v -2.1540388681424125 3.2499896662282186 -1.4005102784830425
v -2.276025679674183 3.3728183420484674 -1.4725421062299224
v -2.721189703702893 2.246836700954529 -2.150609643891152
v -2.8431765152346635 2.369665376774778 -2.222641471638032
v -2.3955839730451314 3.335982473957887 -1.332881147804744
v -2.273597161513361 3.2131537981376384 -1.260849320057864
v -2.962734808605612 2.3328295086841973 -2.0829805132128536
v -2.8407479970738416 2.2100008328639484 -2.0109486854659737
vt 0.3125 0.375
vt 0.265625 0.375
vt 0.265625 0.03125
vt 0.3125 0.03125
vt 0.359375 0.375
vt 0.3125 0.375
vt 0.3125 0.03125
vt 0.359375 0.03125
vt 0.265625 0.375
vt 0.3125 0.375
vt 0.3125 0.03125
vt 0.265625 0.03125
vt 0.265625 0.375
vt 0.21875 0.375
vt 0.21875 0.03125
vt 0.265625 0.03125
vt 0.265625 0.375
vt 0.3125 0.375
vt 0.3125 0.421875
vt 0.265625 0.421875
vt 0.3125 0.421875
vt 0.359375 0.421875
vt 0.359375 0.375
vt 0.3125 0.375
vn -0.6505963281694458 0.6550862710413307 -0.38416974798336134
vn 0.6376442313117258 0.19645796314976358 -0.7448584449342872
vn 0.6505963281694458 -0.6550862710413307 0.38416974798336134
vn -0.6376442313117258 -0.19645796314976358 0.7448584449342872
vn 0.4124733349530774 0.7295657929263203 0.5455268112058987
vn -0.4124733349530774 -0.7295657929263203 -0.5455268112058987
usemtl m_32106622-412d-50ea-c58d-eafbf6f5adea
f 260/772/193 263/771/193 261/770/193 258/769/193
f 259/776/194 260/775/194 258/774/194 257/773/194
f 264/780/195 259/779/195 257/778/195 262/777/195
f 263/784/196 264/783/196 262/782/196 261/781/196
f 262/788/197 257/787/197 258/786/197 261/785/197
f 263/792/198 260/791/198 259/790/198 264/789/198
o cube
v -2.1307171351602796 3.1753956793451907 -1.7960457382116441
v -2.1431769377828154 3.3600471330349793 -1.8261263626874618
v -1.6125214198393927 3.414161923637222 -0.5450106143203324
v -1.6249812224619289 3.5988133773270103 -0.57509123879615
v -1.9122070546549947 3.3600471330349793 -1.9217972207787346
v -1.8997472520324585 3.1753956793451907 -1.891716596302917
v -1.3940113393341074 3.5988133773270103 -0.6707620968874224
v -1.3815515367115712 3.414161923637222 -0.6406814724116048
vt 0.046875 0.375
vt 0.109375 0.375
vt 0.109375 0.03125
vt 0.046875 0.03125
vt 0.15625 0.375
vt 0.109375 0.375
vt 0.109375 0.03125
vt 0.15625 0.03125
vt 0.046875 0.375
vt 0.109375 0.375
vt 0.109375 0.03125
vt 0.046875 0.03125
vt 0.109375 0.375
vt 0.15625 0.375
vt 0.15625 0.03125
vt 0.109375 0.03125
vt 0.109375 0.375
vt 0.046875 0.375
vt 0.046875 0.421875
vt 0.109375 0.421875
vt 0.171875 0.421875
vt 0.109375 0.421875
vt 0.109375 0.375
vt 0.171875 0.375
vn -0.06645228065352526 0.9848077530122078 -0.16042999720436155
vn -0.9238795325112866 -8.881784197001254e-16 0.3826834323650899
vn 0.06645228065352526 -0.9848077530122078 0.16042999720436155
vn 0.9238795325112866 8.881784197001254e-16 -0.3826834323650899
vn -0.3768696111424632 -0.17364817766693194 -0.9098437264664092
vn 0.3768696111424632 0.17364817766693194 0.9098437264664092
usemtl m_32106622-412d-50ea-c58d-eafbf6f5adea
f 268/796/199 271/795/199 269/794/199 266/793/199
f 267/800/200 268/799/200 266/798/200 265/797/200
f 272/804/201 267/803/201 265/802/201 270/801/201
f 271/808/202 272/807/202 270/806/202 269/805/202
f 270/812/203 265/811/203 266/810/203 269/809/203
f 271/816/204 268/815/204 267/814/204 272/813/204
o cube
v -1.9270749363636819 3.349043857012122 -0.8144488681767807
v -1.9478412740679083 3.656796279828437 -0.8645832423031434
v -1.7857488321852584 3.414161923637222 -0.4732574707518773
v -1.8065151698894848 3.721914346453536 -0.5233918448782404
v -1.3704165662483545 3.6567962798284372 -1.1037603875313247
v -1.349650228544128 3.349043857012123 -1.053626013404962
v -1.229090462069931 3.721914346453537 -0.7625689901064208
v -1.2083241243657046 3.4141619236372223 -0.7124346159800581
vt 0.53125 0.09375
vt 0.6875 0.09375
vt 0.6875 0
vt 0.53125 0
vt 0.453125 0.09375
vt 0.53125 0.09375
vt 0.53125 0
vt 0.453125 0
vt 0.765625 0.09375
vt 0.921875 0.09375
vt 0.921875 0
vt 0.765625 0
vt 0.53125 0.09375
vt 0.453125 0.09375
vt 0.453125 0
vt 0.53125 0
vt 0.6875 0.09375
vt 0.53125 0.09375
vt 0.53125 0.171875
vt 0.6875 0.171875
vt 0.84375 0.171875
vt 0.6875 0.171875
vt 0.6875 0.09375
vt 0.84375 0.09375
vn -0.06645228065352526 0.9848077530122078 -0.16042999720436155
vn -0.9238795325112866 -8.881784197001254e-16 0.3826834323650899
vn 0.06645228065352526 -0.9848077530122078 0.16042999720436155
vn 0.9238795325112866 8.881784197001254e-16 -0.3826834323650899
vn -0.3768696111424632 -0.17364817766693194 -0.9098437264664092
vn 0.3768696111424632 0.17364817766693194 0.9098437264664092
usemtl m_32106622-412d-50ea-c58d-eafbf6f5adea
f 276/820/205 279/819/205 277/818/205 274/817/205
f 275/824/206 276/823/206 274/822/206 273/821/206
f 280/828/207 275/827/207 273/826/207 278/825/207
f 279/832/208 280/831/208 278/830/208 277/829/208
f 278/836/209 273/835/209 274/834/209 277/833/209
f 279/840/210 276/839/210 275/838/210 280/837/210
o cube
v -2.2674696155024856 3.2188077237619233 -1.4729139485037699
v -2.2965424882884027 3.6496611157047636 -1.5431020722806776
v -1.9848174071456377 3.349043857012122 -0.790531153653963
v -2.0138902799315552 3.7798972489549625 -0.8607192774308707
v -1.6036328389049377 3.6496611157047645 -1.8301146465544953
v -1.5745599661190202 3.218807723761924 -1.7599265227775875
v -1.3209806305480898 3.7798972489549634 -1.1477318517046884
v -1.2919077577621723 3.3490438570121226 -1.0775437279277806
vt 0.109375 0.890625
vt 0.296875 0.890625
vt 0.296875 0.703125
vt 0.109375 0.703125
vt 0 0.890625
vt 0.109375 0.890625
vt 0.109375 0.703125
vt 0 0.703125
vt 0.40625 0.890625
vt 0.59375 0.890625
vt 0.59375 0.703125
vt 0.40625 0.703125
vt 0.296875 0.890625
vt 0.40625 0.890625
vt 0.40625 0.703125
vt 0.296875 0.703125
vt 0.296875 0.890625
vt 0.109375 0.890625
vt 0.109375 1
vt 0.296875 1
vt 0.484375 1
vt 0.296875 1
vt 0.296875 0.890625
vt 0.484375 0.890625
vn -0.06645228065352526 0.9848077530122078 -0.16042999720436155
vn -0.9238795325112866 -8.881784197001254e-16 0.3826834323650899
vn 0.06645228065352526 -0.9848077530122078 0.16042999720436155
vn 0.9238795325112866 8.881784197001254e-16 -0.3826834323650899
vn -0.3768696111424632 -0.17364817766693194 -0.9098437264664092
vn 0.3768696111424632 0.17364817766693194 0.9098437264664092
usemtl m_32106622-412d-50ea-c58d-eafbf6f5adea
f 284/844/211 287/843/211 285/842/211 282/841/211
f 283/848/212 284/847/212 282/846/212 281/845/212
f 288/852/213 283/851/213 281/850/213 286/849/213
f 287/856/214 288/855/214 286/854/214 285/853/214
f 286/860/215 281/859/215 282/858/215 285/857/215
f 287/864/216 284/863/216 283/862/216 288/861/216
o cube
v -1.2731060264426217 4.540068979534926 1.2332690641610868
v -1.1275203135724547 4.747993623005517 0.7312945699427924
v -1.2257514111011023 4.017508561465997 1.0305515269979624
v -1.0801656982309353 4.2254332049365875 0.5285770327796679
v -1.7289266803843661 4.759335782164465 0.561569093411691
v -1.8745123932545331 4.551411138693872 1.0635435876299855
v -1.6815720650428467 4.236775364095536 0.35885155624856657
v -1.8271577779130137 4.028850720624943 0.860826050466861
vt 0.140625 0.5625
vt 0.296875 0.5625
vt 0.296875 0.421875
vt 0.140625 0.421875
vt 0 0.5625
vt 0.140625 0.5625
vt 0.140625 0.421875
vt 0 0.421875
vt 0.4375 0.5625
vt 0.59375 0.5625
vt 0.59375 0.421875
vt 0.4375 0.421875
vt 0.296875 0.5625
vt 0.4375 0.5625
vt 0.4375 0.421875
vt 0.296875 0.421875
vt 0.296875 0.5625
vt 0.140625 0.5625
vt 0.140625 0.703125
vt 0.296875 0.703125
vt 0.453125 0.703125
vt 0.296875 0.703125
vt 0.296875 0.5625
vt 0.453125 0.5625
vn 0.2588190451025197 0.36964381061438517 -0.8923991008325234
vn 0.9622501868990586 -0.018147454654315637 0.27156076244976246
vn -0.2588190451025197 -0.36964381061438517 0.8923991008325234
vn -0.9622501868990586 0.018147454654315637 -0.27156076244976246
vn -0.08418598282936779 0.9289962987892073 0.3603867327344436
vn 0.08418598282936779 -0.9289962987892073 -0.3603867327344436
usemtl m_32106622-412d-50ea-c58d-eafbf6f5adea
f 292/868/217 295/867/217 293/866/217 290/865/217
f 291/872/218 292/871/218 290/870/218 289/869/218
f 296/876/219 291/875/219 289/874/219 294/873/219
f 295/880/220 296/879/220 294/878/220 293/877/220
f 294/884/221 289/883/221 290/882/221 293/881/221
f 295/888/222 292/887/222 291/886/222 296/885/222
o cube
v -1.2651517328689472 4.13529068411478 0.7177317126815786
v -1.2004469715933173 4.227701636768377 0.4946319374734478
v -1.2441052371616053 3.9030416094174796 0.6276350294979677
v -1.1794004758859753 3.9954525620710757 0.40453525428983683
v -1.5612907916804648 4.234506932263746 0.39279665155478694
v -1.6259955529560948 4.142095979610149 0.6158964267629178
v -1.5402442959731228 4.002257857566445 0.30269996837117596
v -1.6049490572487528 3.909846904912848 0.5257997435793068
vt 0.65625 0.9375
vt 0.75 0.9375
vt 0.75 0.875
vt 0.65625 0.875
vt 0.59375 0.9375
vt 0.65625 0.9375
vt 0.65625 0.875
vt 0.59375 0.875
vt 0.8125 0.9375
vt 0.90625 0.9375
vt 0.90625 0.875
vt 0.8125 0.875
vt 0.75 0.9375
vt 0.8125 0.9375
vt 0.8125 0.875
vt 0.75 0.875
vt 0.75 0.9375
vt 0.65625 0.9375
vt 0.65625 1
vt 0.75 1
vt 0.84375 1
vt 0.75 1
vt 0.75 0.9375
vt 0.84375 0.9375
vn 0.2588190451025197 0.36964381061438517 -0.8923991008325234
vn 0.9622501868990586 -0.018147454654315637 0.27156076244976246
vn -0.2588190451025197 -0.36964381061438517 0.8923991008325234
vn -0.9622501868990586 0.018147454654315637 -0.27156076244976246
vn -0.08418598282936779 0.9289962987892073 0.3603867327344436
vn 0.08418598282936779 -0.9289962987892073 -0.3603867327344436
usemtl m_32106622-412d-50ea-c58d-eafbf6f5adea
f 300/892/223 303/891/223 301/890/223 298/889/223
f 299/896/224 300/895/224 298/894/224 297/893/224
f 304/900/225 299/899/225 297/898/225 302/897/225
f 303/904/226 304/903/226 302/902/226 301/901/226
f 302/908/227 297/907/227 298/906/227 301/905/227
f 303/912/228 300/911/228 299/910/228 304/909/228
o cube
v -0.821942222826288 0.748396209196994 -3.274283223546815
v -0.7961114049911231 0.8301760760148085 -3.4410197589349165
v 0.33205284278330716 0.022146164094115406 -3.4517128167289175
v 0.3578836606184721 0.10392603091192987 -3.618449352117019
v -0.8947314666972153 0.6935724486732422 -3.523298446492589
v -0.9205622845323802 0.6117925818554277 -3.3565619111044875
v 0.25926359891237993 -0.03267759642963641 -3.7007280396746918
v 0.233432781077215 -0.11445746324745087 -3.53399150428659
vt 0.265625 0.375
vt 0.3125 0.375
vt 0.3125 0.03125
vt 0.265625 0.03125
vt 0.21875 0.375
vt 0.265625 0.375
vt 0.265625 0.03125
vt 0.21875 0.03125
vt 0.3125 0.375
vt 0.265625 0.375
vt 0.265625 0.03125
vt 0.3125 0.03125
vt 0.3125 0.375
vt 0.359375 0.375
vt 0.359375 0.03125
vt 0.3125 0.03125
vt 0.3125 0.375
vt 0.265625 0.375
vt 0.265625 0.421875
vt 0.3125 0.421875
vt 0.359375 0.421875
vt 0.3125 0.421875
vt 0.3125 0.375
vt 0.359375 0.375
vn 0.1377643617875461 0.43615928969500556 -0.8892615220698681
vn 0.5259736624324923 0.7285526791550192 0.43881966697425323
vn -0.1377643617875461 -0.43615928969500556 0.8892615220698681
vn -0.5259736624324923 -0.7285526791550192 -0.43881966697425323
vn -0.8392691386251615 0.5281818509839127 0.12903970413243845
vn 0.8392691386251615 -0.5281818509839127 -0.12903970413243845
usemtl m_32106622-412d-50ea-c58d-eafbf6f5adea
f 308/916/229 311/915/229 309/914/229 306/913/229
f 307/920/230 308/919/230 306/918/230 305/917/230
f 312/924/231 307/923/231 305/922/231 310/921/231
f 311/928/232 312/927/232 310/926/232 309/925/232
f 310/932/233 305/931/233 306/930/233 309/929/233
f 311/936/234 308/935/234 307/934/234 312/933/234
o cube
v 3.706704992306272 1.5367969476961427 2.0364079767478893
v 4.237810855157138 1.605865087428691 2.2083451877271445
v 3.8494291175266824 1.0514410843387063 1.7905101118026483
v 4.380534980377549 1.1205092240712544 1.9624473227819035
v 4.3691037448008565 1.9123093062233143 1.6796873419550842
v 3.83799788194999 1.843241166490766 1.507750130975829
v 4.511827870021267 1.4269534428658779 1.433789477009844
v 3.980722007170401 1.3578853031333296 1.2618522660305889
vt 0.296875 0.5625
vt 0.140625 0.5625
vt 0.140625 0.421875
vt 0.296875 0.421875
vt 0.4375 0.5625
vt 0.296875 0.5625
vt 0.296875 0.421875
vt 0.4375 0.421875
vt 0.59375 0.5625
vt 0.4375 0.5625
vt 0.4375 0.421875
vt 0.59375 0.421875
vt 0.140625 0.5625
vt 0 0.5625
vt 0 0.421875
vt 0.140625 0.421875
vt 0.140625 0.5625
vt 0.296875 0.5625
vt 0.296875 0.703125
vt 0.140625 0.703125
vt 0.296875 0.703125
vt 0.453125 0.703125
vt 0.453125 0.5625
vt 0.296875 0.5625
vn 0.944188200623758 0.12278780396897432 0.3056661528520077
vn -0.21006862342994934 -0.4903107500713975 0.8458525532352964
vn -0.944188200623758 -0.12278780396897432 -0.3056661528520077
vn 0.21006862342994934 0.4903107500713975 -0.8458525532352964
vn -0.2537317781696181 0.8628548681909957 0.43715175990264915
vn 0.2537317781696181 -0.8628548681909957 -0.43715175990264915
usemtl m_32106622-412d-50ea-c58d-eafbf6f5adea
f 316/940/235 319/939/235 317/938/235 314/937/235
f 315/944/236 316/943/236 314/942/236 313/941/236
f 320/948/237 315/947/237 313/946/237 318/945/237
f 319/952/238 320/951/238 318/950/238 317/949/238
f 318/956/239 313/955/239 314/954/239 317/953/239
f 319/960/240 316/959/240 315/958/240 320/957/240
o cube
v 4.170746508150353 1.1511011168379357 1.78029921541449
v 4.406793558306292 1.1817980678301792 1.8567157536274923
v 4.234179452692757 0.935387399790186 1.6710112754388273
v 4.470226502848697 0.9660843507824296 1.7474278136518295
v 4.485569292092523 1.3656645991069531 1.5395210461642552
v 4.2495222419365835 1.3349676481147095 1.463104507951253
v 4.549002236634928 1.1499508820592033 1.4302331061885933
v 4.312955186478988 1.1192539310669598 1.3538165679755911
vt 0.75 0.9375
vt 0.65625 0.9375
vt 0.65625 0.875
vt 0.75 0.875
vt 0.8125 0.9375
vt 0.75 0.9375
vt 0.75 0.875
vt 0.8125 0.875
vt 0.90625 0.9375
vt 0.8125 0.9375
vt 0.8125 0.875
vt 0.90625 0.875
vt 0.65625 0.9375
vt 0.59375 0.9375
vt 0.59375 0.875
vt 0.65625 0.875
vt 0.65625 0.9375
vt 0.75 0.9375
vt 0.75 1
vt 0.65625 1
vt 0.75 1
vt 0.84375 1
vt 0.84375 0.9375
vt 0.75 0.9375
vn 0.944188200623758 0.12278780396897432 0.3056661528520077
vn -0.21006862342994934 -0.4903107500713975 0.8458525532352964
vn -0.944188200623758 -0.12278780396897432 -0.3056661528520077
vn 0.21006862342994934 0.4903107500713975 -0.8458525532352964
vn -0.2537317781696181 0.8628548681909957 0.43715175990264915
vn 0.2537317781696181 -0.8628548681909957 -0.43715175990264915
usemtl m_32106622-412d-50ea-c58d-eafbf6f5adea
f 324/964/241 327/963/241 325/962/241 322/961/241
f 323/968/242 324/967/242 322/966/242 321/965/242
f 328/972/243 323/971/243 321/970/243 326/969/243
f 327/976/244 328/975/244 326/974/244 325/973/244
f 326/980/245 321/979/245 322/978/245 325/977/245
f 327/984/246 324/983/246 323/982/246 328/981/246
o cube
v 3.953629260827798 0.8800302572783367 1.016752047916416
v 3.9946958925639793 1.0594363669174305 1.0525742419029749
v 5.289855262975225 0.6099976984886961 0.8372875991288486
v 5.330921894711405 0.7894038081277899 0.8731097931154075
v 3.9783149035662686 1.0996084014533607 0.8701622882357309
v 3.937248271830087 0.9202022918142669 0.8343400942491721
v 5.314540905713695 0.8295758426637201 0.6906978394481635
v 5.273474273977514 0.6501697330246263 0.6548756454616047
vt 0.265625 0.375
vt 0.3125 0.375
vt 0.3125 0.03125
vt 0.265625 0.03125
vt 0.21875 0.375
vt 0.265625 0.375
vt 0.265625 0.03125
vt 0.21875 0.03125
vt 0.3125 0.375
vt 0.265625 0.375
vt 0.265625 0.03125
vt 0.3125 0.03125
vt 0.3125 0.375
vt 0.359375 0.375
vt 0.359375 0.03125
vt 0.3125 0.03125
vt 0.3125 0.375
vt 0.265625 0.375
vt 0.265625 0.421875
vt 0.3125 0.421875
vt 0.359375 0.421875
vt 0.3125 0.421875
vt 0.3125 0.375
vt 0.359375 0.375
vn 0.21902203592630015 0.9568325847418294 0.19105170126164467
vn 0.08736527465445827 -0.21425085085829526 0.9728637528919698
vn -0.21902203592630015 -0.9568325847418294 -0.19105170126164467
vn -0.08736527465445827 0.21425085085829526 -0.9728637528919698
vn -0.971800728834492 0.1963873154833751 0.13051959911823105
vn 0.971800728834492 -0.1963873154833751 -0.13051959911823105
usemtl m_32106622-412d-50ea-c58d-eafbf6f5adea
f 332/988/247 335/987/247 333/986/247 330/985/247
f 331/992/248 332/991/248 330/990/248 329/989/248
f 336/996/249 331/995/249 329/994/249 334/993/249
f 335/1000/250 336/999/250 334/998/250 333/997/250
f 334/1004/251 329/1003/251 330/1002/251 333/1001/251
f 335/1008/252 332/1007/252 331/1006/252 336/1005/252
o cube
v 3.591851494011576 1.2006854550310173 1.9725279924264276
v 3.7562938175233676 1.2904312389504344 1.964739121729532
v 4.248087016915484 0.02090463163497347 2.233482293456297
v 4.412529340427275 0.11065041555439059 2.2256934227594014
v 3.766643190635339 1.2555052278767214 1.7808116517130381
v 3.6022008671235475 1.1657594439573042 1.7886005224099337
v 4.422878713539246 0.07572440448067752 2.0417659527429075
v 4.258436390027455 -0.0140213794387396 2.049554823439803
vt 0.3125 0.375
vt 0.265625 0.375
vt 0.265625 0.03125
vt 0.3125 0.03125
vt 0.359375 0.375
vt 0.3125 0.375
vt 0.3125 0.03125
vt 0.359375 0.03125
vt 0.265625 0.375
vt 0.3125 0.375
vt 0.3125 0.03125
vt 0.265625 0.03125
vt 0.265625 0.375
vt 0.21875 0.375
vt 0.21875 0.03125
vt 0.265625 0.03125
vt 0.265625 0.375
vt 0.3125 0.375
vt 0.3125 0.421875
vt 0.265625 0.421875
vt 0.3125 0.421875
vt 0.359375 0.421875
vt 0.359375 0.375
vt 0.3125 0.375
vn 0.8770257253962164 0.4786441809035566 -0.0415406437167766
vn -0.05519665659717899 0.18627205905980168 0.9809465067546319
vn -0.8770257253962164 -0.4786441809035566 0.0415406437167766
vn 0.05519665659717899 -0.18627205905980168 -0.9809465067546319
vn -0.4772621984755692 0.8580224170153047 -0.18978494620354094
vn 0.4772621984755692 -0.8580224170153047 0.18978494620354094
usemtl m_32106622-412d-50ea-c58d-eafbf6f5adea
f 340/1012/253 343/1011/253 341/1010/253 338/1009/253
f 339/1016/254 340/1015/254 338/1014/254 337/1013/254
f 344/1020/255 339/1019/255 337/1018/255 342/1017/255
f 343/1024/256 344/1023/256 342/1022/256 341/1021/256
f 342/1028/257 337/1027/257 338/1026/257 341/1025/257
f 343/1032/258 340/1031/258 339/1030/258 344/1029/258
o cube
v 3.884318523634845 1.2706578780403073 1.663336522082444
v 4.029922772074851 1.1563690996365779 1.693231805442947
v 3.1160678439070737 0.19377392545426309 1.2881874240421052
v 3.261672092347079 0.07948514705053378 1.318082707402608
v 4.1027170344198005 1.1870660506288186 1.4560426560928246
v 3.9571127859797945 1.301354829032548 1.4261473727323217
v 3.3344663546920286 0.11018209804277457 1.0808935580524857
v 3.188862106252023 0.224470876446504 1.0509982746919828
vt 0.109375 0.375
vt 0.046875 0.375
vt 0.046875 0.03125
vt 0.109375 0.03125
vt 0.15625 0.375
vt 0.109375 0.375
vt 0.109375 0.03125
vt 0.15625 0.03125
vt 0.109375 0.375
vt 0.046875 0.375
vt 0.046875 0.03125
vt 0.109375 0.03125
vt 0.109375 0.375
vt 0.15625 0.375
vt 0.15625 0.03125
vt 0.109375 0.03125
vt 0.046875 0.375
vt 0.109375 0.375
vt 0.109375 0.421875
vt 0.046875 0.421875
vt 0.109375 0.421875
vt 0.171875 0.421875
vt 0.171875 0.375
vt 0.109375 0.375
vn 0.776555991680025 -0.6095401514865536 0.1594415112560157
vn -0.29117704937979805 -0.12278780396896367 0.9487565974004892
vn -0.776555991680025 0.6095401514865536 -0.1594415112560157
vn 0.29117704937979805 0.12278780396896367 -0.9487565974004892
vn 0.5587277670747424 0.7831883291534857 0.272835707665701
vn -0.5587277670747424 -0.7831883291534857 -0.272835707665701
usemtl m_32106622-412d-50ea-c58d-eafbf6f5adea
f 348/1036/259 351/1035/259 349/1034/259 346/1033/259
f 347/1040/260 348/1039/260 346/1038/260 345/1037/260
f 352/1044/261 347/1043/261 345/1042/261 350/1041/261
f 351/1048/262 352/1047/262 350/1046/262 349/1045/262
f 350/1052/263 345/1051/263 346/1050/263 349/1049/263
f 351/1056/264 348/1055/264 347/1054/264 352/1053/264
o cube
v 3.2709950598013897 0.464446835642639 1.568392676429335
v 3.513668807201399 0.2739655383030897 1.6182181486968403
v 3.0614721471483612 0.17075121221008238 1.466079286054697
v 3.304145894548371 -0.019730085129467057 1.5159047583222023
v 3.695654463063773 0.3507079157836921 1.0252452753215344
v 3.452980715663763 0.5411892131232414 0.9754198030540291
v 3.486131550410745 0.05701229235113536 0.9229318849468964
v 3.2434578030107355 0.2474935896906847 0.873106412679391
vt 0.6875 0.09375
vt 0.53125 0.09375
vt 0.53125 0
vt 0.6875 0
vt 0.453125 0.09375
vt 0.53125 0.09375
vt 0.53125 0
vt 0.453125 0
vt 0.921875 0.09375
vt 0.765625 0.09375
vt 0.765625 0
vt 0.921875 0
vt 0.53125 0.09375
vt 0.453125 0.09375
vt 0.453125 0
vt 0.53125 0
vt 0.53125 0.09375
vt 0.6875 0.09375
vt 0.6875 0.171875
vt 0.53125 0.171875
vt 0.6875 0.171875
vt 0.84375 0.171875
vt 0.84375 0.09375
vt 0.6875 0.09375
vn 0.776555991680025 -0.6095401514865536 0.1594415112560157
vn -0.29117704937979805 -0.12278780396896367 0.9487565974004892
vn -0.776555991680025 0.6095401514865536 -0.1594415112560157
vn 0.29117704937979805 0.12278780396896367 -0.9487565974004892
vn 0.5587277670747424 0.7831883291534857 0.272835707665701
vn -0.5587277670747424 -0.7831883291534857 -0.272835707665701
usemtl m_32106622-412d-50ea-c58d-eafbf6f5adea
f 356/1060/265 359/1059/265 357/1058/265 354/1057/265
f 355/1064/266 356/1063/266 354/1062/266 353/1061/266
f 360/1068/267 355/1067/267 353/1066/267 358/1065/267
f 359/1072/268 360/1071/268 358/1070/268 357/1069/268
f 358/1076/269 353/1075/269 354/1074/269 357/1073/269
f 359/1080/270 356/1079/270 355/1078/270 360/1077/270
o cube
v 3.6718423195212098 1.044163844759694 1.8323167445161417
v 4.011585565881222 0.7774900284843254 1.9020724056906486
v 3.2527964942151524 0.4567725978945789 1.6276899637668656
v 3.5925397405751647 0.19009878161921034 1.6974456249413725
v 4.229968352916071 0.8695808814610482 1.1905049576402815
v 3.8902251065560582 1.1362546977364167 1.1207492964657746
v 3.810922527610013 0.28218963459593316 0.9858781768910054
v 3.4711792812500004 0.5488634508713017 0.9161225157164985
vt 0.296875 0.890625
vt 0.109375 0.890625
vt 0.109375 0.703125
vt 0.296875 0.703125
vt 0.40625 0.890625
vt 0.296875 0.890625
vt 0.296875 0.703125
vt 0.40625 0.703125
vt 0.59375 0.890625
vt 0.40625 0.890625
vt 0.40625 0.703125
vt 0.59375 0.703125
vt 0.109375 0.890625
vt 0 0.890625
vt 0 0.703125
vt 0.109375 0.703125
vt 0.109375 0.890625
vt 0.296875 0.890625
vt 0.296875 1
vt 0.109375 1
vt 0.296875 1
vt 0.484375 1
vt 0.484375 0.890625
vt 0.296875 0.890625
vn 0.776555991680025 -0.6095401514865536 0.1594415112560157
vn -0.29117704937979805 -0.12278780396896367 0.9487565974004892
vn -0.776555991680025 0.6095401514865536 -0.1594415112560157
vn 0.29117704937979805 0.12278780396896367 -0.9487565974004892
vn 0.5587277670747424 0.7831883291534857 0.272835707665701
vn -0.5587277670747424 -0.7831883291534857 -0.272835707665701
usemtl m_32106622-412d-50ea-c58d-eafbf6f5adea
f 364/1084/271 367/1083/271 365/1082/271 362/1081/271
f 363/1088/272 364/1087/272 362/1086/272 361/1085/272
f 368/1092/273 363/1091/273 361/1090/273 366/1089/273
f 367/1096/274 368/1095/274 366/1094/274 365/1093/274
f 366/1100/275 361/1099/275 362/1098/275 365/1097/275
f 367/1104/276 364/1103/276 363/1102/276 368/1101/276
o cube
v 0.11492022591592432 2.3247916374108923 -1.813773898722184
v 0.21383645862856593 2.454795248673121 -1.9058113365652596
v -0.48326628903850466 1.9455667121005824 -2.992326548946208
v -0.38435005632586305 2.07557032336281 -3.084363986789284
v 0.07702264693141281 2.579619643147553 -1.8765350411543409
v -0.021893585781228797 2.4496160318853244 -1.7844976033112654
v -0.5211638680230157 2.200394717837243 -3.0550876913783647
v -0.6200801007356578 2.0703911065750145 -2.963050253535289
vt 0.265625 0.375
vt 0.3125 0.375
vt 0.3125 0.03125
vt 0.265625 0.03125
vt 0.21875 0.375
vt 0.265625 0.375
vt 0.265625 0.03125
vt 0.21875 0.03125
vt 0.3125 0.375
vt 0.265625 0.375
vt 0.265625 0.03125
vt 0.3125 0.03125
vt 0.3125 0.375
vt 0.359375 0.375
vt 0.359375 0.03125
vt 0.3125 0.03125
vt 0.3125 0.375
vt 0.265625 0.375
vt 0.265625 0.421875
vt 0.3125 0.421875
vt 0.359375 0.421875
vt 0.3125 0.421875
vt 0.3125 0.375
vt 0.359375 0.375
vn 0.5275532411340903 0.693352593398549 -0.4908663351630695
vn 0.7296736623848141 -0.6657301038636387 -0.15614024219156758
vn -0.5275532411340903 -0.693352593398549 0.4908663351630695
vn -0.7296736623848141 0.6657301038636387 0.15614024219156758
vn 0.43504473814867495 0.2757999456802253 0.8571292001629252
vn -0.43504473814867495 -0.2757999456802253 -0.8571292001629252
usemtl m_32106622-412d-50ea-c58d-eafbf6f5adea
f 372/1108/277 375/1107/277 373/1106/277 370/1105/277
f 371/1112/278 372/1111/278 370/1110/278 369/1109/278
f 376/1116/279 371/1115/279 369/1114/279 374/1113/279
f 375/1120/280 376/1119/280 374/1118/280 373/1117/280
f 374/1124/281 369/1123/281 370/1122/281 373/1121/281
f 375/1128/282 372/1127/282 371/1126/282 376/1125/282
o cube
v 1.5093022064917936 2.843440830249513 -1.6588807984606353
v 1.4741749890549072 2.986771318433127 -1.7745471278404015
v 0.19208712911817805 2.456981581596609 -1.7377394636171797
v 0.15695991168129175 2.6003120697802236 -1.8534057929969459
v 1.4198688812042997 3.131825716033857 -1.5783073041888107
v 1.454996098641186 2.988495227850243 -1.4626409748090445
v 0.10265380383068423 2.7453664673809532 -1.657165969345355
v 0.13778102126757052 2.602035979197339 -1.541499639965589
vt 0.046875 0.375
vt 0.109375 0.375
vt 0.109375 0.03125
vt 0.046875 0.03125
vt 0.15625 0.375
vt 0.109375 0.375
vt 0.109375 0.03125
vt 0.15625 0.03125
vt 0.046875 0.375
vt 0.109375 0.375
vt 0.109375 0.03125
vt 0.046875 0.03125
vt 0.109375 0.375
vt 0.15625 0.375
vt 0.15625 0.03125
vt 0.109375 0.03125
vt 0.109375 0.375
vt 0.046875 0.375
vt 0.046875 0.421875
vt 0.109375 0.421875
vt 0.171875 0.421875
vt 0.109375 0.421875
vt 0.109375 0.375
vt 0.171875 0.375
vn -0.18734515966339355 0.7644292703126101 -0.616887090025418
vn 0.21722443140243028 -0.5802175904029212 -0.7849592946063632
vn 0.18734515966339355 -0.7644292703126101 0.616887090025418
vn -0.21722443140243028 0.5802175904029212 0.7849592946063632
vn 0.9579746017262611 0.28106127174756507 0.05735175647748639
vn -0.9579746017262611 -0.28106127174756507 -0.05735175647748639
usemtl m_32106622-412d-50ea-c58d-eafbf6f5adea
f 380/1132/283 383/1131/283 381/1130/283 378/1129/283
f 379/1136/284 380/1135/284 378/1134/284 377/1133/284
f 384/1140/285 379/1139/285 377/1138/285 382/1137/285
f 383/1144/286 384/1143/286 382/1142/286 381/1141/286
f 382/1148/287 377/1147/287 378/1146/287 381/1145/287
f 383/1152/288 380/1151/288 379/1150/288 384/1149/288
o cube
v 0.5920571856534811 2.4535887603013977 -1.8634124226768147
v 0.5335118232586705 2.6924729072740883 -2.0561896383097578
v 0.23281671000613313 2.348190783396061 -1.8849193313558725
v 0.17427134761132257 2.5870749303687517 -2.0776965469888156
v 0.3977465536321517 3.055108901275914 -1.5655900791807813
v 0.4562919160269623 2.8162247543032235 -1.3728128635478383
v 0.038506077984803766 2.949710924370577 -1.587096987859839
v 0.09705144037961433 2.7108267773978865 -1.394319772226896
vt 0.53125 0.09375
vt 0.6875 0.09375
vt 0.6875 0
vt 0.53125 0
vt 0.453125 0.09375
vt 0.53125 0.09375
vt 0.53125 0
vt 0.453125 0
vt 0.765625 0.09375
vt 0.921875 0.09375
vt 0.921875 0
vt 0.765625 0
vt 0.53125 0.09375
vt 0.453125 0.09375
vt 0.453125 0
vt 0.53125 0
vt 0.6875 0.09375
vt 0.53125 0.09375
vt 0.53125 0.171875
vt 0.6875 0.171875
vt 0.84375 0.171875
vt 0.6875 0.171875
vt 0.6875 0.09375
vt 0.84375 0.09375
vn -0.18734515966339355 0.7644292703126101 -0.616887090025418
vn 0.21722443140243028 -0.5802175904029212 -0.7849592946063632
vn 0.18734515966339355 -0.7644292703126101 0.616887090025418
vn -0.21722443140243028 0.5802175904029212 0.7849592946063632
vn 0.9579746017262611 0.28106127174756507 0.05735175647748639
vn -0.9579746017262611 -0.28106127174756507 -0.05735175647748639
usemtl m_32106622-412d-50ea-c58d-eafbf6f5adea
f 388/1156/289 391/1155/289 389/1154/289 386/1153/289
f 387/1160/290 388/1159/290 386/1158/290 385/1157/290
f 392/1164/291 387/1163/291 385/1162/291 390/1161/291
f 391/1168/292 392/1167/292 390/1166/292 389/1165/292
f 390/1172/293 385/1171/293 386/1170/293 389/1169/293
f 391/1176/294 388/1175/294 387/1174/294 392/1173/294
o cube
v 1.3241146639108334 2.628121114711891 -1.869458561231598
v 1.2421511565580987 2.9625589204736578 -2.1393466631177187
v 0.6056337126161322 2.4173251609012154 -1.9124723785897126
v 0.5236702052633975 2.751762966662982 -2.1823604804758334
v 1.0792328330062761 3.397722113275848 -1.5506271921629464
v 1.1611963403590109 3.063284307514081 -1.2807390902768256
v 0.3607518817115749 3.186926159465173 -1.5936410095210611
v 0.44271538906430963 2.8524883537034063 -1.3237529076349404
vt 0.109375 0.890625
vt 0.296875 0.890625
vt 0.296875 0.703125
vt 0.109375 0.703125
vt 0 0.890625
vt 0.109375 0.890625
vt 0.109375 0.703125
vt 0 0.703125
vt 0.40625 0.890625
vt 0.59375 0.890625
vt 0.59375 0.703125
vt 0.40625 0.703125
vt 0.296875 0.890625
vt 0.40625 0.890625
vt 0.40625 0.703125
vt 0.296875 0.703125
vt 0.296875 0.890625
vt 0.109375 0.890625
vt 0.109375 1
vt 0.296875 1
vt 0.484375 1
vt 0.296875 1
vt 0.296875 0.890625
vt 0.484375 0.890625
vn -0.18734515966339355 0.7644292703126101 -0.616887090025418
vn 0.21722443140243028 -0.5802175904029212 -0.7849592946063632
vn 0.18734515966339355 -0.7644292703126101 0.616887090025418
vn -0.21722443140243028 0.5802175904029212 0.7849592946063632
vn 0.9579746017262611 0.28106127174756507 0.05735175647748639
vn -0.9579746017262611 -0.28106127174756507 -0.05735175647748639
usemtl m_32106622-412d-50ea-c58d-eafbf6f5adea
f 396/1180/295 399/1179/295 397/1178/295 394/1177/295
f 395/1184/296 396/1183/296 394/1182/296 393/1181/296
f 400/1188/297 395/1187/297 393/1186/297 398/1185/297
f 399/1192/298 400/1191/298 398/1190/298 397/1189/298
f 398/1196/299 393/1195/299 394/1194/299 397/1193/299
f 399/1200/300 396/1199/300 395/1198/300 400/1197/300
o cube
v 0.27205408630722405 1.8461640603579648 -2.9636897261288757
v -0.19133063167283204 2.1385722551411623 -3.0908836755375466
v 0.043915455741364795 1.3853910354454069 -3.191828356694735
v -0.4194692622386911 1.6777992302286042 -3.319022306103406
v -0.43887067304306804 1.987069832324847 -2.5373532393380476
v 0.024514044936988055 1.69466163754165 -2.4101592899293767
v -0.6670093036089271 1.5262968074122893 -2.765491869903907
v -0.2036245856288712 1.233888612629092 -2.638297920495236
vt 0.140625 0.5625
vt 0.296875 0.5625
vt 0.296875 0.421875
vt 0.140625 0.421875
vt 0 0.5625
vt 0.140625 0.5625
vt 0.140625 0.421875
vt 0 0.421875
vt 0.4375 0.5625
vt 0.59375 0.5625
vt 0.59375 0.421875
vt 0.4375 0.421875
vt 0.296875 0.5625
vt 0.4375 0.5625
vt 0.4375 0.421875
vt 0.296875 0.421875
vt 0.296875 0.5625
vt 0.140625 0.5625
vt 0.140625 0.703125
vt 0.296875 0.703125
vt 0.453125 0.703125
vt 0.296875 0.703125
vt 0.296875 0.5625
vt 0.453125 0.5625
vn -0.8237950541867665 0.5198367907256842 -0.22612257672652686
vn 0.3960640661923778 0.24240387650610395 -0.8856486979191993
vn 0.8237950541867665 -0.5198367907256842 0.22612257672652686
vn -0.3960640661923778 -0.24240387650610395 0.8856486979191993
vn 0.40557978767263847 0.819152044288992 0.4055797876726388
vn -0.40557978767263847 -0.819152044288992 -0.4055797876726388
usemtl m_32106622-412d-50ea-c58d-eafbf6f5adea
f 404/1204/301 407/1203/301 405/1202/301 402/1201/301
f 403/1208/302 404/1207/302 402/1206/302 401/1205/302
f 408/1212/303 403/1211/303 401/1210/303 406/1209/303
f 407/1216/304 408/1215/304 406/1214/304 405/1213/304
f 406/1220/305 401/1219/305 402/1218/305 405/1217/305
f 407/1224/306 404/1223/306 403/1222/306 408/1221/306
o cube
v -0.26302850696604674 1.51753954798392 -3.151785574681875
v -0.4689772705127382 1.6474987456653412 -3.208316218863506
v -0.36442345388420616 1.3127515369116718 -3.2531805216000347
v -0.5703722174308976 1.442710734593093 -3.309711165781666
v -0.61750129533488 1.5565972919755522 -2.8761979571438063
v -0.4115525317881885 1.426638094294131 -2.819667312962175
v -0.7188962422530394 1.351809280903304 -2.977592904061966
v -0.5129474787063479 1.2218500832218828 -2.921062259880335
vt 0.65625 0.9375
vt 0.75 0.9375
vt 0.75 0.875
vt 0.65625 0.875
vt 0.59375 0.9375
vt 0.65625 0.9375
vt 0.65625 0.875
vt 0.59375 0.875
vt 0.8125 0.9375
vt 0.90625 0.9375
vt 0.90625 0.875
vt 0.8125 0.875
vt 0.75 0.9375
vt 0.8125 0.9375
vt 0.8125 0.875
vt 0.75 0.875
vt 0.75 0.9375
vt 0.65625 0.9375
vt 0.65625 1
vt 0.75 1
vt 0.84375 1
vt 0.75 1
vt 0.75 0.9375
vt 0.84375 0.9375
vn -0.8237950541867665 0.5198367907256842 -0.22612257672652686
vn 0.3960640661923778 0.24240387650610395 -0.8856486979191993
vn 0.8237950541867665 -0.5198367907256842 0.22612257672652686
vn -0.3960640661923778 -0.24240387650610395 0.8856486979191993
vn 0.40557978767263847 0.819152044288992 0.4055797876726388
vn -0.40557978767263847 -0.819152044288992 -0.4055797876726388
usemtl m_32106622-412d-50ea-c58d-eafbf6f5adea
f 412/1228/307 415/1227/307 413/1226/307 410/1225/307
f 411/1232/308 412/1231/308 410/1230/308 409/1229/308
f 416/1236/309 411/1235/309 409/1234/309 414/1233/309
f 415/1240/310 416/1239/310 414/1238/310 413/1237/310
f 414/1244/311 409/1243/311 410/1242/311 413/1241/311
f 415/1248/312 412/1247/312 411/1246/312 416/1245/312
o cube
v 0.391479675119653 1.25865887717688 -3.0269276173651534
v 0.2409588677550616 1.2536127554192213 -3.138615903257267
v 0.7090632644204082 -0.0270034085351325 -3.3968440280643977
v 0.5585424570558168 -0.0320495302927912 -3.508532313956511
v 0.13788485053413968 1.1873214946829824 -2.996709364563868
v 0.28840565789873107 1.1923676164406412 -2.8850210786717545
v 0.45546843983489493 -0.09834079102903015 -3.3666257752631124
v 0.6059892471994863 -0.09329466927137142 -3.254937489370999
vt 0.3125 0.375
vt 0.265625 0.375
vt 0.265625 0.03125
vt 0.3125 0.03125
vt 0.359375 0.375
vt 0.3125 0.375
vt 0.3125 0.03125
vt 0.359375 0.03125
vt 0.265625 0.375
vt 0.3125 0.375
vt 0.3125 0.03125
vt 0.265625 0.03125
vt 0.265625 0.375
vt 0.21875 0.375
vt 0.21875 0.03125
vt 0.265625 0.03125
vt 0.265625 0.375
vt 0.3125 0.375
vt 0.3125 0.421875
vt 0.265625 0.421875
vt 0.3125 0.421875
vt 0.359375 0.421875
vt 0.359375 0.375
vt 0.3125 0.375
vn -0.8027776392778199 -0.02691264937417978 -0.5956708580912726
vn 0.5497280918449147 0.35355339059327384 -0.756834873031462
vn 0.8027776392778199 0.02691264937417978 0.5956708580912726
vn -0.5497280918449147 -0.35355339059327384 0.756834873031462
vn -0.2309698831278219 0.9350271168814639 0.26903011687217826
vn 0.2309698831278219 -0.9350271168814639 -0.26903011687217826
usemtl m_32106622-412d-50ea-c58d-eafbf6f5adea
f 420/1252/313 423/1251/313 421/1250/313 418/1249/313
f 419/1256/314 420/1255/314 418/1254/314 417/1253/314
f 424/1260/315 419/1259/315 417/1258/315 422/1257/315
f 423/1264/316 424/1263/316 422/1262/316 421/1261/316
f 422/1268/317 417/1267/317 418/1266/317 421/1265/317
f 423/1272/318 420/1271/318 419/1270/318 424/1269/318
o cube
v -0.11899866491858635 1.0032501050179872 -2.365056304053179
v -0.1860925267570761 1.0931923185356855 -2.5152730206034164
v -0.8710568646577141 -0.10094918341220982 -2.6902906743700155
v -0.9381507264962039 -0.011006969894511442 -2.8405073909202527
v -0.32799906545047497 1.159483579271925 -2.4121990033824945
v -0.2609052036119852 1.0695413657542265 -2.261982286832257
v -1.0800572651896028 0.05528429084172748 -2.7374333736993313
v -1.012963403351113 -0.0346579226759709 -2.587216657149094
vt 0.265625 0.375
vt 0.3125 0.375
vt 0.3125 0.03125
vt 0.265625 0.03125
vt 0.21875 0.375
vt 0.265625 0.375
vt 0.265625 0.03125
vt 0.21875 0.03125
vt 0.3125 0.375
vt 0.265625 0.375
vt 0.265625 0.03125
vt 0.3125 0.03125
vt 0.3125 0.375
vt 0.359375 0.375
vt 0.359375 0.03125
vt 0.3125 0.03125
vt 0.3125 0.375
vt 0.265625 0.375
vt 0.265625 0.421875
vt 0.3125 0.421875
vt 0.359375 0.421875
vt 0.3125 0.421875
vt 0.3125 0.375
vt 0.359375 0.375
vn -0.357833929805279 0.4796918054277258 -0.8011558216012661
vn 0.7568348730314622 -0.3535533905932735 -0.5497280918449146
vn 0.357833929805279 -0.4796918054277258 0.8011558216012661
vn -0.7568348730314622 0.3535533905932735 0.5497280918449146
vn 0.546951417992093 0.8030540279492342 0.23653408750315402
vn -0.546951417992093 -0.8030540279492342 -0.23653408750315402
usemtl m_32106622-412d-50ea-c58d-eafbf6f5adea
f 428/1276/319 431/1275/319 429/1274/319 426/1273/319
f 427/1280/320 428/1279/320 426/1278/320 425/1277/320
f 432/1284/321 427/1283/321 425/1282/321 430/1281/321
f 431/1288/322 432/1287/322 430/1286/322 429/1285/322
f 430/1292/323 425/1291/323 426/1290/323 429/1289/323
f 431/1296/324 428/1295/324 427/1294/324 432/1293/324
o cube
v 0.03665088734306465 1.3708680791623893 -2.909963954382591
v -0.08583939061409573 1.299114935593935 -3.0324542323397514
v 0.4087232061935753 0.10053372195936983 -2.5378916355320804
v 0.2862329282364149 0.028780578390915412 -2.660381913489241
v -0.26261608591073315 1.299114935593935 -2.855677537043115
v -0.14012580795357277 1.3708680791623893 -2.7331872590859545
v 0.10945623293977746 0.028780578390915412 -2.4836052181926043
v 0.23194651089693785 0.10053372195936983 -2.361114940235444
vt 0.046875 0.375
vt 0.109375 0.375
vt 0.109375 0.03125
vt 0.046875 0.03125
vt 0.15625 0.375
vt 0.109375 0.375
vt 0.109375 0.03125
vt 0.15625 0.03125
vt 0.046875 0.375
vt 0.109375 0.375
vt 0.109375 0.03125
vt 0.046875 0.03125
vt 0.109375 0.375
vt 0.15625 0.375
vt 0.15625 0.03125
vt 0.109375 0.03125
vt 0.109375 0.375
vt 0.046875 0.375
vt 0.046875 0.421875
vt 0.109375 0.421875
vt 0.171875 0.421875
vt 0.109375 0.421875
vt 0.109375 0.375
vt 0.171875 0.375
vn -0.6532814824381882 -0.3826834323650899 -0.6532814824381884
vn 0.7071067811865477 1.1102230246251565e-16 -0.7071067811865475
vn 0.6532814824381882 0.3826834323650899 0.6532814824381884
vn -0.7071067811865477 -1.1102230246251565e-16 0.7071067811865475
vn -0.27059805007309856 0.9238795325112867 -0.27059805007309856
vn 0.27059805007309856 -0.9238795325112867 0.27059805007309856
usemtl m_32106622-412d-50ea-c58d-eafbf6f5adea
f 436/1300/325 439/1299/325 437/1298/325 434/1297/325
f 435/1304/326 436/1303/326 434/1302/326 433/1301/326
f 440/1308/327 435/1307/327 433/1306/327 438/1305/327
f 439/1312/328 440/1311/328 438/1310/328 437/1309/328
f 438/1316/329 433/1315/329 434/1314/329 437/1313/329
f 439/1320/330 436/1319/330 435/1318/330 440/1317/330
o cube
v 0.4398314588886407 0.4469885466511023 -2.77194842578197
v 0.23568099562670675 0.3273999740370117 -2.976098889043904
v 0.5413057276660522 0.10053372195936983 -2.6704741570045583
v 0.33715526440411825 -0.01905485065472079 -2.8746246202664922
v -0.20626074261488547 0.32739997403701127 -2.534157150802312
v -0.002110279352951494 0.4469885466511019 -2.330006687540378
v -0.10478647383747308 -0.01905485065472079 -2.4326828820249
v 0.0993639894244609 0.10053372195936983 -2.228532418762966
vt 0.53125 0.09375
vt 0.6875 0.09375
vt 0.6875 0
vt 0.53125 0
vt 0.453125 0.09375
vt 0.53125 0.09375
vt 0.53125 0
vt 0.453125 0
vt 0.765625 0.09375
vt 0.921875 0.09375
vt 0.921875 0
vt 0.765625 0
vt 0.53125 0.09375
vt 0.453125 0.09375
vt 0.453125 0
vt 0.53125 0
vt 0.6875 0.09375
vt 0.53125 0.09375
vt 0.53125 0.171875
vt 0.6875 0.171875
vt 0.84375 0.171875
vt 0.6875 0.171875
vt 0.6875 0.09375
vt 0.84375 0.09375
vn -0.6532814824381882 -0.3826834323650899 -0.6532814824381884
vn 0.7071067811865477 1.1102230246251565e-16 -0.7071067811865475
vn 0.6532814824381882 0.3826834323650899 0.6532814824381884
vn -0.7071067811865477 -1.1102230246251565e-16 0.7071067811865475
vn -0.27059805007309856 0.9238795325112867 -0.27059805007309856
vn 0.27059805007309856 -0.9238795325112867 0.27059805007309856
usemtl m_32106622-412d-50ea-c58d-eafbf6f5adea
f 444/1324/331 447/1323/331 445/1322/331 442/1321/331
f 443/1328/332 444/1327/332 442/1326/332 441/1325/332
f 448/1332/333 443/1331/333 441/1330/333 446/1329/333
f 447/1336/334 448/1335/334 446/1334/334 445/1333/334
f 446/1340/335 441/1339/335 442/1338/335 445/1337/335
f 447/1344/336 444/1343/336 443/1342/336 448/1341/336
o cube
v 0.2810770951579755 1.1398981960345678 -3.0190911371609532
v -0.00473355340873205 0.9724741943748412 -3.304901785727661
v 0.4840256327127994 0.4469885466511023 -2.8161425996061293
v 0.19821498414609184 0.2795645449913755 -3.101953248172837
v -0.5350636392986425 0.9724741943748403 -2.7745716998377503
v -0.24925299073193496 1.1398981960345673 -2.4887610512710427
v -0.33211510174381864 0.27956454499137506 -2.571623162282926
v -0.04630445317711107 0.4469885466511019 -2.2858125137162184
vt 0.109375 0.890625
vt 0.296875 0.890625
vt 0.296875 0.703125
vt 0.109375 0.703125
vt 0 0.890625
vt 0.109375 0.890625
vt 0.109375 0.703125
vt 0 0.703125
vt 0.40625 0.890625
vt 0.59375 0.890625
vt 0.59375 0.703125
vt 0.40625 0.703125
vt 0.296875 0.890625
vt 0.40625 0.890625
vt 0.40625 0.703125
vt 0.296875 0.703125
vt 0.296875 0.890625
vt 0.109375 0.890625
vt 0.109375 1
vt 0.296875 1
vt 0.484375 1
vt 0.296875 1
vt 0.296875 0.890625
vt 0.484375 0.890625
vn -0.6532814824381882 -0.3826834323650899 -0.6532814824381884
vn 0.7071067811865477 1.1102230246251565e-16 -0.7071067811865475
vn 0.6532814824381882 0.3826834323650899 0.6532814824381884
vn -0.7071067811865477 -1.1102230246251565e-16 0.7071067811865475
vn -0.27059805007309856 0.9238795325112867 -0.27059805007309856
vn 0.27059805007309856 -0.9238795325112867 0.27059805007309856
usemtl m_32106622-412d-50ea-c58d-eafbf6f5adea
f 452/1348/337 455/1347/337 453/1346/337 450/1345/337
f 451/1352/338 452/1351/338 450/1350/338 449/1349/338
f 456/1356/339 451/1355/339 449/1354/339 454/1353/339
f 455/1360/340 456/1359/340 454/1358/340 453/1357/340
f 454/1364/341 449/1363/341 450/1362/341 453/1361/341
f 455/1368/342 452/1367/342 451/1366/342 456/1365/342
o cube
v 0.9125618338517447 1.303821622927937 -2.0455652737942573
v 1.200313827956918 1.3997858852292797 -2.5192697177774814
v 0.8107370097042352 0.776930259036158 -2.214157817649526
v 1.0984890038094086 0.8728945213375008 -2.68786226163275
v 0.6753367619371753 1.590892477608742 -2.7994524269199488
v 0.3875847678320019 1.4949282153073993 -2.3257479829367247
v 0.5735119377896654 1.0640011137169632 -2.9680449707752175
v 0.285759943684492 0.9680368514156203 -2.4943405267919934
vt 0.140625 0.5625
vt 0.296875 0.5625
vt 0.296875 0.421875
vt 0.140625 0.421875
vt 0 0.5625
vt 0.140625 0.5625
vt 0.140625 0.421875
vt 0 0.421875
vt 0.4375 0.5625
vt 0.59375 0.5625
vt 0.59375 0.421875
vt 0.4375 0.421875
vt 0.296875 0.5625
vt 0.4375 0.5625
vt 0.4375 0.421875
vt 0.296875 0.421875
vt 0.296875 0.5625
vt 0.140625 0.5625
vt 0.140625 0.703125
vt 0.296875 0.703125
vt 0.453125 0.703125
vt 0.296875 0.703125
vt 0.296875 0.5625
vt 0.453125 0.5625
vn 0.5115591006314195 0.17060313298016458 -0.8421412337479538
vn 0.8399633056315887 -0.3057705478071396 0.44829233462794776
vn -0.5115591006314195 -0.17060313298016458 0.8421412337479538
vn -0.8399633056315887 0.3057705478071396 -0.44829233462794776
vn 0.181021909595572 0.9366957580298281 0.29972007796492134
vn -0.181021909595572 -0.9366957580298281 -0.29972007796492134
usemtl m_32106622-412d-50ea-c58d-eafbf6f5adea
f 460/1372/343 463/1371/343 461/1370/343 458/1369/343
f 459/1376/344 460/1375/344 458/1374/344 457/1373/344
f 464/1380/345 459/1379/345 457/1378/345 462/1377/345
f 463/1384/346 464/1383/346 462/1382/346 461/1381/346
f 462/1388/347 457/1387/347 458/1386/347 461/1385/347
f 463/1392/348 460/1391/348 459/1390/348 464/1389/348
o cube
v 0.8656038154476056 0.8684650565683523 -2.533363495024255
v 0.9934935906054605 0.9111158398133936 -2.743898803461243
v 0.8203483380487127 0.6342911170608954 -2.608293514515485
v 0.9482381132065676 0.6769419003059367 -2.818828822952473
v 0.6785073509936144 1.0257797952410712 -2.9120084289467236
v 0.5506175758357594 0.9831290119960299 -2.7014731205097355
v 0.6332518735947215 0.7916058557336143 -2.9869384484379538
v 0.5053620984368665 0.748955072488573 -2.7764031400009657
vt 0.65625 0.9375
vt 0.75 0.9375
vt 0.75 0.875
vt 0.65625 0.875
vt 0.59375 0.9375
vt 0.65625 0.9375
vt 0.65625 0.875
vt 0.59375 0.875
vt 0.8125 0.9375
vt 0.90625 0.9375
vt 0.90625 0.875
vt 0.8125 0.875
vt 0.75 0.9375
vt 0.8125 0.9375
vt 0.8125 0.875
vt 0.75 0.875
vt 0.75 0.9375
vt 0.65625 0.9375
vt 0.65625 1
vt 0.75 1
vt 0.84375 1
vt 0.75 1
vt 0.75 0.9375
vt 0.84375 0.9375
vn 0.5115591006314195 0.17060313298016458 -0.8421412337479538
vn 0.8399633056315887 -0.3057705478071396 0.44829233462794776
vn -0.5115591006314195 -0.17060313298016458 0.8421412337479538
vn -0.8399633056315887 0.3057705478071396 -0.44829233462794776
vn 0.181021909595572 0.9366957580298281 0.29972007796492134
vn -0.181021909595572 -0.9366957580298281 -0.29972007796492134
usemtl m_32106622-412d-50ea-c58d-eafbf6f5adea
f 468/1396/349 471/1395/349 469/1394/349 466/1393/349
f 467/1400/350 468/1399/350 466/1398/350 465/1397/350
f 472/1404/351 467/1403/351 465/1402/351 470/1401/351
f 471/1408/352 472/1407/352 470/1406/352 469/1405/352
f 470/1412/353 465/1411/353 466/1410/353 469/1409/353
f 471/1416/354 468/1415/354 467/1414/354 472/1413/354
o cube
v 1.3229180805401721 0.8004259494314371 -2.56223059990423
v 1.2409556098329106 0.9534726592678922 -2.491413172643723
v 1.8817191047302477 1.5620195449981378 -3.561401061114882
v 1.7997566340229862 1.715066254834593 -3.490583633854375
v 1.0905164456800536 0.9226932928861742 -2.599009355169547
v 1.172478916387315 0.769646583049719 -2.6698267824300537
v 1.6493174698701292 1.6842868884528748 -3.5981798163802
v 1.7312799405773907 1.5312401786164198 -3.668997243640707
vt 0.265625 0.375
vt 0.3125 0.375
vt 0.3125 0.03125
vt 0.265625 0.03125
vt 0.21875 0.375
vt 0.265625 0.375
vt 0.265625 0.03125
vt 0.21875 0.03125
vt 0.3125 0.375
vt 0.265625 0.375
vt 0.265625 0.03125
vt 0.3125 0.03125
vt 0.3125 0.375
vt 0.359375 0.375
vt 0.359375 0.03125
vt 0.3125 0.03125
vt 0.3125 0.375
vt 0.265625 0.375
vt 0.265625 0.421875
vt 0.3125 0.421875
vt 0.359375 0.421875
vt 0.3125 0.421875
vt 0.3125 0.375
vt 0.359375 0.375
vn -0.4371331771053958 0.8162491191277605 0.3776929453893698
vn 0.8023422088152301 0.16415662070249445 0.5738463068043876
vn 0.4371331771053958 -0.8162491191277605 -0.3776929453893698
vn -0.8023422088152301 -0.16415662070249445 -0.5738463068043876
vn -0.4064007448655095 -0.5538862513212365 0.7266694263350201
vn 0.4064007448655095 0.5538862513212365 -0.7266694263350201
usemtl m_32106622-412d-50ea-c58d-eafbf6f5adea
f 476/1420/355 479/1419/355 477/1418/355 474/1417/355
f 475/1424/356 476/1423/356 474/1422/356 473/1421/356
f 480/1428/357 475/1427/357 473/1426/357 478/1425/357
f 479/1432/358 480/1431/358 478/1430/358 477/1429/358
f 478/1436/359 473/1435/359 474/1434/359 477/1433/359
f 479/1440/360 476/1439/360 475/1438/360 480/1437/360
o cube
v 1.3978235334152267 1.196940921814022 -1.9001981246507285
v 1.5474183771672883 1.2378992848921124 -2.005554876768284
v 1.5939999231068984 -0.1422876244235287 -2.14228638349448
v 1.74359476685896 -0.10132926134543818 -2.2476431356120354
v 1.4009821989589322 1.25297482234266 -2.2076171787503895
v 1.2513873552068706 1.2120164592645695 -2.102260426632834
v 1.597158588650604 -0.08625372389489061 -2.449705437594141
v 1.4475637448985423 -0.12721208697298114 -2.344348685476586
vt 0.109375 0.375
vt 0.046875 0.375
vt 0.046875 0.03125
vt 0.109375 0.03125
vt 0.15625 0.375
vt 0.109375 0.375
vt 0.109375 0.03125
vt 0.15625 0.03125
vt 0.109375 0.375
vt 0.046875 0.375
vt 0.046875 0.03125
vt 0.109375 0.03125
vt 0.109375 0.375
vt 0.15625 0.375
vt 0.15625 0.03125
vt 0.109375 0.03125
vt 0.046875 0.375
vt 0.109375 0.375
vt 0.109375 0.421875
vt 0.046875 0.421875
vt 0.109375 0.421875
vt 0.171875 0.421875
vt 0.171875 0.375
vt 0.109375 0.375
vn 0.7978391666776578 0.21844460308314803 -0.5619026779602908
vn 0.5857447128334257 -0.060302149802190355 0.8082492079284223
vn -0.7978391666776578 -0.21844460308314803 0.5619026779602908
vn -0.5857447128334257 0.060302149802190355 -0.8082492079284223
vn -0.14267373795757982 0.973984397263673 0.17606418825000103
vn 0.14267373795757982 -0.973984397263673 -0.17606418825000103
usemtl m_32106622-412d-50ea-c58d-eafbf6f5adea
f 484/1444/361 487/1443/361 485/1442/361 482/1441/361
f 483/1448/362 484/1447/362 482/1446/362 481/1445/362
f 488/1452/363 483/1451/363 481/1450/363 486/1449/363
f 487/1456/364 488/1455/364 486/1454/364 485/1453/364
f 486/1460/365 481/1459/365 482/1458/365 485/1457/365
f 487/1464/366 484/1463/366 483/1462/366 488/1461/366
o cube
v 1.650324405029074 0.21164987146243686 -1.924715586414151
v 1.8996491446158428 0.27991380992592085 -2.1003101732767426
v 1.703827056763166 -0.1535942775114394 -1.990739657007901
v 1.9531517963499347 -0.0853303390479554 -2.1663342438704927
v 1.5335586990949512 0.3176026535522898 -2.6054659282320074
v 1.2842339595081824 0.24933871508880578 -2.4298713413694157
v 1.5870613508290436 -0.047641495421586466 -2.6714899988257574
v 1.3377366112422748 -0.11590543388507046 -2.4958954119631658
vt 0.6875 0.09375
vt 0.53125 0.09375
vt 0.53125 0
vt 0.6875 0
vt 0.453125 0.09375
vt 0.53125 0.09375
vt 0.53125 0
vt 0.453125 0
vt 0.921875 0.09375
vt 0.765625 0.09375
vt 0.765625 0
vt 0.921875 0
vt 0.53125 0.09375
vt 0.453125 0.09375
vt 0.453125 0
vt 0.53125 0
vt 0.53125 0.09375
vt 0.6875 0.09375
vt 0.6875 0.171875
vt 0.53125 0.171875
vt 0.6875 0.171875
vt 0.84375 0.171875
vt 0.84375 0.09375
vt 0.6875 0.09375
vn 0.7978391666776578 0.21844460308314803 -0.5619026779602908
vn 0.5857447128334257 -0.060302149802190355 0.8082492079284223
vn -0.7978391666776578 -0.21844460308314803 0.5619026779602908
vn -0.5857447128334257 0.060302149802190355 -0.8082492079284223
vn -0.14267373795757982 0.973984397263673 0.17606418825000103
vn 0.14267373795757982 -0.973984397263673 -0.17606418825000103
usemtl m_32106622-412d-50ea-c58d-eafbf6f5adea
f 492/1468/367 495/1467/367 493/1466/367 490/1465/367
f 491/1472/368 492/1471/368 490/1470/368 489/1469/368
f 496/1476/369 491/1475/369 489/1474/369 494/1473/369
f 495/1480/370 496/1479/370 494/1478/370 493/1477/370
f 494/1484/371 489/1483/371 490/1482/371 493/1481/371
f 495/1488/372 492/1487/372 491/1486/372 496/1485/372
o cube
v 1.5799281461129782 0.9383692850475558 -1.7421518697311242
v 1.9289827815344542 1.0339387988964333 -1.9879842913387522
v 1.686933449581163 0.20788098709979996 -1.8742000109186252
v 2.0359880850026393 0.3034505009486774 -2.120032432526253
v 1.4896742469093847 1.079165411248076 -2.5941711972850685
v 1.1406196114879086 0.9835958973991985 -2.3483387756774405
v 1.5966795503775695 0.34867711330032036 -2.7262193384725704
v 1.2476249149560934 0.2531075994514427 -2.4803869168649424
vt 0.296875 0.890625
vt 0.109375 0.890625
vt 0.109375 0.703125
vt 0.296875 0.703125
vt 0.40625 0.890625
vt 0.296875 0.890625
vt 0.296875 0.703125
vt 0.40625 0.703125
vt 0.59375 0.890625
vt 0.40625 0.890625
vt 0.40625 0.703125
vt 0.59375 0.703125
vt 0.109375 0.890625
vt 0 0.890625
vt 0 0.703125
vt 0.109375 0.703125
vt 0.109375 0.890625
vt 0.296875 0.890625
vt 0.296875 1
vt 0.109375 1
vt 0.296875 1
vt 0.484375 1
vt 0.484375 0.890625
vt 0.296875 0.890625
vn 0.7978391666776578 0.21844460308314803 -0.5619026779602908
vn 0.5857447128334257 -0.060302149802190355 0.8082492079284223
vn -0.7978391666776578 -0.21844460308314803 0.5619026779602908
vn -0.5857447128334257 0.060302149802190355 -0.8082492079284223
vn -0.14267373795757982 0.973984397263673 0.17606418825000103
vn 0.14267373795757982 -0.973984397263673 -0.17606418825000103
usemtl m_32106622-412d-50ea-c58d-eafbf6f5adea
f 500/1492/373 503/1491/373 501/1490/373 498/1489/373
f 499/1496/374 500/1495/374 498/1494/374 497/1493/374
f 504/1500/375 499/1499/375 497/1498/375 502/1497/375
f 503/1504/376 504/1503/376 502/1502/376 501/1501/376
f 502/1508/377 497/1507/377 498/1506/377 501/1505/377
f 503/1512/378 500/1511/378 499/1510/378 504/1509/378
o cube
v 2.177253585379784 0.95872532024676 -2.8263033940035003
v 2.1690827344971915 0.8305730374298277 -2.9629287196377447
v 2.862137440317859 0.06894929472982758 -2.032667627634283
v 2.8539665894352666 -0.05920298808710478 -2.169292953268528
v 1.952576383551082 0.7461242614778703 -2.8707690525364793
v 1.9607472344336747 0.8742765442948026 -2.734143726902235
v 2.6374602384891572 -0.1436517640390622 -2.0771332861672627
v 2.64563108937175 -0.015499481222129852 -1.940507960533018
vt 0.046875 0.375
vt 0.109375 0.375
vt 0.109375 0.03125
vt 0.046875 0.03125
vt 0.15625 0.375
vt 0.109375 0.375
vt 0.109375 0.03125
vt 0.15625 0.03125
vt 0.046875 0.375
vt 0.109375 0.375
vt 0.109375 0.03125
vt 0.046875 0.03125
vt 0.109375 0.375
vt 0.15625 0.375
vt 0.15625 0.03125
vt 0.109375 0.03125
vt 0.109375 0.375
vt 0.046875 0.375
vt 0.046875 0.421875
vt 0.109375 0.421875
vt 0.171875 0.421875
vt 0.109375 0.421875
vt 0.109375 0.375
vt 0.171875 0.375
vn -0.04357787137382807 -0.6834788416903058 -0.7286684033826387
vn 0.8660254037844388 0.3377951038078301 -0.3686386684050616
vn 0.04357787137382807 0.6834788416903058 0.7286684033826387
vn -0.8660254037844388 -0.3377951038078301 0.3686386684050616
vn -0.49809734904587255 0.6471098367395871 -0.577189648268521
vn 0.49809734904587255 -0.6471098367395871 0.577189648268521
usemtl m_32106622-412d-50ea-c58d-eafbf6f5adea
f 508/1516/379 511/1515/379 509/1514/379 506/1513/379
f 507/1520/380 508/1519/380 506/1518/380 505/1517/380
f 512/1524/381 507/1523/381 505/1522/381 510/1521/381
f 511/1528/382 512/1527/382 510/1526/382 509/1525/382
f 510/1532/383 505/1531/383 506/1530/383 509/1529/383
f 511/1536/384 508/1535/384 507/1534/384 512/1533/384
o cube
v 2.837730697635239 0.3749520654711409 -2.3182334960609277
v 2.824112612830918 0.1613649274429203 -2.5459423721180023
v 3.0245172035274415 0.13228587669379577 -2.1017873779602323
v 3.0108991187231204 -0.08130126133442483 -2.329496254017307
v 2.282846735465644 -0.0497570124369735 -2.315543204364839
v 2.296464820269965 0.1638301255912471 -2.0878343283077645
v 2.4696332413578466 -0.29242320121431864 -2.0990970862641434
v 2.4832513261621676 -0.07883606318609804 -1.871388210207069
vt 0.53125 0.09375
vt 0.6875 0.09375
vt 0.6875 0
vt 0.53125 0
vt 0.453125 0.09375
vt 0.53125 0.09375
vt 0.53125 0
vt 0.453125 0
vt 0.765625 0.09375
vt 0.921875 0.09375
vt 0.921875 0
vt 0.765625 0
vt 0.53125 0.09375
vt 0.453125 0.09375
vt 0.453125 0
vt 0.53125 0
vt 0.6875 0.09375
vt 0.53125 0.09375
vt 0.53125 0.171875
vt 0.6875 0.171875
vt 0.84375 0.171875
vt 0.6875 0.171875
vt 0.6875 0.09375
vt 0.84375 0.09375
vn -0.04357787137382807 -0.6834788416903058 -0.7286684033826387
vn 0.8660254037844388 0.3377951038078301 -0.3686386684050616
vn 0.04357787137382807 0.6834788416903058 0.7286684033826387
vn -0.8660254037844388 -0.3377951038078301 0.3686386684050616
vn -0.49809734904587255 0.6471098367395871 -0.577189648268521
vn 0.49809734904587255 -0.6471098367395871 0.577189648268521
usemtl m_32106622-412d-50ea-c58d-eafbf6f5adea
f 516/1540/385 519/1539/385 517/1538/385 514/1537/385
f 515/1544/386 516/1543/386 514/1542/386 513/1541/386
f 520/1548/387 515/1547/387 513/1546/387 518/1545/387
f 519/1552/388 520/1551/388 518/1550/388 517/1549/388
f 518/1556/389 513/1555/389 514/1554/389 517/1553/389
f 519/1560/390 516/1559/390 515/1558/390 520/1557/390
o cube
v 2.518284273587363 0.8813966370138209 -2.774165649037635
v 2.4992189548613135 0.582374643774312 -3.092958075517539
v 2.891857285371767 0.3960642594591304 -2.3412734128362445
v 2.8727919666457176 0.09704226621962153 -2.6600658393161485
v 1.8496999020229845 0.32902831591843956 -2.8164790742137433
v 1.868765220749034 0.6280503091579483 -2.497686647733839
v 2.2232729138073886 -0.156304061636251 -2.3835868380123526
v 2.242338232533438 0.14271793160325785 -2.064794411532448
vt 0.109375 0.890625
vt 0.296875 0.890625
vt 0.296875 0.703125
vt 0.109375 0.703125
vt 0 0.890625
vt 0.109375 0.890625
vt 0.109375 0.703125
vt 0 0.703125
vt 0.40625 0.890625
vt 0.59375 0.890625
vt 0.59375 0.703125
vt 0.40625 0.703125
vt 0.296875 0.890625
vt 0.40625 0.890625
vt 0.40625 0.703125
vt 0.296875 0.703125
vt 0.296875 0.890625
vt 0.109375 0.890625
vt 0.109375 1
vt 0.296875 1
vt 0.484375 1
vt 0.296875 1
vt 0.296875 0.890625
vt 0.484375 0.890625
vn -0.04357787137382807 -0.6834788416903058 -0.7286684033826387
vn 0.8660254037844388 0.3377951038078301 -0.3686386684050616
vn 0.04357787137382807 0.6834788416903058 0.7286684033826387
vn -0.8660254037844388 -0.3377951038078301 0.3686386684050616
vn -0.49809734904587255 0.6471098367395871 -0.577189648268521
vn 0.49809734904587255 -0.6471098367395871 0.577189648268521
usemtl m_32106622-412d-50ea-c58d-eafbf6f5adea
f 524/1564/391 527/1563/391 525/1562/391 522/1561/391
f 523/1568/392 524/1567/392 522/1566/392 521/1565/392
f 528/1572/393 523/1571/393 521/1570/393 526/1569/393
f 527/1576/394 528/1575/394 526/1574/394 525/1573/394
f 526/1580/395 521/1579/395 522/1578/395 525/1577/395
f 527/1584/396 524/1583/396 523/1582/396 528/1581/396
o cube
v 2.75732099973132 0.2455252593108893 -1.8676124652475394
v 2.796828451232848 0.06285788598190001 -1.8525114057833125
v 1.5013117014841504 0.016061353445559035 -1.3573067151117204
v 1.5408191529856783 -0.16660601988343027 -1.3422056556474935
v 2.731554950953122 0.03440119450924972 -2.0259640992523478
v 2.6920474994515944 0.2170685678382389 -2.0410651587165747
v 1.4755456527059523 -0.19506271135608055 -1.5156583491165287
v 1.4360382012044244 -0.012395338027091363 -1.5307594085807557
vt 0.265625 0.375
vt 0.3125 0.375
vt 0.3125 0.03125
vt 0.265625 0.03125
vt 0.21875 0.375
vt 0.265625 0.375
vt 0.265625 0.03125
vt 0.21875 0.03125
vt 0.3125 0.375
vt 0.265625 0.375
vt 0.265625 0.03125
vt 0.3125 0.03125
vt 0.3125 0.375
vt 0.359375 0.375
vt 0.359375 0.03125
vt 0.3125 0.03125
vt 0.3125 0.375
vt 0.265625 0.375
vt 0.265625 0.421875
vt 0.3125 0.421875
vt 0.359375 0.421875
vt 0.3125 0.421875
vt 0.3125 0.375
vt 0.359375 0.375
vn 0.2107064080081494 -0.9742259910879421 0.08053898380921108
vn 0.3481253348252057 0.15176902118746907 0.9250810318348529
vn -0.2107064080081494 0.9742259910879421 -0.08053898380921108
vn -0.3481253348252057 -0.15176902118746907 -0.9250810318348529
vn 0.9134613078161231 0.1668828406293308 -0.3711314546442319
vn -0.9134613078161231 -0.1668828406293308 0.3711314546442319
usemtl m_32106622-412d-50ea-c58d-eafbf6f5adea
f 532/1588/397 535/1587/397 533/1586/397 530/1585/397
f 531/1592/398 532/1591/398 530/1590/398 529/1589/398
f 536/1596/399 531/1595/399 529/1594/399 534/1593/399
f 535/1600/400 536/1599/400 534/1598/400 533/1597/400
f 534/1604/401 529/1603/401 530/1602/401 533/1601/401
f 535/1608/402 532/1607/402 531/1606/402 536/1605/402
o cube
v 3.0180640374730947 0.3161956192926132 -1.6949175547805537
v 3.057571488974623 0.133528245963624 -1.6798164953163268
v 2.4684037997660564 0.3015008784942801 -0.434646676089502
v 2.5079112512675845 0.1188335051652909 -0.4195456166252751
v 2.8903071508372378 0.09128057865205319 -1.7532605270288726
v 2.8507996993357096 0.2739479519810424 -1.7683615864930995
v 2.3406469131301995 0.07658583785372008 -0.4929896483378209
v 2.3011394616286713 0.2592532111827093 -0.5080907078020478
vt 0.3125 0.375
vt 0.265625 0.375
vt 0.265625 0.03125
vt 0.3125 0.03125
vt 0.21875 0.375
vt 0.265625 0.375
vt 0.265625 0.03125
vt 0.21875 0.03125
vt 0.265625 0.375
vt 0.3125 0.375
vt 0.3125 0.03125
vt 0.265625 0.03125
vt 0.3125 0.375
vt 0.359375 0.375
vt 0.359375 0.03125
vt 0.3125 0.03125
vt 0.3125 0.375
vt 0.265625 0.375
vt 0.265625 0.421875
vt 0.3125 0.421875
vt 0.359375 0.421875
vt 0.3125 0.421875
vt 0.3125 0.375
vt 0.359375 0.375
vn 0.21070640800814952 -0.9742259910879421 0.08053898380921123
vn 0.8920764700660531 0.22532089232837785 0.39170150246690905
vn -0.21070640800814952 0.9742259910879421 -0.08053898380921123
vn -0.8920764700660531 -0.22532089232837785 -0.39170150246690905
vn 0.39975290015057247 0.010687084216969477 -0.9165606390480369
vn -0.39975290015057247 -0.010687084216969477 0.9165606390480369
usemtl m_32106622-412d-50ea-c58d-eafbf6f5adea
f 540/1612/403 543/1611/403 541/1610/403 538/1609/403
f 539/1616/404 540/1615/404 538/1614/404 537/1613/404
f 544/1620/405 539/1619/405 537/1618/405 542/1617/405
f 543/1624/406 544/1623/406 542/1622/406 541/1621/406
f 542/1628/407 537/1627/407 538/1626/407 541/1625/407
f 543/1632/408 540/1631/408 539/1630/408 544/1629/408
o cube
v 2.035640580348736 1.6639649926467897 -0.8640292512131258
v 2.4968384501164875 1.7942096686209457 -1.1585442751118653
v 2.081442471435571 1.1282246446730486 -1.0292282715668941
v 2.5426403412033225 1.2584693206472046 -1.3237432954656336
v 2.1426658589772676 1.9180617006739435 -1.6583917016752854
v 1.6814679892095161 1.7878170246997875 -1.3638766777765459
v 2.1884677500641025 1.3823213527002025 -1.8235907220290541
v 1.727269880296351 1.2520766767260465 -1.5290756981303142
vt 0.140625 0.5625
vt 0.296875 0.5625
vt 0.296875 0.421875
vt 0.140625 0.421875
vt 0 0.5625
vt 0.140625 0.5625
vt 0.140625 0.421875
vt 0 0.421875
vt 0.4375 0.5625
vt 0.59375 0.5625
vt 0.59375 0.421875
vt 0.4375 0.421875
vt 0.296875 0.5625
vt 0.4375 0.5625
vt 0.4375 0.421875
vt 0.296875 0.421875
vt 0.296875 0.5625
vt 0.140625 0.5625
vt 0.140625 0.703125
vt 0.296875 0.703125
vt 0.453125 0.703125
vt 0.296875 0.703125
vt 0.296875 0.5625
vt 0.453125 0.5625
vn 0.8199073240315583 0.2315460906207214 -0.5235822647088708
vn 0.5666761458227514 -0.19816325128479836 0.7997558825014728
vn -0.8199073240315583 -0.2315460906207214 0.5235822647088708
vn -0.5666761458227514 0.19816325128479836 -0.7997558825014728
vn -0.08142558415437318 0.9524272852866507 0.29368714729558815
vn 0.08142558415437318 -0.9524272852866507 -0.29368714729558815
usemtl m_32106622-412d-50ea-c58d-eafbf6f5adea
f 548/1636/409 551/1635/409 549/1634/409 546/1633/409
f 547/1640/410 548/1639/410 546/1638/410 545/1637/410
f 552/1644/411 547/1643/411 545/1642/411 550/1641/411
f 551/1648/412 552/1647/412 550/1646/412 549/1645/412
f 550/1652/413 545/1651/413 546/1650/413 549/1649/413
f 551/1656/414 548/1655/414 547/1654/414 552/1653/414
o cube
v 2.2668289919675884 1.2253532044026239 -1.2928172146011003
v 2.4718058229754782 1.2832397270578042 -1.4237127807783176
v 2.287185388006182 0.9872463830809606 -1.3662390014249977
v 2.4921622190140718 1.045132905736141 -1.497134567602215
v 2.2593022682919464 1.357550946289603 -1.7236212367163701
v 2.0543254372840565 1.2996644236344226 -1.5927256705391524
v 2.27965866433054 1.1194441249679405 -1.7970430235402675
v 2.07468183332265 1.0615576023127602 -1.6661474573630497
vt 0.65625 0.9375
vt 0.75 0.9375
vt 0.75 0.875
vt 0.65625 0.875
vt 0.59375 0.9375
vt 0.65625 0.9375
vt 0.65625 0.875
vt 0.59375 0.875
vt 0.8125 0.9375
vt 0.90625 0.9375
vt 0.90625 0.875
vt 0.8125 0.875
vt 0.75 0.9375
vt 0.8125 0.9375
vt 0.8125 0.875
vt 0.75 0.875
vt 0.75 0.9375
vt 0.65625 0.9375
vt 0.65625 1
vt 0.75 1
vt 0.84375 1
vt 0.75 1
vt 0.75 0.9375
vt 0.84375 0.9375
vn 0.8199073240315583 0.2315460906207214 -0.5235822647088708
vn 0.5666761458227514 -0.19816325128479836 0.7997558825014728
vn -0.8199073240315583 -0.2315460906207214 0.5235822647088708
vn -0.5666761458227514 0.19816325128479836 -0.7997558825014728
vn -0.08142558415437318 0.9524272852866507 0.29368714729558815
vn 0.08142558415437318 -0.9524272852866507 -0.29368714729558815
usemtl m_32106622-412d-50ea-c58d-eafbf6f5adea
f 556/1660/415 559/1659/415 557/1658/415 554/1657/415
f 555/1664/416 556/1663/416 554/1662/416 553/1661/416
f 560/1668/417 555/1667/417 553/1666/417 558/1665/417
f 559/1672/418 560/1671/418 558/1670/418 557/1669/418
f 558/1676/419 553/1675/419 554/1674/419 557/1673/419
f 559/1680/420 556/1679/420 555/1678/420 560/1677/420
o cube
v 2.004201482499437 0.9801843549439357 -1.095557399545779
v 2.0704927432356763 1.1220908936373348 -1.1986314167667
v 2.9000652019057513 0.12640734241940701 -1.6948219564287759
v 2.9663564626419907 0.2683138811128062 -1.7978959736496969
v 1.90269464818532 1.071070995987524 -1.376790809842885
v 1.8364033874490806 0.9291644572941249 -1.273716792621964
v 2.7985583675916352 0.21729398346299533 -1.9760553667258822
v 2.732267106855396 0.07538744476959616 -1.8729813495049612
vt 0.046875 0.375
vt 0.109375 0.375
vt 0.109375 0.03125
vt 0.046875 0.03125
vt 0.15625 0.375
vt 0.109375 0.375
vt 0.109375 0.03125
vt 0.15625 0.03125
vt 0.046875 0.375
vt 0.109375 0.375
vt 0.109375 0.03125
vt 0.046875 0.03125
vt 0.109375 0.375
vt 0.15625 0.375
vt 0.15625 0.03125
vt 0.109375 0.03125
vt 0.109375 0.375
vt 0.046875 0.375
vt 0.046875 0.421875
vt 0.109375 0.421875
vt 0.171875 0.421875
vt 0.109375 0.421875
vt 0.109375 0.375
vt 0.171875 0.375
vn 0.3535533905932759 0.7568348730314622 -0.549728091844913
vn 0.6711923802014239 0.20407959059924308 0.7126375723047395
vn -0.3535533905932759 -0.7568348730314622 0.549728091844913
vn -0.6711923802014239 -0.20407959059924308 -0.7126375723047395
vn -0.6515372504773199 0.6209287363814755 0.4358287686421795
vn 0.6515372504773199 -0.6209287363814755 -0.4358287686421795
usemtl m_32106622-412d-50ea-c58d-eafbf6f5adea
f 564/1684/421 567/1683/421 565/1682/421 562/1681/421
f 563/1688/422 564/1687/422 562/1686/422 561/1685/422
f 568/1692/423 563/1691/423 561/1690/423 566/1689/423
f 567/1696/424 568/1695/424 566/1694/424 565/1693/424
f 566/1700/425 561/1699/425 562/1698/425 565/1697/425
f 567/1704/426 564/1703/426 563/1702/426 568/1701/426
o cube
v 2.781587304264524 0.39752054179981844 -1.3977666233808197
v 2.8920727388249228 0.6340314396221504 -1.5695566520823552
v 3.025913773193518 0.1646722656567652 -1.5612024116216374
v 3.136399207753917 0.4011831634790971 -1.732992440323173
v 2.4725775011990327 0.5064816954976233 -2.014955134772818
v 2.362092066638634 0.2699707976752914 -1.8431651060712824
v 2.716903970128027 0.27363341935457014 -2.178390923013635
v 2.606418535567628 0.03712252153223819 -2.0066008943120996
vt 0.53125 0.09375
vt 0.6875 0.09375
vt 0.6875 0
vt 0.53125 0
vt 0.453125 0.09375
vt 0.53125 0.09375
vt 0.53125 0
vt 0.453125 0
vt 0.765625 0.09375
vt 0.921875 0.09375
vt 0.921875 0
vt 0.765625 0
vt 0.53125 0.09375
vt 0.453125 0.09375
vt 0.453125 0
vt 0.53125 0
vt 0.6875 0.09375
vt 0.53125 0.09375
vt 0.53125 0.171875
vt 0.6875 0.171875
vt 0.84375 0.171875
vt 0.6875 0.171875
vt 0.6875 0.09375
vt 0.84375 0.09375
vn 0.3535533905932759 0.7568348730314622 -0.549728091844913
vn 0.6711923802014239 0.20407959059924308 0.7126375723047395
vn -0.3535533905932759 -0.7568348730314622 0.549728091844913
vn -0.6711923802014239 -0.20407959059924308 -0.7126375723047395
vn -0.6515372504773199 0.6209287363814755 0.4358287686421795
vn 0.6515372504773199 -0.6209287363814755 -0.4358287686421795
usemtl m_32106622-412d-50ea-c58d-eafbf6f5adea
f 572/1708/427 575/1707/427 573/1706/427 570/1705/427
f 571/1712/428 572/1711/428 570/1710/428 569/1709/428
f 576/1716/429 571/1715/429 569/1714/429 574/1713/429
f 575/1720/430 576/1719/430 574/1718/430 573/1717/430
f 574/1724/431 569/1723/431 570/1722/431 573/1721/431
f 575/1728/432 572/1727/432 571/1726/432 576/1725/432
o cube
v 2.334883890169123 0.8759720684983778 -1.0263551986301387
v 2.4895634985536814 1.2070873254496426 -1.2668612388122882
v 2.8235368280271134 0.4102755162122711 -1.3532267751117733
v 2.978216436411672 0.7413907731635359 -1.5937328152939227
v 1.986169213402614 1.0540276325002103 -1.8013394180408437
v 1.8314896050180556 0.7229123755489455 -1.5608333778586942
v 2.4748221512606037 0.5883310802141035 -2.1282109945224783
v 2.320142542876045 0.25721582326283876 -1.8877049543403288
vt 0.109375 0.890625
vt 0.296875 0.890625
vt 0.296875 0.703125
vt 0.109375 0.703125
vt 0 0.890625
vt 0.109375 0.890625
vt 0.109375 0.703125
vt 0 0.703125
vt 0.40625 0.890625
vt 0.59375 0.890625
vt 0.59375 0.703125
vt 0.40625 0.703125
vt 0.296875 0.890625
vt 0.40625 0.890625
vt 0.40625 0.703125
vt 0.296875 0.703125
vt 0.296875 0.890625
vt 0.109375 0.890625
vt 0.109375 1
vt 0.296875 1
vt 0.484375 1
vt 0.296875 1
vt 0.296875 0.890625
vt 0.484375 0.890625
vn 0.3535533905932759 0.7568348730314622 -0.549728091844913
vn 0.6711923802014239 0.20407959059924308 0.7126375723047395
vn -0.3535533905932759 -0.7568348730314622 0.549728091844913
vn -0.6711923802014239 -0.20407959059924308 -0.7126375723047395
vn -0.6515372504773199 0.6209287363814755 0.4358287686421795
vn 0.6515372504773199 -0.6209287363814755 -0.4358287686421795
usemtl m_32106622-412d-50ea-c58d-eafbf6f5adea
f 580/1732/433 583/1731/433 581/1730/433 578/1729/433
f 579/1736/434 580/1735/434 578/1734/434 577/1733/434
f 584/1740/435 579/1739/435 577/1738/435 582/1737/435
f 583/1744/436 584/1743/436 582/1742/436 581/1741/436
f 582/1748/437 577/1747/437 578/1746/437 581/1745/437
f 583/1752/438 580/1751/438 579/1750/438 584/1749/438
o cube
v -1.104930915271306 0.30941946328246406 -2.628603042243946
v -1.13478477082832 0.4747025057735903 -2.711948787025894
v -2.2560109782313793 -0.18449570523227 -3.195778054887218
v -2.2858648337883936 -0.01921266274114375 -3.279123799669166
v -1.265606724082705 0.5513136711050404 -2.513161599578451
v -1.2357528685256909 0.38603062861391413 -2.4298158547965034
v -2.4166867870427784 0.05739850259030632 -3.080336612221723
v -2.386832931485764 -0.10788453990081992 -2.9969908674397754
vt 0.046875 0.375
vt 0.109375 0.375
vt 0.109375 0.03125
vt 0.046875 0.03125
vt 0.15625 0.375
vt 0.109375 0.375
vt 0.109375 0.03125
vt 0.15625 0.03125
vt 0.046875 0.375
vt 0.109375 0.375
vt 0.109375 0.03125
vt 0.046875 0.03125
vt 0.109375 0.375
vt 0.15625 0.375
vt 0.15625 0.03125
vt 0.109375 0.03125
vt 0.109375 0.375
vt 0.046875 0.375
vt 0.046875 0.421875
vt 0.109375 0.421875
vt 0.171875 0.421875
vt 0.109375 0.421875
vt 0.109375 0.375
vt 0.171875 0.375
vn -0.15922056297074172 0.8815095599526735 -0.44451063883705205
vn 0.5232878130175397 -0.30644466132580145 -0.7951487497897708
vn 0.15922056297074172 -0.8815095599526735 0.44451063883705205
vn -0.5232878130175397 0.30644466132580145 0.7951487497897708
vn 0.8371491366982352 0.3592110316470791 0.41249091828601586
vn -0.8371491366982352 -0.3592110316470791 -0.41249091828601586
usemtl m_32106622-412d-50ea-c58d-eafbf6f5adea
f 588/1756/439 591/1755/439 589/1754/439 586/1753/439
f 587/1760/440 588/1759/440 586/1758/440 585/1757/440
f 592/1764/441 587/1763/441 585/1762/441 590/1761/441
f 591/1768/442 592/1767/442 590/1766/442 589/1765/442
f 590/1772/443 585/1771/443 586/1770/443 589/1769/443
f 591/1776/444 588/1775/444 587/1774/444 592/1773/444
o cube
v -1.8439635870287525 -0.1072499423632034 -3.190184351115544
v -1.8937200129571092 0.1682217951220073 -3.3290939257521233
v -2.157894513290591 -0.2419540792308581 -3.3448684454728
v -2.2076509392189476 0.033517658254352156 -3.483778020109379
v -2.2207748960930713 0.35974970845063314 -2.832125957133517
v -2.1710184701647144 0.08427797096542289 -2.6932163824969377
v -2.5347058223549097 0.2250455715829789 -2.9868100514907727
v -2.484949396426553 -0.05042616590223181 -2.8479004768541936
vt 0.53125 0.09375
vt 0.6875 0.09375
vt 0.6875 0
vt 0.53125 0
vt 0.453125 0.09375
vt 0.53125 0.09375
vt 0.53125 0
vt 0.453125 0
vt 0.765625 0.09375
vt 0.921875 0.09375
vt 0.921875 0
vt 0.765625 0
vt 0.53125 0.09375
vt 0.453125 0.09375
vt 0.453125 0
vt 0.53125 0
vt 0.6875 0.09375
vt 0.53125 0.09375
vt 0.53125 0.171875
vt 0.6875 0.171875
vt 0.84375 0.171875
vt 0.6875 0.171875
vt 0.6875 0.09375
vt 0.84375 0.09375
vn -0.15922056297074172 0.8815095599526735 -0.44451063883705205
vn 0.5232878130175397 -0.30644466132580145 -0.7951487497897708
vn 0.15922056297074172 -0.8815095599526735 0.44451063883705205
vn -0.5232878130175397 0.30644466132580145 0.7951487497897708
vn 0.8371491366982352 0.3592110316470791 0.41249091828601586
vn -0.8371491366982352 -0.3592110316470791 -0.41249091828601586
usemtl m_32106622-412d-50ea-c58d-eafbf6f5adea
f 596/1780/445 599/1779/445 597/1778/445 594/1777/445
f 595/1784/446 596/1783/446 594/1782/446 593/1781/446
f 600/1788/447 595/1787/447 593/1786/447 598/1785/447
f 599/1792/448 600/1791/448 598/1790/448 597/1789/448
f 598/1796/449 593/1795/449 594/1794/449 597/1793/449
f 599/1800/450 596/1799/450 595/1798/450 600/1797/450
o cube
v -1.18339624619148 0.14300554003924315 -2.9305129592628933
v -1.2530552424911794 0.5286659725185379 -3.124986363754104
v -1.8112580987151563 -0.1264027336960658 -3.239881147977405
v -1.8809170950148557 0.2592576987832289 -3.4343545524686157
v -1.6455211022543343 0.7584994685128894 -2.528624801411775
v -1.575862105954635 0.3728390360335947 -2.3341513969205643
v -2.2733829547780107 0.48909119477758 -2.8379929901262875
v -2.203723958478311 0.1034307622982853 -2.643519585635077
vt 0.109375 0.890625
vt 0.296875 0.890625
vt 0.296875 0.703125
vt 0.109375 0.703125
vt 0 0.890625
vt 0.109375 0.890625
vt 0.109375 0.703125
vt 0 0.703125
vt 0.40625 0.890625
vt 0.59375 0.890625
vt 0.59375 0.703125
vt 0.40625 0.703125
vt 0.296875 0.890625
vt 0.40625 0.890625
vt 0.40625 0.703125
vt 0.296875 0.703125
vt 0.296875 0.890625
vt 0.109375 0.890625
vt 0.109375 1
vt 0.296875 1
vt 0.484375 1
vt 0.296875 1
vt 0.296875 0.890625
vt 0.484375 0.890625
vn -0.15922056297074172 0.8815095599526735 -0.44451063883705205
vn 0.5232878130175397 -0.30644466132580145 -0.7951487497897708
vn 0.15922056297074172 -0.8815095599526735 0.44451063883705205
vn -0.5232878130175397 0.30644466132580145 0.7951487497897708
vn 0.8371491366982352 0.3592110316470791 0.41249091828601586
vn -0.8371491366982352 -0.3592110316470791 -0.41249091828601586
usemtl m_32106622-412d-50ea-c58d-eafbf6f5adea
f 604/1804/451 607/1803/451 605/1802/451 602/1801/451
f 603/1808/452 604/1807/452 602/1806/452 601/1805/452
f 608/1812/453 603/1811/453 601/1810/453 606/1809/453
f 607/1816/454 608/1815/454 606/1814/454 605/1813/454
f 606/1820/455 601/1819/455 602/1818/455 605/1817/455
f 607/1824/456 604/1823/456 603/1822/456 608/1821/456
o cube
v -0.8357559136236912 1.1130739185932557 -2.3014985778867345
v -0.8025127350819696 1.0830892631993962 -2.483575653657834
v -0.6650570027579477 -0.22781768374950562 -2.0495132755456815
v -0.6318138242162261 -0.25780233914336526 -2.2315903513167807
v -0.9855682364169569 1.054393153436953 -2.5122717634202774
v -1.0188114149586784 1.0843778088308125 -2.330194687649178
v -0.8148693255512134 -0.28649844890580856 -2.2602864610792244
v -0.8481125040929349 -0.2565137935119489 -2.078209385308125
vt 0.3125 0.375
vt 0.265625 0.375
vt 0.265625 0.03125
vt 0.3125 0.03125
vt 0.359375 0.375
vt 0.3125 0.375
vt 0.3125 0.03125
vt 0.359375 0.03125
vt 0.265625 0.375
vt 0.3125 0.375
vt 0.3125 0.03125
vt 0.265625 0.03125
vt 0.265625 0.375
vt 0.21875 0.375
vt 0.21875 0.03125
vt 0.265625 0.03125
vt 0.265625 0.375
vt 0.3125 0.375
vt 0.3125 0.421875
vt 0.265625 0.421875
vt 0.3125 0.421875
vt 0.359375 0.421875
vt 0.359375 0.375
vt 0.3125 0.375
vn 0.17729695222251712 -0.15991816210058468 -0.9710777374458636
vn 0.9762960071199334 0.15304591873303083 0.15304591873303117
vn -0.17729695222251712 0.15991816210058468 0.9710777374458636
vn -0.9762960071199334 -0.15304591873303083 -0.15304591873303117
vn -0.12414466244781332 0.9751938926129172 -0.1832620380662204
vn 0.12414466244781332 -0.9751938926129172 0.1832620380662204
usemtl m_32106622-412d-50ea-c58d-eafbf6f5adea
f 612/1828/457 615/1827/457 613/1826/457 610/1825/457
f 611/1832/458 612/1831/458 610/1830/458 609/1829/458
f 616/1836/459 611/1835/459 609/1834/459 614/1833/459
f 615/1840/460 616/1839/460 614/1838/460 613/1837/460
f 614/1844/461 609/1843/461 610/1842/461 613/1841/461
f 615/1848/462 612/1847/462 611/1846/462 616/1845/462
o cube
v -1.9553566307884291 1.0394095035314264 -2.2021440308898645
v -1.7983824117235074 0.9416095853496484 -2.1713135175533114
v -2.221218292468726 0.26455703376220985 -3.306474700092317
v -2.0642440734038043 0.16675711558043194 -3.2756441867557644
v -1.7024605582713552 1.0617221619906552 -2.2786830521660772
v -1.859434777336277 1.159522080172433 -2.3095135655026304
v -1.9683222199516521 0.28686969222143954 -3.3830137213685303
v -2.125296439016574 0.38466961040321745 -3.413844234705083
vt 0.265625 0.375
vt 0.3125 0.375
vt 0.3125 0.03125
vt 0.265625 0.03125
vt 0.21875 0.375
vt 0.265625 0.375
vt 0.265625 0.03125
vt 0.21875 0.03125
vt 0.3125 0.375
vt 0.265625 0.375
vt 0.265625 0.03125
vt 0.3125 0.03125
vt 0.3125 0.375
vt 0.359375 0.375
vt 0.359375 0.03125
vt 0.3125 0.03125
vt 0.3125 0.375
vt 0.265625 0.375
vt 0.265625 0.421875
vt 0.3125 0.421875
vt 0.359375 0.421875
vt 0.3125 0.421875
vt 0.3125 0.375
vt 0.359375 0.375
vn 0.8371958350129168 -0.5215995636361507 0.16442940446161788
vn -0.511583218411479 -0.6406004087520388 0.5726375179347524
vn -0.8371958350129168 0.5215995636361507 -0.16442940446161788
vn 0.511583218411479 0.6406004087520388 -0.5726375179347524
vn 0.19335393576748847 0.5635290689230662 0.803149577601784
vn -0.19335393576748847 -0.5635290689230662 -0.803149577601784
usemtl m_32106622-412d-50ea-c58d-eafbf6f5adea
f 620/1852/463 623/1851/463 621/1850/463 618/1849/463
f 619/1856/464 620/1855/464 618/1854/464 617/1853/464
f 624/1860/465 619/1859/465 617/1858/465 622/1857/465
f 623/1864/466 624/1863/466 622/1862/466 621/1861/466
f 622/1868/467 617/1867/467 618/1866/467 621/1865/467
f 623/1872/468 620/1871/468 619/1870/468 624/1869/468
o cube
v -1.3057779170655337 1.4098542565185546 -2.5447723966859463
v -1.2651954894521396 1.280414470191082 -2.6742121830134193
v -1.3057779170655337 0.4375824323870503 -1.5725005725544443
v -1.2651954894521396 0.3081426460595777 -1.7019403588819173
v -1.5092694912321223 1.2421529905078244 -2.7124736626966772
v -1.5498519188455164 1.371592776835297 -2.5830338763692042
v -1.5092694912321223 0.26988116637632004 -1.7402018385651752
v -1.5498519188455164 0.39932095270379264 -1.6107620522377022
vt 0.046875 0.375
vt 0.109375 0.375
vt 0.109375 0.03125
vt 0.046875 0.03125
vt 0.15625 0.375
vt 0.109375 0.375
vt 0.109375 0.03125
vt 0.15625 0.03125
vt 0.046875 0.375
vt 0.109375 0.375
vt 0.109375 0.03125
vt 0.046875 0.03125
vt 0.109375 0.375
vt 0.15625 0.375
vt 0.15625 0.03125
vt 0.109375 0.03125
vt 0.109375 0.375
vt 0.046875 0.375
vt 0.046875 0.421875
vt 0.109375 0.421875
vt 0.171875 0.421875
vt 0.109375 0.421875
vt 0.109375 0.375
vt 0.171875 0.375
vn 0.21643961393810296 -0.6903455270798541 -0.6903455270798556
vn 0.9762960071199335 0.1530459187330308 0.15304591873303117
vn -0.21643961393810296 0.6903455270798541 0.6903455270798556
vn -0.9762960071199335 -0.1530459187330308 -0.15304591873303117
vn -6.93889390390723e-17 0.7071067811865485 -0.7071067811865467
vn 6.93889390390723e-17 -0.7071067811865485 0.7071067811865467
usemtl m_32106622-412d-50ea-c58d-eafbf6f5adea
f 628/1876/469 631/1875/469 629/1874/469 626/1873/469
f 627/1880/470 628/1879/470 626/1878/470 625/1877/470
f 632/1884/471 627/1883/471 625/1882/471 630/1881/471
f 631/1888/472 632/1887/472 630/1886/472 629/1885/472
f 630/1892/473 625/1891/473 626/1890/473 629/1889/473
f 631/1896/474 628/1895/474 627/1894/474 632/1893/474
o cube
v -1.1227224157305455 0.7314435850944493 -1.8089695057369564
v -1.055085036374888 0.515710607881995 -2.0247024829494116
v -1.1227224157305455 0.4662785421494936 -1.5438044627920011
v -1.055085036374888 0.2505455649370393 -1.759537440004456
v -1.6652700408248462 0.4200569086738507 -2.120356182157556
v -1.7329074201805037 0.635789885886305 -1.9046232049451006
v -1.6652700408248462 0.15489186572889502 -1.8551911392126008
v -1.7329074201805037 0.37062484294134934 -1.6394581620001458
vt 0.53125 0.09375
vt 0.6875 0.09375
vt 0.6875 0
vt 0.53125 0
vt 0.453125 0.09375
vt 0.53125 0.09375
vt 0.53125 0
vt 0.453125 0
vt 0.765625 0.09375
vt 0.921875 0.09375
vt 0.921875 0
vt 0.765625 0
vt 0.53125 0.09375
vt 0.453125 0.09375
vt 0.453125 0
vt 0.53125 0
vt 0.6875 0.09375
vt 0.53125 0.09375
vt 0.53125 0.171875
vt 0.6875 0.171875
vt 0.84375 0.171875
vt 0.6875 0.171875
vt 0.6875 0.09375
vt 0.84375 0.09375
vn 0.21643961393810296 -0.6903455270798541 -0.6903455270798556
vn 0.9762960071199335 0.1530459187330308 0.15304591873303117
vn -0.21643961393810296 0.6903455270798541 0.6903455270798556
vn -0.9762960071199335 -0.1530459187330308 -0.15304591873303117
vn -6.93889390390723e-17 0.7071067811865485 -0.7071067811865467
vn 6.93889390390723e-17 -0.7071067811865485 0.7071067811865467
usemtl m_32106622-412d-50ea-c58d-eafbf6f5adea
f 636/1900/475 639/1899/475 637/1898/475 634/1897/475
f 635/1904/476 636/1903/476 634/1902/476 633/1901/476
f 640/1908/477 635/1907/477 633/1906/477 638/1905/477
f 639/1912/478 640/1911/478 638/1910/478 637/1909/478
f 638/1916/479 633/1915/479 634/1914/479 637/1913/479
f 639/1920/480 636/1919/480 635/1918/480 640/1917/480
o cube
v -1.06170391528555 1.2713390409051746 -2.329734221706052
v -0.9670115841876301 0.9693128728077387 -2.631760389803489
v -1.06170391528555 0.7410089550152636 -1.7994041358161417
v -0.9670115841876301 0.43898278691782755 -2.1014303039135784
v -1.69923358952758 0.8545284337579654 -2.7465448288532626
v -1.7939259206255 1.1565546018554014 -2.4445186607558256
v -1.69923358952758 0.32419834786805435 -2.216214742963352
v -1.7939259206255 0.6262245159654904 -1.9141885748659149
vt 0.109375 0.890625
vt 0.296875 0.890625
vt 0.296875 0.703125
vt 0.109375 0.703125
vt 0 0.890625
vt 0.109375 0.890625
vt 0.109375 0.703125
vt 0 0.703125
vt 0.40625 0.890625
vt 0.59375 0.890625
vt 0.59375 0.703125
vt 0.40625 0.703125
vt 0.296875 0.890625
vt 0.40625 0.890625
vt 0.40625 0.703125
vt 0.296875 0.703125
vt 0.296875 0.890625
vt 0.109375 0.890625
vt 0.109375 1
vt 0.296875 1
vt 0.484375 1
vt 0.296875 1
vt 0.296875 0.890625
vt 0.484375 0.890625
vn 0.21643961393810296 -0.6903455270798541 -0.6903455270798556
vn 0.9762960071199335 0.1530459187330308 0.15304591873303117
vn -0.21643961393810296 0.6903455270798541 0.6903455270798556
vn -0.9762960071199335 -0.1530459187330308 -0.15304591873303117
vn -6.93889390390723e-17 0.7071067811865485 -0.7071067811865467
vn 6.93889390390723e-17 -0.7071067811865485 0.7071067811865467
usemtl m_32106622-412d-50ea-c58d-eafbf6f5adea
f 644/1924/481 647/1923/481 645/1922/481 642/1921/481
f 643/1928/482 644/1927/482 642/1926/482 641/1925/482
f 648/1932/483 643/1931/483 641/1930/483 646/1929/483
f 647/1936/484 648/1935/484 646/1934/484 645/1933/484
f 646/1940/485 641/1939/485 642/1938/485 645/1937/485
f 647/1944/486 644/1943/486 643/1942/486 648/1941/486
o cube
v -1.8023665072376456 1.7950620941878945 -2.55932054966372
v -1.5544850632137592 1.635325566248146 -2.080316080634061
v -2.2856269313148685 1.8746798092592112 -2.2826860760934085
v -2.037745487290982 1.7149432813194627 -1.8036816070637496
v -1.7171040689414685 1.0426214563942091 -2.193814526166952
v -1.9649855129653548 1.2023579843339576 -2.672818995196611
v -2.200364493018691 1.1222391714655267 -1.9171800525966405
v -2.4482459370425778 1.2819756994052751 -2.3961845216262994
vt 0.140625 0.5625
vt 0.296875 0.5625
vt 0.296875 0.421875
vt 0.140625 0.421875
vt 0 0.5625
vt 0.140625 0.5625
vt 0.140625 0.421875
vt 0 0.421875
vt 0.4375 0.5625
vt 0.59375 0.5625
vt 0.59375 0.421875
vt 0.4375 0.421875
vt 0.296875 0.5625
vt 0.4375 0.5625
vt 0.4375 0.421875
vt 0.296875 0.421875
vt 0.296875 0.5625
vt 0.140625 0.5625
vt 0.140625 0.703125
vt 0.296875 0.703125
vt 0.453125 0.703125
vt 0.296875 0.703125
vt 0.296875 0.5625
vt 0.453125 0.5625
vn 0.44067812270913254 -0.28397604967066525 0.851563500497173
vn 0.2601904091643353 0.9483265757663003 0.18159751285262565
vn -0.44067812270913254 0.28397604967066525 -0.851563500497173
vn -0.2601904091643353 -0.9483265757663003 -0.18159751285262565
vn 0.8591296428039548 -0.14154260457123052 -0.491794619680555
vn -0.8591296428039548 0.14154260457123052 0.491794619680555
usemtl m_32106622-412d-50ea-c58d-eafbf6f5adea
f 652/1948/487 655/1947/487 653/1946/487 650/1945/487
f 651/1952/488 652/1951/488 650/1950/488 649/1949/488
f 656/1956/489 651/1955/489 649/1954/489 654/1953/489
f 655/1960/490 656/1959/490 654/1958/490 653/1957/490
f 654/1964/491 649/1963/491 650/1962/491 653/1961/491
f 655/1968/492 652/1967/492 651/1966/492 656/1965/492
o cube
v -2.1804388191138058 1.6673964717663408 -2.0392721712946194
v -2.0702692884365232 1.596402459348675 -1.8263812961703279
v -2.395221229814794 1.7027821229091478 -1.9163235163744807
v -2.2850516991375116 1.631788110491482 -1.7034326412501892
v -2.167840691873149 1.2407799934363144 -1.8944803634900622
v -2.278010222550431 1.3117740058539802 -2.1073712386143537
v -2.3826231025741373 1.2761656445791214 -1.7715317085699236
v -2.4927926332514194 1.3471596569967872 -1.984422583694215
vt 0.65625 0.9375
vt 0.75 0.9375
vt 0.75 0.875
vt 0.65625 0.875
vt 0.59375 0.9375
vt 0.65625 0.9375
vt 0.65625 0.875
vt 0.59375 0.875
vt 0.8125 0.9375
vt 0.90625 0.9375
vt 0.90625 0.875
vt 0.8125 0.875
vt 0.75 0.9375
vt 0.8125 0.9375
vt 0.8125 0.875
vt 0.75 0.875
vt 0.75 0.9375
vt 0.65625 0.9375
vt 0.65625 1
vt 0.75 1
vt 0.84375 1
vt 0.75 1
vt 0.75 0.9375
vt 0.84375 0.9375
vn 0.44067812270913254 -0.28397604967066525 0.851563500497173
vn 0.2601904091643353 0.9483265757663003 0.18159751285262565
vn -0.44067812270913254 0.28397604967066525 -0.851563500497173
vn -0.2601904091643353 -0.9483265757663003 -0.18159751285262565
vn 0.8591296428039548 -0.14154260457123052 -0.491794619680555
vn -0.8591296428039548 0.14154260457123052 0.491794619680555
usemtl m_32106622-412d-50ea-c58d-eafbf6f5adea
f 660/1972/493 663/1971/493 661/1970/493 658/1969/493
f 659/1976/494 660/1975/494 658/1974/494 657/1973/494
f 664/1980/495 659/1979/495 657/1978/495 662/1977/495
f 663/1984/496 664/1983/496 662/1982/496 661/1981/496
f 662/1988/497 657/1987/497 658/1986/497 661/1985/497
f 663/1992/498 660/1991/498 659/1990/498 664/1989/498
o cube
v -2.4926241401593416 1.6113908664411678 -1.8602082327304241
v -2.3716970752638917 1.6187543836603195 -2.0033119489293227
v -1.5466508711522637 0.9724560494512069 -1.0937084780259168
v -1.4257238062568134 0.9798195666703586 -1.2368121942248151
v -2.4548871965515366 1.3976025234913694 -2.084989721082824
v -2.5758142614469866 1.3902390062722176 -1.9418860048839253
v -1.5089139275444579 0.7586677065014085 -1.3184899663783163
v -1.6298409924399082 0.7513041892822567 -1.175386250179418
vt 0.046875 0.375
vt 0.109375 0.375
vt 0.109375 0.03125
vt 0.046875 0.03125
vt 0.15625 0.375
vt 0.109375 0.375
vt 0.109375 0.03125
vt 0.15625 0.03125
vt 0.046875 0.375
vt 0.109375 0.375
vt 0.109375 0.03125
vt 0.046875 0.03125
vt 0.109375 0.375
vt 0.15625 0.375
vt 0.15625 0.03125
vt 0.109375 0.03125
vt 0.109375 0.375
vt 0.046875 0.375
vt 0.046875 0.421875
vt 0.109375 0.421875
vt 0.171875 0.421875
vt 0.109375 0.421875
vt 0.109375 0.375
vt 0.171875 0.375
vn 0.6449443461090679 0.03927209183547615 -0.7632198197274577
vn 0.3327604851505808 0.8846074406758069 0.32671108861400633
vn -0.6449443461090679 -0.03927209183547615 0.7632198197274577
vn -0.3327604851505808 -0.8846074406758069 -0.32671108861400633
vn -0.6879805592778745 0.46467986690178986 -0.5574543670578229
vn 0.6879805592778745 -0.46467986690178986 0.5574543670578229
usemtl m_32106622-412d-50ea-c58d-eafbf6f5adea
f 668/1996/499 671/1995/499 669/1994/499 666/1993/499
f 667/2000/500 668/1999/500 666/1998/500 665/1997/500
f 672/2004/501 667/2003/501 665/2002/501 670/2001/501
f 671/2008/502 672/2007/502 670/2006/502 669/2005/502
f 670/2012/503 665/2011/503 666/2010/503 669/2009/503
f 671/2016/504 668/2015/504 667/2014/504 672/2013/504
o cube
v -1.7422509899157324 1.3125748946660902 -1.2414955365574742
v -1.5407058817566486 1.3248474233646768 -1.4800017302223047
v -1.48425828018653 1.1383199445779195 -1.032450148910791
v -1.2827131720274463 1.150592473276506 -1.2709563425756214
v -1.7486811849757613 0.7719677729422987 -1.6841961606060585
v -1.950226293134845 0.7596952442437122 -1.445689966941228
v -1.490688475246559 0.5977128228541284 -1.4751507729593751
v -1.6922335834056428 0.5854402941555419 -1.2366445792945446
vt 0.53125 0.09375
vt 0.6875 0.09375
vt 0.6875 0
vt 0.53125 0
vt 0.453125 0.09375
vt 0.53125 0.09375
vt 0.53125 0
vt 0.453125 0
vt 0.765625 0.09375
vt 0.921875 0.09375
vt 0.921875 0
vt 0.765625 0
vt 0.53125 0.09375
vt 0.453125 0.09375
vt 0.453125 0
vt 0.53125 0
vt 0.6875 0.09375
vt 0.53125 0.09375
vt 0.53125 0.171875
vt 0.6875 0.171875
vt 0.84375 0.171875
vt 0.6875 0.171875
vt 0.6875 0.09375
vt 0.84375 0.09375
vn 0.6449443461090679 0.03927209183547615 -0.7632198197274577
vn 0.3327604851505808 0.8846074406758069 0.32671108861400633
vn -0.6449443461090679 -0.03927209183547615 0.7632198197274577
vn -0.3327604851505808 -0.8846074406758069 -0.32671108861400633
vn -0.6879805592778745 0.46467986690178986 -0.5574543670578229
vn 0.6879805592778745 -0.46467986690178986 0.5574543670578229
usemtl m_32106622-412d-50ea-c58d-eafbf6f5adea
f 676/2020/505 679/2019/505 677/2018/505 674/2017/505
f 675/2024/506 676/2023/506 674/2022/506 673/2021/506
f 680/2028/507 675/2027/507 673/2026/507 678/2025/507
f 679/2032/508 680/2031/508 678/2030/508 677/2029/508
f 678/2036/509 673/2035/509 674/2034/509 677/2033/509
f 679/2040/510 676/2039/510 675/2038/510 680/2037/510
o cube
v -2.237438879052228 1.716372759884671 -1.6391668688124665
v -1.9552757276295103 1.7335543000626918 -1.9730755399432296
v -1.7214534595938211 1.3678628597083282 -1.2210760935190985
v -1.439290308171104 1.385044399886349 -1.5549847646498616
v -2.204846091492446 1.0700987195558378 -2.2181088564037337
v -2.4870092429151636 1.052917179377817 -1.8842001852729708
v -1.6888606720340387 0.7215888193794946 -1.8000180811103663
v -1.9710238234567563 0.7044072792014742 -1.4661094099796033
vt 0.109375 0.890625
vt 0.296875 0.890625
vt 0.296875 0.703125
vt 0.109375 0.703125
vt 0 0.890625
vt 0.109375 0.890625
vt 0.109375 0.703125
vt 0 0.703125
vt 0.40625 0.890625
vt 0.59375 0.890625
vt 0.59375 0.703125
vt 0.40625 0.703125
vt 0.296875 0.890625
vt 0.40625 0.890625
vt 0.40625 0.703125
vt 0.296875 0.703125
vt 0.296875 0.890625
vt 0.109375 0.890625
vt 0.109375 1
vt 0.296875 1
vt 0.484375 1
vt 0.296875 1
vt 0.296875 0.890625
vt 0.484375 0.890625
vn 0.6449443461090679 0.03927209183547615 -0.7632198197274577
vn 0.3327604851505808 0.8846074406758069 0.32671108861400633
vn -0.6449443461090679 -0.03927209183547615 0.7632198197274577
vn -0.3327604851505808 -0.8846074406758069 -0.32671108861400633
vn -0.6879805592778745 0.46467986690178986 -0.5574543670578229
vn 0.6879805592778745 -0.46467986690178986 0.5574543670578229
usemtl m_32106622-412d-50ea-c58d-eafbf6f5adea
f 684/2044/511 687/2043/511 685/2042/511 682/2041/511
f 683/2048/512 684/2047/512 682/2046/512 681/2045/512
f 688/2052/513 683/2051/513 681/2050/513 686/2049/513
f 687/2056/514 688/2055/514 686/2054/514 685/2053/514
f 686/2060/515 681/2059/515 682/2058/515 685/2057/515
f 687/2064/516 684/2063/516 683/2062/516 688/2061/516
o cube
v 2.7481892630265694 2.3197314828002735 0.9138964631100812
v 2.8413526474602726 1.7833098915003962 1.0552425284538538
v 2.9731251544649417 2.225247043899408 0.40706040919480024
v 3.066288538898645 1.6888254525995312 0.5484064745385728
v 3.40477547460939 1.9393836995896399 1.2761965604963335
v 3.3116120901756867 2.4758052908895167 1.1348504951525609
v 3.6297113660477622 1.8448992606887744 0.7693605065810525
v 3.536547981614059 2.3813208519886513 0.6280144412372799
vt 0.140625 0.5625
vt 0.296875 0.5625
vt 0.296875 0.421875
vt 0.140625 0.421875
vt 0 0.5625
vt 0.140625 0.5625
vt 0.140625 0.421875
vt 0 0.421875
vt 0.4375 0.5625
vt 0.59375 0.5625
vt 0.59375 0.421875
vt 0.4375 0.421875
vt 0.296875 0.5625
vt 0.4375 0.5625
vt 0.4375 0.421875
vt 0.296875 0.421875
vt 0.296875 0.5625
vt 0.140625 0.5625
vt 0.140625 0.703125
vt 0.296875 0.703125
vt 0.453125 0.703125
vt 0.296875 0.703125
vt 0.296875 0.5625
vt 0.453125 0.5625
vn 0.1656237945488057 -0.9536383845331144 0.2512818939444841
vn -0.9014765234385745 -0.24971809294278557 -0.35352645126796317
vn -0.1656237945488057 0.9536383845331144 -0.2512818939444841
vn 0.9014765234385745 0.24971809294278557 0.35352645126796317
vn -0.399886029223773 0.16797233582376045 0.9010418736271659
vn 0.399886029223773 -0.16797233582376045 -0.9010418736271659
usemtl m_32106622-412d-50ea-c58d-eafbf6f5adea
f 692/2068/517 695/2067/517 693/2066/517 690/2065/517
f 691/2072/518 692/2071/518 690/2070/518 689/2069/518
f 696/2076/519 691/2075/519 689/2074/519 694/2073/519
f 695/2080/520 696/2079/520 694/2078/520 693/2077/520
f 694/2084/521 689/2083/521 690/2082/521 693/2081/521
f 695/2088/522 692/2087/522 691/2086/522 696/2085/522
o cube
v 3.1375671556912708 1.958449810350659 0.5297768074609488
v 3.178973104328472 1.7200402142173807 0.5925972809470696
v 3.237538662997214 1.9164567263947188 0.30451633905415765
v 3.278944611634415 1.6780471302614406 0.3673368125402785
v 3.5170268006179404 1.8136844990709262 0.7251697001725574
v 3.4756208519807394 2.0520940952042044 0.6623492266864366
v 3.6169983079238834 1.771691415114986 0.4999092317657663
v 3.5755923592866825 2.0101010112482642 0.43708875827964544
vt 0.65625 0.9375
vt 0.75 0.9375
vt 0.75 0.875
vt 0.65625 0.875
vt 0.59375 0.9375
vt 0.65625 0.9375
vt 0.65625 0.875
vt 0.59375 0.875
vt 0.8125 0.9375
vt 0.90625 0.9375
vt 0.90625 0.875
vt 0.8125 0.875
vt 0.75 0.9375
vt 0.8125 0.9375
vt 0.8125 0.875
vt 0.75 0.875
vt 0.75 0.9375
vt 0.65625 0.9375
vt 0.65625 1
vt 0.75 1
vt 0.84375 1
vt 0.75 1
vt 0.75 0.9375
vt 0.84375 0.9375
vn 0.1656237945488057 -0.9536383845331144 0.2512818939444841
vn -0.9014765234385745 -0.24971809294278557 -0.35352645126796317
vn -0.1656237945488057 0.9536383845331144 -0.2512818939444841
vn 0.9014765234385745 0.24971809294278557 0.35352645126796317
vn -0.399886029223773 0.16797233582376045 0.9010418736271659
vn 0.399886029223773 -0.16797233582376045 -0.9010418736271659
usemtl m_32106622-412d-50ea-c58d-eafbf6f5adea
f 700/2092/523 703/2091/523 701/2090/523 698/2089/523
f 699/2096/524 700/2095/524 698/2094/524 697/2093/524
f 704/2100/525 699/2099/525 697/2098/525 702/2097/525
f 703/2104/526 704/2103/526 702/2102/526 701/2101/526
f 702/2108/527 697/2107/527 698/2106/527 701/2105/527
f 703/2112/528 700/2111/528 699/2110/528 704/2109/528
o cube
v -0.4108543104831215 1.4986043110387244 -2.412998112880844
v -0.32889183977586045 1.6516510208751782 -2.342180685620338
v -0.9696553346731966 2.2601979066054247 -3.4121685740914973
v -0.8876928639659356 2.4132446164418786 -3.3413511468309913
v -0.4793310039287175 1.6824303872568962 -2.2345845030945153
v -0.5612934746359786 1.5293836774204426 -2.3054019303550213
v -1.0381320281187927 2.4440239828235963 -3.2337549643051675
v -1.1200944988260537 2.290977272987143 -3.3045723915656735
vt 0.3125 0.375
vt 0.265625 0.375
vt 0.265625 0.03125
vt 0.3125 0.03125
vt 0.359375 0.375
vt 0.3125 0.375
vt 0.3125 0.03125
vt 0.359375 0.03125
vt 0.265625 0.375
vt 0.3125 0.375
vt 0.3125 0.03125
vt 0.265625 0.03125
vt 0.265625 0.375
vt 0.21875 0.375
vt 0.21875 0.03125
vt 0.265625 0.03125
vt 0.265625 0.375
vt 0.3125 0.375
vt 0.3125 0.421875
vt 0.265625 0.421875
vt 0.3125 0.421875
vt 0.359375 0.421875
vt 0.359375 0.375
vt 0.3125 0.375
vn 0.4371331771053958 0.8162491191277605 0.3776929453893698
vn 0.8023422088152301 -0.16415662070249445 -0.5738463068043876
vn -0.4371331771053958 -0.8162491191277605 -0.3776929453893698
vn -0.8023422088152301 0.16415662070249445 0.5738463068043876
vn 0.4064007448655095 -0.5538862513212365 0.7266694263350201
vn -0.4064007448655095 0.5538862513212365 -0.7266694263350201
usemtl m_32106622-412d-50ea-c58d-eafbf6f5adea
f 708/2116/529 711/2115/529 709/2114/529 706/2113/529
f 707/2120/530 708/2119/530 706/2118/530 705/2117/530
f 712/2124/531 707/2123/531 705/2122/531 710/2121/531
f 711/2128/532 712/2127/532 710/2126/532 709/2125/532
f 710/2132/533 705/2131/533 706/2130/533 709/2129/533
f 711/2136/534 708/2135/534 707/2134/534 712/2133/534
o cube
v -0.48976274930267616 1.9409741872535755 -1.8454317570836247
v -0.6393575930547377 1.981932550331666 -1.95078850920118
v -0.6859391389943479 0.6017456410160247 -2.0875200159273763
v -0.8355339827464094 0.6427040040941152 -2.1928767680449317
v -0.7857937712630934 1.9668570128811185 -1.7487262072190752
v -0.6361989275110318 1.925898649803028 -1.6433694551015199
v -0.9819701609547655 0.6276284666435676 -1.9908144660628269
v -0.832375317202704 0.5866701035654771 -1.8854577139452715
vt 0.046875 0.375
vt 0.109375 0.375
vt 0.109375 0.03125
vt 0.046875 0.03125
vt 0.15625 0.375
vt 0.109375 0.375
vt 0.109375 0.03125
vt 0.15625 0.03125
vt 0.046875 0.375
vt 0.109375 0.375
vt 0.109375 0.03125
vt 0.046875 0.03125
vt 0.109375 0.375
vt 0.15625 0.375
vt 0.15625 0.03125
vt 0.109375 0.03125
vt 0.109375 0.375
vt 0.046875 0.375
vt 0.046875 0.421875
vt 0.109375 0.421875
vt 0.171875 0.421875
vt 0.109375 0.421875
vt 0.109375 0.375
vt 0.171875 0.375
vn -0.7978391666776578 0.21844460308314803 -0.5619026779602908
vn 0.5857447128334257 0.060302149802190355 -0.8082492079284223
vn 0.7978391666776578 -0.21844460308314803 0.5619026779602908
vn -0.5857447128334257 -0.060302149802190355 0.8082492079284223
vn 0.14267373795757982 0.973984397263673 0.17606418825000103
vn -0.14267373795757982 -0.973984397263673 -0.17606418825000103
usemtl m_32106622-412d-50ea-c58d-eafbf6f5adea
f 716/2140/535 719/2139/535 717/2138/535 714/2137/535
f 715/2144/536 716/2143/536 714/2142/536 713/2141/536
f 720/2148/537 715/2147/537 713/2146/537 718/2145/537
f 719/2152/538 720/2151/538 718/2150/538 717/2149/538
f 718/2156/539 713/2155/539 714/2154/539 717/2153/539
f 719/2160/540 716/2159/540 715/2158/540 720/2157/540
o cube
v -0.5226093536039884 0.9782964430778116 -2.1730426718202054
v -0.7719340931907572 1.0465603815412956 -2.348637258682797
v -0.5761120053380804 0.6130522941039354 -2.2390667424139554
v -0.8254367449248492 0.6813162325674194 -2.414661329276547
v -1.1380245387116479 1.0088715379149267 -1.843481503727534
v -0.8886997991248791 0.9406075994514427 -1.6678869168649424
v -1.1915271904457403 0.6436273889410504 -1.909505574321284
v -0.9422024508589715 0.5753634504775664 -1.7339109874586924
vt 0.53125 0.09375
vt 0.6875 0.09375
vt 0.6875 0
vt 0.53125 0
vt 0.453125 0.09375
vt 0.53125 0.09375
vt 0.53125 0
vt 0.453125 0
vt 0.765625 0.09375
vt 0.921875 0.09375
vt 0.921875 0
vt 0.765625 0
vt 0.53125 0.09375
vt 0.453125 0.09375
vt 0.453125 0
vt 0.53125 0
vt 0.6875 0.09375
vt 0.53125 0.09375
vt 0.53125 0.171875
vt 0.6875 0.171875
vt 0.84375 0.171875
vt 0.6875 0.171875
vt 0.6875 0.09375
vt 0.84375 0.09375
vn -0.7978391666776578 0.21844460308314803 -0.5619026779602908
vn 0.5857447128334257 0.060302149802190355 -0.8082492079284223
vn 0.7978391666776578 -0.21844460308314803 0.5619026779602908
vn -0.5857447128334257 -0.060302149802190355 0.8082492079284223
vn 0.14267373795757982 0.973984397263673 0.17606418825000103
vn -0.14267373795757982 -0.973984397263673 -0.17606418825000103
usemtl m_32106622-412d-50ea-c58d-eafbf6f5adea
f 724/2164/541 727/2163/541 725/2162/541 722/2161/541
f 723/2168/542 724/2167/542 722/2166/542 721/2165/542
f 728/2172/543 723/2171/543 721/2170/543 726/2169/543
f 727/2176/544 728/2175/544 726/2174/544 725/2173/544
f 726/2180/545 721/2179/545 722/2178/545 725/2177/545
f 727/2184/546 724/2183/546 723/2182/546 728/2181/546
o cube
v -0.3789950055837146 1.712553625388204 -2.091510106128231
v -0.7280496410051893 1.8081231392370811 -2.337342527735858
v -0.4860003090518994 0.9820653274404485 -2.223558247315732
v -0.8350549444733741 1.0776348412893255 -2.469390668923359
v -1.167358175630258 1.7628965268854384 -1.7311556217895427
v -0.8183035402087833 1.6673270130365614 -1.4853232001819157
v -1.2743634790984428 1.0324082289376828 -1.8632037629770437
v -0.9253088436769681 0.9368387150888058 -1.6173713413694166
vt 0.109375 0.890625
vt 0.296875 0.890625
vt 0.296875 0.703125
vt 0.109375 0.703125
vt 0 0.890625
vt 0.109375 0.890625
vt 0.109375 0.703125
vt 0 0.703125
vt 0.40625 0.890625
vt 0.59375 0.890625
vt 0.59375 0.703125
vt 0.40625 0.703125
vt 0.296875 0.890625
vt 0.40625 0.890625
vt 0.40625 0.703125
vt 0.296875 0.703125
vt 0.296875 0.890625
vt 0.109375 0.890625
vt 0.109375 1
vt 0.296875 1
vt 0.484375 1
vt 0.296875 1
vt 0.296875 0.890625
vt 0.484375 0.890625
vn -0.7978391666776578 0.21844460308314803 -0.5619026779602908
vn 0.5857447128334257 0.060302149802190355 -0.8082492079284223
vn 0.7978391666776578 -0.21844460308314803 0.5619026779602908
vn -0.5857447128334257 -0.060302149802190355 0.8082492079284223
vn 0.14267373795757982 0.973984397263673 0.17606418825000103
vn -0.14267373795757982 -0.973984397263673 -0.17606418825000103
usemtl m_32106622-412d-50ea-c58d-eafbf6f5adea
f 732/2188/547 735/2187/547 733/2186/547 730/2185/547
f 731/2192/548 732/2191/548 730/2190/548 729/2189/548
f 736/2196/549 731/2195/549 729/2194/549 734/2193/549
f 735/2200/550 736/2199/550 734/2198/550 733/2197/550
f 734/2204/551 729/2203/551 730/2202/551 733/2201/551
f 735/2208/552 732/2207/552 731/2206/552 736/2205/552
o cube
v -3.2455675615695103 0.8974524614080277 -0.7020993813097254
v -3.3272371932043825 1.0229485705659638 -0.8149579115803416
v -3.498373797890685 -0.09355303502500867 -1.6211326303908629
v -3.580043429525557 0.03194307413292741 -1.733991160661479
v -3.5475315163694674 0.9778326756440707 -0.705710636069079
v -3.465861884734595 0.8523365664861347 -0.5928521057984628
v -3.800337752690642 -0.013172820788966533 -1.6247438851502165
v -3.71866812105577 -0.1386689299469026 -1.5118853548796003
vt 0.109375 0.375
vt 0.046875 0.375
vt 0.046875 0.03125
vt 0.109375 0.03125
vt 0.15625 0.375
vt 0.109375 0.375
vt 0.109375 0.03125
vt 0.15625 0.03125
vt 0.109375 0.375
vt 0.046875 0.375
vt 0.046875 0.03125
vt 0.109375 0.03125
vt 0.109375 0.375
vt 0.15625 0.375
vt 0.15625 0.03125
vt 0.109375 0.03125
vt 0.046875 0.375
vt 0.109375 0.375
vt 0.109375 0.421875
vt 0.046875 0.421875
vt 0.109375 0.421875
vt 0.171875 0.421875
vt 0.171875 0.375
vt 0.109375 0.375
vn -0.43557136871932023 0.6693125821756599 -0.6019121614432861
vn 0.881177292660341 0.18046357968757404 -0.4369891020450497
vn 0.43557136871932023 -0.6693125821756599 0.6019121614432861
vn -0.881177292660341 -0.18046357968757404 0.4369891020450497
vn 0.1838590809608547 0.7207312701331178 0.6683878175135546
vn -0.1838590809608547 -0.7207312701331178 -0.6683878175135546
usemtl m_32106622-412d-50ea-c58d-eafbf6f5adea
f 740/2212/553 743/2211/553 741/2210/553 738/2209/553
f 739/2216/554 740/2215/554 738/2214/554 737/2213/554
f 744/2220/555 739/2219/555 737/2218/555 742/2217/555
f 743/2224/556 744/2223/556 742/2222/556 741/2221/556
f 742/2228/557 737/2227/557 738/2226/557 741/2225/557
f 743/2232/558 740/2231/558 739/2230/558 744/2229/558
o cube
v -3.2642059001565507 0.21055811246633027 -1.4524226554567266
v -3.400321952881338 0.4197182943962239 -1.6405202059077535
v -3.3331530555168714 -0.05971611383358866 -1.7030680870243096
v -3.469269108241659 0.14944406809630495 -1.8911656374753365
v -3.9510577607940505 0.30692855709149036 -1.3674020171295975
v -3.814941708069263 0.09776837516159675 -1.1793044666785706
v -4.020004916154371 0.03665433079157099 -1.6180474486971805
v -3.8838888634295836 -0.17250585113832262 -1.4299498982461536
vt 0.6875 0.09375
vt 0.53125 0.09375
vt 0.53125 0
vt 0.6875 0
vt 0.453125 0.09375
vt 0.53125 0.09375
vt 0.53125 0
vt 0.453125 0
vt 0.921875 0.09375
vt 0.765625 0.09375
vt 0.765625 0
vt 0.921875 0
vt 0.53125 0.09375
vt 0.453125 0.09375
vt 0.453125 0
vt 0.53125 0
vt 0.53125 0.09375
vt 0.6875 0.09375
vt 0.6875 0.171875
vt 0.53125 0.171875
vt 0.6875 0.171875
vt 0.84375 0.171875
vt 0.84375 0.09375
vt 0.6875 0.09375
vn -0.43557136871932023 0.6693125821756599 -0.6019121614432861
vn 0.881177292660341 0.18046357968757404 -0.4369891020450497
vn 0.43557136871932023 -0.6693125821756599 0.6019121614432861
vn -0.881177292660341 -0.18046357968757404 0.4369891020450497
vn 0.1838590809608547 0.7207312701331178 0.6683878175135546
vn -0.1838590809608547 -0.7207312701331178 -0.6683878175135546
usemtl m_32106622-412d-50ea-c58d-eafbf6f5adea
f 748/2236/559 751/2235/559 749/2234/559 746/2233/559
f 747/2240/560 748/2239/560 746/2238/560 745/2237/560
f 752/2244/561 747/2243/561 745/2242/561 750/2241/561
f 751/2248/562 752/2247/562 750/2246/562 749/2245/562
f 750/2252/563 745/2251/563 746/2250/563 749/2249/563
f 751/2256/564 748/2255/564 747/2254/564 752/2253/564
o cube
v -3.071238008644639 0.7623855387966421 -0.9784436111993762
v -3.261800482459342 1.0552097934984932 -1.2417801818308138
v -3.2091323193652794 0.22183708619680376 -1.479734474334542
v -3.3996947931799824 0.5146613408986549 -1.7430710449659796
v -3.9226834519545966 0.9198621087328132 -0.9140383552970266
v -3.7321209781398936 0.627037854030962 -0.6507017846655889
v -4.060577762675237 0.3793136561329744 -1.4153292184321924
v -3.870015288860534 0.08648940143112327 -1.1519926478007547
vt 0.296875 0.890625
vt 0.109375 0.890625
vt 0.109375 0.703125
vt 0.296875 0.703125
vt 0.40625 0.890625
vt 0.296875 0.890625
vt 0.296875 0.703125
vt 0.40625 0.703125
vt 0.59375 0.890625
vt 0.40625 0.890625
vt 0.40625 0.703125
vt 0.59375 0.703125
vt 0.109375 0.890625
vt 0 0.890625
vt 0 0.703125
vt 0.109375 0.703125
vt 0.109375 0.890625
vt 0.296875 0.890625
vt 0.296875 1
vt 0.109375 1
vt 0.296875 1
vt 0.484375 1
vt 0.484375 0.890625
vt 0.296875 0.890625
vn -0.43557136871932023 0.6693125821756599 -0.6019121614432861
vn 0.881177292660341 0.18046357968757404 -0.4369891020450497
vn 0.43557136871932023 -0.6693125821756599 0.6019121614432861
vn -0.881177292660341 -0.18046357968757404 0.4369891020450497
vn 0.1838590809608547 0.7207312701331178 0.6683878175135546
vn -0.1838590809608547 -0.7207312701331178 -0.6683878175135546
usemtl m_32106622-412d-50ea-c58d-eafbf6f5adea
f 756/2260/565 759/2259/565 757/2258/565 754/2257/565
f 755/2264/566 756/2263/566 754/2262/566 753/2261/566
f 760/2268/567 755/2267/567 753/2266/567 758/2265/567
f 759/2272/568 760/2271/568 758/2270/568 757/2269/568
f 758/2276/569 753/2275/569 754/2274/569 757/2273/569
f 759/2280/570 756/2279/570 755/2278/570 760/2277/570
o cube
v -3.5770428605511304 1.6176675660566535 -1.0197286090687627
v -3.86165971159273 2.0588321054104517 -0.8178044962939013
v -3.9237834131844256 1.2689671062079633 -0.746625645956188
v -4.208400264226025 1.7101316455617614 -0.5447015331813265
v -3.4845844051298176 2.074070479568847 -0.31960071749559793
v -3.199967554088218 1.632905940215049 -0.5215248302704594
v -3.8313249577631137 1.725370019720157 -0.04649775438302317
v -3.546708106721514 1.2842054803663587 -0.2484218671578846
vt 0.140625 0.5625
vt 0.296875 0.5625
vt 0.296875 0.421875
vt 0.140625 0.421875
vt 0 0.5625
vt 0.140625 0.5625
vt 0.140625 0.421875
vt 0 0.421875
vt 0.4375 0.5625
vt 0.59375 0.5625
vt 0.59375 0.421875
vt 0.4375 0.421875
vt 0.296875 0.5625
vt 0.4375 0.5625
vt 0.4375 0.421875
vt 0.296875 0.421875
vt 0.296875 0.5625
vt 0.140625 0.5625
vt 0.140625 0.703125
vt 0.296875 0.703125
vt 0.453125 0.703125
vt 0.296875 0.703125
vt 0.296875 0.5625
vt 0.453125 0.5625
vn -0.5059855129628439 0.784292514406752 0.3589762004886431
vn -0.6033204903406602 -0.02438139865343279 -0.7971260460772863
vn 0.5059855129628439 -0.784292514406752 -0.3589762004886431
vn 0.6033204903406602 0.02438139865343279 0.7971260460772863
vn 0.6164276491258592 0.6199119286198943 -0.4855163788667997
vn -0.6164276491258592 -0.6199119286198943 0.4855163788667997
usemtl m_32106622-412d-50ea-c58d-eafbf6f5adea
f 764/2284/571 767/2283/571 765/2282/571 762/2281/571
f 763/2288/572 764/2287/572 762/2286/572 761/2285/572
f 768/2292/573 763/2291/573 761/2290/573 766/2289/573
f 767/2296/574 768/2295/574 766/2294/574 765/2293/574
f 766/2300/575 761/2299/575 762/2298/575 765/2297/575
f 767/2304/576 764/2303/576 763/2302/576 768/2301/576
o cube
v -4.006488824692732 1.5171061917917523 -0.5348048275438262
v -4.132985202933443 1.7131793203934405 -0.4450607774216655
v -4.160595736974196 1.3621282096367788 -0.41342573282712625
v -4.287092115214907 1.558201338238467 -0.32368168270496556
v -3.906740019055695 1.722322344888478 -0.1461385101426833
v -3.7802436408149838 1.5262492162867898 -0.235882560264844
v -4.06084693133716 1.567344362733504 -0.024759415425983367
v -3.934350553096449 1.3712712341318158 -0.11450346554814406
vt 0.65625 0.9375
vt 0.75 0.9375
vt 0.75 0.875
vt 0.65625 0.875
vt 0.59375 0.9375
vt 0.65625 0.9375
vt 0.65625 0.875
vt 0.59375 0.875
vt 0.8125 0.9375
vt 0.90625 0.9375
vt 0.90625 0.875
vt 0.8125 0.875
vt 0.75 0.9375
vt 0.8125 0.9375
vt 0.8125 0.875
vt 0.75 0.875
vt 0.75 0.9375
vt 0.65625 0.9375
vt 0.65625 1
vt 0.75 1
vt 0.84375 1
vt 0.75 1
vt 0.75 0.9375
vt 0.84375 0.9375
vn -0.5059855129628439 0.784292514406752 0.3589762004886431
vn -0.6033204903406602 -0.02438139865343279 -0.7971260460772863
vn 0.5059855129628439 -0.784292514406752 -0.3589762004886431
vn 0.6033204903406602 0.02438139865343279 0.7971260460772863
vn 0.6164276491258592 0.6199119286198943 -0.4855163788667997
vn -0.6164276491258592 -0.6199119286198943 0.4855163788667997
usemtl m_32106622-412d-50ea-c58d-eafbf6f5adea
f 772/2308/577 775/2307/577 773/2306/577 770/2305/577
f 771/2312/578 772/2311/578 770/2310/578 769/2309/578
f 776/2316/579 771/2315/579 769/2314/579 774/2313/579
f 775/2320/580 776/2319/580 774/2318/580 773/2317/580
f 774/2324/581 769/2323/581 770/2322/581 773/2321/581
f 775/2328/582 772/2327/582 771/2326/582 776/2325/582
o cube
v -3.517290524129217 1.1488992515764878 -0.7599056439618121
v -3.6363405476965673 1.2158545820289182 -0.6314520507360122
v -4.576635823536511 0.8370426540912606 -1.579147976381595
v -4.695685847103862 0.9039979845436905 -1.4506943831557955
v -3.6470994862926673 1.0459581971869731 -0.552866341743071
v -3.528049462725317 0.9790028667345432 -0.6813199349688706
v -4.706444785699961 0.7341015997017459 -1.3721086741628543
v -4.587394762132611 0.667146269249316 -1.5005622673886538
vt 0.3125 0.375
vt 0.265625 0.375
vt 0.265625 0.03125
vt 0.3125 0.03125
vt 0.359375 0.375
vt 0.3125 0.375
vt 0.3125 0.03125
vt 0.359375 0.03125
vt 0.265625 0.375
vt 0.3125 0.375
vt 0.3125 0.03125
vt 0.265625 0.03125
vt 0.265625 0.375
vt 0.21875 0.375
vt 0.21875 0.03125
vt 0.265625 0.03125
vt 0.265625 0.375
vt 0.3125 0.375
vt 0.3125 0.421875
vt 0.265625 0.421875
vt 0.3125 0.421875
vt 0.359375 0.421875
vt 0.359375 0.375
vt 0.3125 0.375
vn -0.6349334590258683 0.3570950957462949 0.6850858305375982
vn 0.057381005845864724 0.9061140524903709 -0.4191237812956863
vn 0.6349334590258683 -0.3570950957462949 -0.6850858305375982
vn -0.057381005845864724 -0.9061140524903709 0.4191237812956863
vn 0.7704329450234868 0.22680479817107455 0.595812605396206
vn -0.7704329450234868 -0.22680479817107455 -0.595812605396206
usemtl m_32106622-412d-50ea-c58d-eafbf6f5adea
f 780/2332/583 783/2331/583 781/2330/583 778/2329/583
f 779/2336/584 780/2335/584 778/2334/584 777/2333/584
f 784/2340/585 779/2339/585 777/2338/585 782/2337/585
f 783/2344/586 784/2343/586 782/2342/586 781/2341/586
f 782/2348/587 777/2347/587 778/2346/587 781/2345/587
f 783/2352/588 780/2351/588 779/2350/588 784/2349/588
o cube
v -3.6256369407843527 1.0039460591276308 0.14054442453125882
v -3.7807486529956353 1.0985137855387705 0.09413804720753394
v -4.34537748167124 0.27253430818919355 1.055768661750215
v -4.500489193882522 0.3671020346003333 1.0093622844264902
v -3.742487921666827 1.2260501852535892 0.2261487785363414
v -3.5873762094555444 1.1314824588424495 0.2725551558600663
v -4.462228462553714 0.494638434315152 1.1413730157552977
v -4.307116750342432 0.4000707079040122 1.1877793930790226
vt 0.265625 0.375
vt 0.3125 0.375
vt 0.3125 0.03125
vt 0.265625 0.03125
vt 0.21875 0.375
vt 0.265625 0.375
vt 0.265625 0.03125
vt 0.21875 0.03125
vt 0.3125 0.375
vt 0.265625 0.375
vt 0.265625 0.03125
vt 0.3125 0.03125
vt 0.3125 0.375
vt 0.359375 0.375
vt 0.359375 0.03125
vt 0.3125 0.03125
vt 0.3125 0.375
vt 0.265625 0.375
vt 0.265625 0.421875
vt 0.3125 0.421875
vt 0.359375 0.421875
vt 0.3125 0.421875
vt 0.3125 0.375
vt 0.359375 0.375
vn -0.8272624651268425 0.5043612075260798 -0.24750067905986514
vn -0.2040572337536437 -0.6801941318123687 -0.7040572337536408
vn 0.8272624651268425 -0.5043612075260798 0.24750067905986514
vn 0.2040572337536437 0.6801941318123687 0.7040572337536408
vn 0.5234476660995546 0.5319358188643178 -0.6656176270683318
vn -0.5234476660995546 -0.5319358188643178 0.6656176270683318
usemtl m_32106622-412d-50ea-c58d-eafbf6f5adea
f 788/2356/589 791/2355/589 789/2354/589 786/2353/589
f 787/2360/590 788/2359/590 786/2358/590 785/2357/590
f 792/2364/591 787/2363/591 785/2362/591 790/2361/591
f 791/2368/592 792/2367/592 790/2366/592 789/2365/592
f 790/2372/593 785/2371/593 786/2370/593 789/2369/593
f 791/2376/594 788/2375/594 787/2374/594 792/2373/594
o cube
v -3.6749541000924983 1.2856605680190691 -0.6142756071086071
v -3.8443193780496587 1.2582018287553085 -0.5386603291514467
v -3.3028817812419873 0.015326210816049901 -0.24220328825809556
v -3.4722470591991472 -0.012132528447711177 -0.16658801030093517
v -3.761080542919614 1.3465901764036268 -0.3201224689848532
v -3.591715264962454 1.3740489156673874 -0.3957377469420136
v -3.3890082240691033 0.07625581920060798 0.051949849865658315
v -3.219642946111943 0.10371455846436906 -0.023665428091502072
vt 0.046875 0.375
vt 0.109375 0.375
vt 0.109375 0.03125
vt 0.046875 0.03125
vt 0.15625 0.375
vt 0.109375 0.375
vt 0.109375 0.03125
vt 0.15625 0.03125
vt 0.046875 0.375
vt 0.109375 0.375
vt 0.109375 0.03125
vt 0.046875 0.03125
vt 0.109375 0.375
vt 0.15625 0.375
vt 0.15625 0.03125
vt 0.109375 0.03125
vt 0.109375 0.375
vt 0.046875 0.375
vt 0.046875 0.421875
vt 0.109375 0.421875
vt 0.171875 0.421875
vt 0.109375 0.421875
vt 0.109375 0.375
vt 0.171875 0.375
vn -0.9032814824381875 -0.14644660940672555 0.4032814824381903
vn -0.3329553405201771 -0.353553390593275 -0.8741514406663711
vn 0.9032814824381875 0.14644660940672555 -0.4032814824381903
vn 0.3329553405201771 0.353553390593275 0.8741514406663711
vn -0.27059805007309895 0.9238795325112865 -0.27059805007309934
vn 0.27059805007309895 -0.9238795325112865 0.27059805007309934
usemtl m_32106622-412d-50ea-c58d-eafbf6f5adea
f 796/2380/595 799/2379/595 797/2378/595 794/2377/595
f 795/2384/596 796/2383/596 794/2382/596 793/2381/596
f 800/2388/597 795/2387/597 793/2386/597 798/2385/597
f 799/2392/598 800/2391/598 798/2390/598 797/2389/598
f 798/2396/599 793/2395/599 794/2394/599 797/2393/599
f 799/2400/600 796/2399/600 795/2398/600 800/2397/600
o cube
v -3.4667851763669324 0.2954897747715437 -0.5075809521604517
v -3.7490606396288664 0.24972520933194176 -0.38155548889851687
v -3.3653109075895205 -0.05096504992018902 -0.40610668338303935
v -3.647586370851454 -0.09672961535979052 -0.2800812201211045
v -3.540963551803755 0.47069607845273786 0.1647891615179642
v -3.258688088541822 0.5164606438923398 0.03876369825602932
v -3.4394892830263433 0.12424125376100559 0.2662634302953766
v -3.1572138197644097 0.17000581920060753 0.1402379670334417
vt 0.53125 0.09375
vt 0.6875 0.09375
vt 0.6875 0
vt 0.53125 0
vt 0.453125 0.09375
vt 0.53125 0.09375
vt 0.53125 0
vt 0.453125 0
vt 0.765625 0.09375
vt 0.921875 0.09375
vt 0.921875 0
vt 0.765625 0
vt 0.53125 0.09375
vt 0.453125 0.09375
vt 0.453125 0
vt 0.53125 0
vt 0.6875 0.09375
vt 0.53125 0.09375
vt 0.53125 0.171875
vt 0.6875 0.171875
vt 0.84375 0.171875
vt 0.6875 0.171875
vt 0.6875 0.09375
vt 0.84375 0.09375
vn -0.9032814824381875 -0.14644660940672555 0.4032814824381903
vn -0.3329553405201771 -0.353553390593275 -0.8741514406663711
vn 0.9032814824381875 0.14644660940672555 -0.4032814824381903
vn 0.3329553405201771 0.353553390593275 0.8741514406663711
vn -0.27059805007309895 0.9238795325112865 -0.27059805007309934
vn 0.27059805007309895 -0.9238795325112865 0.27059805007309934
usemtl m_32106622-412d-50ea-c58d-eafbf6f5adea
f 804/2404/601 807/2403/601 805/2402/601 802/2401/601
f 803/2408/602 804/2407/602 802/2406/602 801/2405/602
f 808/2412/603 803/2411/603 801/2410/603 806/2409/603
f 807/2416/604 808/2415/604 806/2414/604 805/2413/604
f 806/2420/605 801/2419/605 802/2418/605 805/2417/605
f 807/2424/606 804/2423/606 803/2422/606 808/2421/606
o cube
v -3.690543422704268 0.9663023372429285 -0.7651639547569249
v -4.085729071270975 0.9022319456274861 -0.5887283061902169
v -3.4875948851494436 0.2733926878594639 -0.5622154172021006
v -3.8827805337161507 0.20932229624402154 -0.3857797686353921
v -3.836012565880842 1.1673969885724418 0.0668852743095627
v -3.440826917314135 1.2314673801878842 -0.10955037425714576
v -3.6330640283260176 0.47448733918897723 0.2698338118643866
v -3.2378783797593105 0.5385577308044196 0.09339816329767814
vt 0.109375 0.890625
vt 0.296875 0.890625
vt 0.296875 0.703125
vt 0.109375 0.703125
vt 0 0.890625
vt 0.109375 0.890625
vt 0.109375 0.703125
vt 0 0.703125
vt 0.40625 0.890625
vt 0.59375 0.890625
vt 0.59375 0.703125
vt 0.40625 0.703125
vt 0.296875 0.890625
vt 0.40625 0.890625
vt 0.40625 0.703125
vt 0.296875 0.703125
vt 0.296875 0.890625
vt 0.109375 0.890625
vt 0.109375 1
vt 0.296875 1
vt 0.484375 1
vt 0.296875 1
vt 0.296875 0.890625
vt 0.484375 0.890625
vn -0.9032814824381875 -0.14644660940672555 0.4032814824381903
vn -0.3329553405201771 -0.353553390593275 -0.8741514406663711
vn 0.9032814824381875 0.14644660940672555 -0.4032814824381903
vn 0.3329553405201771 0.353553390593275 0.8741514406663711
vn -0.27059805007309895 0.9238795325112865 -0.27059805007309934
vn 0.27059805007309895 -0.9238795325112865 0.27059805007309934
usemtl m_32106622-412d-50ea-c58d-eafbf6f5adea
f 812/2428/607 815/2427/607 813/2426/607 810/2425/607
f 811/2432/608 812/2431/608 810/2430/608 809/2429/608
f 816/2436/609 811/2435/609 809/2434/609 814/2433/609
f 815/2440/610 816/2439/610 814/2438/610 813/2437/610
f 814/2444/611 809/2443/611 810/2442/611 813/2441/611
f 815/2448/612 812/2447/612 811/2446/612 816/2445/612
o cube
v -2.500029890334787 1.4228059908079151 -1.121688040508582
v -2.5577464122549065 1.596657454599573 -1.1616970599284855
v -3.7617048654307323 0.9434754649069861 -1.3844493469373909
v -3.8194213873508525 1.1173269286986438 -1.4244583663572943
v -2.6206399706256027 1.630900082360021 -0.922172859147997
v -2.562923448705482 1.4570486185683635 -0.8821638397280935
v -3.8823149457215482 1.1515695564590922 -1.1849341655768058
v -3.824598423801428 0.9777180926674345 -1.1449251461569023
vt 0.046875 0.375
vt 0.109375 0.375
vt 0.109375 0.03125
vt 0.046875 0.03125
vt 0.15625 0.375
vt 0.109375 0.375
vt 0.109375 0.03125
vt 0.15625 0.03125
vt 0.046875 0.375
vt 0.109375 0.375
vt 0.109375 0.03125
vt 0.046875 0.03125
vt 0.109375 0.375
vt 0.15625 0.375
vt 0.15625 0.03125
vt 0.109375 0.03125
vt 0.109375 0.375
vt 0.046875 0.375
vt 0.046875 0.421875
vt 0.109375 0.421875
vt 0.171875 0.421875
vt 0.109375 0.421875
vt 0.109375 0.375
vt 0.171875 0.375
vn -0.3078214502406406 0.9272078068888413 -0.21338143690615227
vn 0.25157423348278235 -0.13697051104179322 -0.95809680312195
vn 0.3078214502406406 -0.9272078068888413 0.21338143690615227
vn -0.25157423348278235 0.13697051104179322 0.95809680312195
vn 0.917581800069781 0.34860401883704006 0.19109913194822536
vn -0.917581800069781 -0.34860401883704006 -0.19109913194822536
usemtl m_32106622-412d-50ea-c58d-eafbf6f5adea
f 820/2452/613 823/2451/613 821/2450/613 818/2449/613
f 819/2456/614 820/2455/614 818/2454/614 817/2453/614
f 824/2460/615 819/2459/615 817/2458/615 822/2457/615
f 823/2464/616 824/2463/616 822/2462/616 821/2461/616
f 822/2468/617 817/2467/617 818/2466/617 821/2465/617
f 823/2472/618 820/2471/618 819/2470/618 824/2469/618
o cube
v -3.3704415216265424 1.04852000115054 -1.4924303230421714
v -3.4666357248267428 1.3382724408033029 -1.559112022075344
v -3.7145346966527106 0.9177934940866499 -1.564092497522756
v -3.810728899852911 1.2075459337394128 -1.6307741965559286
v -3.623869620753482 1.4238790102044236 -0.9603015201241254
v -3.5276754175532816 1.1341265705516608 -0.8936198210909527
v -3.9679627957796497 1.2931525031405335 -1.03196369460471
v -3.87176859257945 1.0034000634877707 -0.9652819955715373
vt 0.53125 0.09375
vt 0.6875 0.09375
vt 0.6875 0
vt 0.53125 0
vt 0.453125 0.09375
vt 0.53125 0.09375
vt 0.53125 0
vt 0.453125 0
vt 0.765625 0.09375
vt 0.921875 0.09375
vt 0.921875 0
vt 0.765625 0
vt 0.53125 0.09375
vt 0.453125 0.09375
vt 0.453125 0
vt 0.53125 0
vt 0.6875 0.09375
vt 0.53125 0.09375
vt 0.53125 0.171875
vt 0.6875 0.171875
vt 0.84375 0.171875
vt 0.6875 0.171875
vt 0.6875 0.09375
vt 0.84375 0.09375
vn -0.3078214502406406 0.9272078068888413 -0.21338143690615227
vn 0.25157423348278235 -0.13697051104179322 -0.95809680312195
vn 0.3078214502406406 -0.9272078068888413 0.21338143690615227
vn -0.25157423348278235 0.13697051104179322 0.95809680312195
vn 0.917581800069781 0.34860401883704006 0.19109913194822536
vn -0.917581800069781 -0.34860401883704006 -0.19109913194822536
usemtl m_32106622-412d-50ea-c58d-eafbf6f5adea
f 828/2476/619 831/2475/619 829/2474/619 826/2473/619
f 827/2480/620 828/2479/620 826/2478/620 825/2477/620
f 832/2484/621 827/2483/621 825/2482/621 830/2481/621
f 831/2488/622 832/2487/622 830/2486/622 829/2485/622
f 830/2492/623 825/2491/623 826/2490/623 829/2489/623
f 831/2496/624 828/2495/624 827/2494/624 832/2493/624
o cube
v -2.666531781981535 1.3014123583382071 -1.4089870242761249
v -2.8012036664618156 1.7070657738520754 -1.5023414029225668
v -3.354718132033869 1.0399593442104278 -1.552311373237293
v -3.4893900165141494 1.4456127597242958 -1.645665751883735
v -2.9898843415739016 1.80979365713342 -0.7837688005811057
v -2.8552124570936215 1.404140241619552 -0.6904144219346637
v -3.6780706916262353 1.5483406430056408 -0.9270931495422747
v -3.5433988071459552 1.1426872274917728 -0.8337387708958328
vt 0.109375 0.890625
vt 0.296875 0.890625
vt 0.296875 0.703125
vt 0.109375 0.703125
vt 0 0.890625
vt 0.109375 0.890625
vt 0.109375 0.703125
vt 0 0.703125
vt 0.40625 0.890625
vt 0.59375 0.890625
vt 0.59375 0.703125
vt 0.40625 0.703125
vt 0.296875 0.890625
vt 0.40625 0.890625
vt 0.40625 0.703125
vt 0.296875 0.703125
vt 0.296875 0.890625
vt 0.109375 0.890625
vt 0.109375 1
vt 0.296875 1
vt 0.484375 1
vt 0.296875 1
vt 0.296875 0.890625
vt 0.484375 0.890625
vn -0.3078214502406406 0.9272078068888413 -0.21338143690615227
vn 0.25157423348278235 -0.13697051104179322 -0.95809680312195
vn 0.3078214502406406 -0.9272078068888413 0.21338143690615227
vn -0.25157423348278235 0.13697051104179322 0.95809680312195
vn 0.917581800069781 0.34860401883704006 0.19109913194822536
vn -0.917581800069781 -0.34860401883704006 -0.19109913194822536
usemtl m_32106622-412d-50ea-c58d-eafbf6f5adea
f 836/2500/625 839/2499/625 837/2498/625 834/2497/625
f 835/2504/626 836/2503/626 834/2502/626 833/2501/626
f 840/2508/627 835/2507/627 833/2506/627 838/2505/627
f 839/2512/628 840/2511/628 838/2510/628 837/2509/628
f 838/2516/629 833/2515/629 834/2514/629 837/2513/629
f 839/2520/630 836/2519/630 835/2518/630 840/2517/630
o cube
v 4.367195176394786 0.8580830083167168 0.7286823370330966
v 4.173133834368986 0.5627100186945171 1.1662908864614518
v 4.02156001004443 0.576719715509562 0.38549539199777394
v 3.827498668018631 0.2813467258873623 0.8231039414261292
v 4.616581017346007 0.1323846401319564 1.072484359637716
v 4.810642359371807 0.4277576297541561 0.6348758102093608
v 4.270945850995652 -0.1489786526751984 0.7292974146023934
v 4.465007193021451 0.14639433694700132 0.29168886517403814
vt 0.140625 0.5625
vt 0.296875 0.5625
vt 0.296875 0.421875
vt 0.140625 0.421875
vt 0 0.5625
vt 0.140625 0.5625
vt 0.140625 0.421875
vt 0 0.421875
vt 0.4375 0.5625
vt 0.59375 0.5625
vt 0.59375 0.421875
vt 0.4375 0.421875
vt 0.296875 0.5625
vt 0.4375 0.5625
vt 0.4375 0.421875
vt 0.296875 0.421875
vt 0.296875 0.5625
vt 0.140625 0.5625
vt 0.140625 0.703125
vt 0.296875 0.703125
vt 0.453125 0.703125
vt 0.296875 0.703125
vt 0.296875 0.5625
vt 0.453125 0.5625
vn -0.3449979413791997 -0.525107537106133 0.7779707545392985
vn -0.7095154927632353 0.6885206057000972 0.15009044291797755
vn 0.3449979413791997 0.525107537106133 -0.7779707545392985
vn 0.7095154927632353 -0.6885206057000972 -0.15009044291797755
vn 0.6144625179561874 0.5002014094349421 0.6101101245072399
vn -0.6144625179561874 -0.5002014094349421 -0.6101101245072399
usemtl m_32106622-412d-50ea-c58d-eafbf6f5adea
f 844/2524/631 847/2523/631 845/2522/631 842/2521/631
f 843/2528/632 844/2527/632 842/2526/632 841/2525/632
f 848/2532/633 843/2531/633 841/2530/633 846/2529/633
f 847/2536/634 848/2535/634 846/2534/634 845/2533/634
f 846/2540/635 841/2539/635 842/2538/635 845/2537/635
f 847/2544/636 844/2543/636 843/2542/636 848/2541/636
o cube
v 4.002437589958834 0.32655853445138394 0.6098499474265573
v 3.9161881046140348 0.19528165017485044 0.8043426360613819
v 3.8488219604697873 0.20150818209264854 0.45732241629974757
v 3.762572475124988 0.07023129781611503 0.6518151049345722
v 4.182256414400248 -0.06291357696268607 0.7480587199671405
v 4.268505899745048 0.06836330731384743 0.5535660313323159
v 4.0286407849112 -0.18796392932142147 0.5955311888403307
v 4.114890270256 -0.056687045044887974 0.4010385002055059
vt 0.65625 0.9375
vt 0.75 0.9375
vt 0.75 0.875
vt 0.65625 0.875
vt 0.59375 0.9375
vt 0.65625 0.9375
vt 0.65625 0.875
vt 0.59375 0.875
vt 0.8125 0.9375
vt 0.90625 0.9375
vt 0.90625 0.875
vt 0.8125 0.875
vt 0.75 0.9375
vt 0.8125 0.9375
vt 0.8125 0.875
vt 0.75 0.875
vt 0.75 0.9375
vt 0.65625 0.9375
vt 0.65625 1
vt 0.75 1
vt 0.84375 1
vt 0.75 1
vt 0.75 0.9375
vt 0.84375 0.9375
vn -0.3449979413791997 -0.525107537106133 0.7779707545392985
vn -0.7095154927632353 0.6885206057000972 0.15009044291797755
vn 0.3449979413791997 0.525107537106133 -0.7779707545392985
vn 0.7095154927632353 -0.6885206057000972 -0.15009044291797755
vn 0.6144625179561874 0.5002014094349421 0.6101101245072399
vn -0.6144625179561874 -0.5002014094349421 -0.6101101245072399
usemtl m_32106622-412d-50ea-c58d-eafbf6f5adea
f 852/2548/637 855/2547/637 853/2546/637 850/2545/637
f 851/2552/638 852/2551/638 850/2550/638 849/2549/638
f 856/2556/639 851/2555/639 849/2554/639 854/2553/639
f 855/2560/640 856/2559/640 854/2558/640 853/2557/640
f 854/2564/641 849/2563/641 850/2562/641 853/2561/641
f 855/2568/642 852/2567/642 851/2566/642 856/2565/642
o cube
v 3.8050381120048202 0.6619683974257888 0.6313068423444763
v 3.870202075423153 0.49715928202487847 0.6925266377735975
v 2.5749854984243177 0.37804871677329377 1.1762703115439779
v 2.6401494618426504 0.21323960137238318 1.237490106973099
v 3.8175232081382555 0.41656615552182474 0.5316355724466417
v 3.7523592447199228 0.5813752709227351 0.4704157770175206
v 2.587470594557753 0.13264647486932946 1.0765990416461433
v 2.52230663113942 0.29745559027024004 1.0153792462170221
vt 0.3125 0.375
vt 0.265625 0.375
vt 0.265625 0.03125
vt 0.3125 0.03125
vt 0.359375 0.375
vt 0.3125 0.375
vt 0.3125 0.03125
vt 0.359375 0.03125
vt 0.265625 0.375
vt 0.3125 0.375
vt 0.3125 0.03125
vt 0.265625 0.03125
vt 0.265625 0.375
vt 0.21875 0.375
vt 0.21875 0.03125
vt 0.265625 0.03125
vt 0.265625 0.375
vt 0.3125 0.375
vt 0.3125 0.421875
vt 0.265625 0.421875
vt 0.3125 0.421875
vt 0.359375 0.421875
vt 0.359375 0.375
vt 0.3125 0.375
vn 0.34754113823110866 -0.8789819488048568 0.32650557562198146
vn 0.28095395885278673 0.4298300080162865 0.8580856817437673
vn -0.34754113823110866 0.8789819488048568 -0.32650557562198146
vn -0.28095395885278673 -0.4298300080162865 -0.8580856817437673
vn 0.8945837189676391 0.20648704047454192 -0.39633706850872913
vn -0.8945837189676391 -0.20648704047454192 0.39633706850872913
usemtl m_32106622-412d-50ea-c58d-eafbf6f5adea
f 860/2572/643 863/2571/643 861/2570/643 858/2569/643
f 859/2576/644 860/2575/644 858/2574/644 857/2573/644
f 864/2580/645 859/2579/645 857/2578/645 862/2577/645
f 863/2584/646 864/2583/646 862/2582/646 861/2581/646
f 862/2588/647 857/2587/647 858/2586/647 861/2585/647
f 863/2592/648 860/2591/648 859/2590/648 864/2589/648
o cube
v 4.0718577989902665 0.24355395698780358 -0.054178182793033436
v 4.022315098831033 0.0630272279572357 -0.04360127556756499
v 4.135059239731415 0.14593787808765368 -1.4242517863006703
v 4.085516539572182 -0.034588850942914195 -1.4136748790752018
v 4.202945922382013 0.014148195259472418 -0.031786211207791126
v 4.252488622541247 0.1946749242900403 -0.04236311843325957
v 4.266147363123162 -0.08346788364067748 -1.401859814715428
v 4.315690063282395 0.0970588453898904 -1.4124367219408964
vt 0.265625 0.375
vt 0.3125 0.375
vt 0.3125 0.03125
vt 0.265625 0.03125
vt 0.21875 0.375
vt 0.265625 0.375
vt 0.265625 0.03125
vt 0.21875 0.03125
vt 0.3125 0.375
vt 0.265625 0.375
vt 0.265625 0.03125
vt 0.3125 0.03125
vt 0.3125 0.375
vt 0.359375 0.375
vt 0.359375 0.03125
vt 0.3125 0.03125
vt 0.3125 0.375
vt 0.265625 0.375
vt 0.265625 0.421875
vt 0.3125 0.421875
vt 0.359375 0.421875
vt 0.3125 0.421875
vt 0.3125 0.375
vt 0.359375 0.375
vn -0.26422773418258005 -0.9628092214963622 0.05641017186916544
vn -0.9633643922718949 0.260688174388072 -0.06301367658546024
vn 0.26422773418258005 0.9628092214963622 -0.05641017186916544
vn 0.9633643922718949 -0.260688174388072 0.06301367658546024
vn -0.045964684175381014 0.07099351192738149 0.9964171661873727
vn 0.045964684175381014 -0.07099351192738149 -0.9964171661873727
usemtl m_32106622-412d-50ea-c58d-eafbf6f5adea
f 868/2596/649 871/2595/649 869/2594/649 866/2593/649
f 867/2600/650 868/2599/650 866/2598/650 865/2597/650
f 872/2604/651 867/2603/651 865/2602/651 870/2601/651
f 871/2608/652 872/2607/652 870/2606/652 869/2605/652
f 870/2612/653 865/2611/653 866/2610/653 869/2609/653
f 871/2616/654 868/2615/654 867/2614/654 872/2613/654
o cube
v 4.073348849179291 0.635084258372987 0.5009129236172962
v 4.07390908810024 0.45053558627969104 0.5340448381552847
v 3.1571491108008987 0.4512186597625579 -0.5077478127271877
v 3.1577093497218485 0.2666699876692621 -0.47461589818919925
v 4.260322488133847 0.4216479640453674 0.36998524663574783
v 4.259762249212897 0.6061966361386633 0.33685333209775936
v 3.3441227497554555 0.23778236543493836 -0.6386754897087357
v 3.3435625108345057 0.4223310375282343 -0.6718074042467241
vt 0.046875 0.375
vt 0.109375 0.375
vt 0.109375 0.03125
vt 0.046875 0.03125
vt 0.15625 0.375
vt 0.109375 0.375
vt 0.109375 0.03125
vt 0.15625 0.03125
vt 0.046875 0.375
vt 0.109375 0.375
vt 0.109375 0.03125
vt 0.046875 0.03125
vt 0.109375 0.375
vt 0.15625 0.375
vt 0.15625 0.03125
vt 0.109375 0.03125
vt 0.109375 0.375
vt 0.046875 0.375
vt 0.046875 0.421875
vt 0.109375 0.421875
vt 0.171875 0.421875
vt 0.109375 0.421875
vt 0.109375 0.375
vt 0.171875 0.375
vn 0.0029879409117322276 -0.9842595844975786 0.1767035442026057
vn -0.7456536001344288 0.11555048893729461 0.6562383660781481
vn -0.0029879409117322276 0.9842595844975786 -0.1767035442026057
vn 0.7456536001344288 -0.11555048893729461 -0.6562383660781481
vn 0.6663270824570119 0.13372043535303896 0.73357144461417
vn -0.6663270824570119 -0.13372043535303896 -0.73357144461417
usemtl m_32106622-412d-50ea-c58d-eafbf6f5adea
f 876/2620/655 879/2619/655 877/2618/655 874/2617/655
f 875/2624/656 876/2623/656 874/2622/656 873/2621/656
f 880/2628/657 875/2627/657 873/2626/657 878/2625/657
f 879/2632/658 880/2631/658 878/2630/658 877/2629/658
f 878/2636/659 873/2635/659 874/2634/659 877/2633/659
f 879/2640/660 876/2639/660 875/2638/660 880/2637/660
o cube
v 3.2672117166970738 0.5230295396956904 -0.1096138273572207
v 3.26814544823199 0.21544841954019722 -0.05439396979390643
v 3.0173390607756936 0.4728843764383007 -0.3847031190875343
v 3.0182727923106096 0.1653032562828075 -0.32948326152422003
v 3.734178948316006 0.14322936395438812 -0.4645429485927488
v 3.73324521678109 0.4508104841098812 -0.5197628061560631
v 3.484306292394627 0.09308420069699841 -0.7396322403230624
v 3.483372560859711 0.4006653208524915 -0.7948520978863767
vt 0.53125 0.09375
vt 0.6875 0.09375
vt 0.6875 0
vt 0.53125 0
vt 0.453125 0.09375
vt 0.53125 0.09375
vt 0.53125 0
vt 0.453125 0
vt 0.765625 0.09375
vt 0.921875 0.09375
vt 0.921875 0
vt 0.765625 0
vt 0.53125 0.09375
vt 0.453125 0.09375
vt 0.453125 0
vt 0.53125 0
vt 0.6875 0.09375
vt 0.53125 0.09375
vt 0.53125 0.171875
vt 0.6875 0.171875
vt 0.84375 0.171875
vt 0.6875 0.171875
vt 0.6875 0.09375
vt 0.84375 0.09375
vn 0.0029879409117322276 -0.9842595844975786 0.1767035442026057
vn -0.7456536001344288 0.11555048893729461 0.6562383660781481
vn -0.0029879409117322276 0.9842595844975786 -0.1767035442026057
vn 0.7456536001344288 -0.11555048893729461 -0.6562383660781481
vn 0.6663270824570119 0.13372043535303896 0.73357144461417
vn -0.6663270824570119 -0.13372043535303896 -0.73357144461417
usemtl m_32106622-412d-50ea-c58d-eafbf6f5adea
f 884/2644/661 887/2643/661 885/2642/661 882/2641/661
f 883/2648/662 884/2647/662 882/2646/662 881/2645/662
f 888/2652/663 883/2651/663 881/2650/663 886/2649/663
f 887/2656/664 888/2655/664 886/2654/664 885/2653/664
f 886/2660/665 881/2659/665 882/2658/665 885/2657/665
f 887/2664/666 884/2663/666 883/2662/666 888/2661/666
o cube
v 3.7203536785314304 0.6305417717690509 0.4815796539832913
v 3.7216609026803136 0.19992820355136043 0.5588874545719311
v 3.220608366688672 0.5302514452542714 -0.06859892947733637
v 3.221915590837555 0.099637877036581 0.008708871111303473
v 4.280901102781134 0.11326533684838946 0.06670868001332009
v 4.279593878632251 0.5438789050660799 -0.010599120575319754
v 3.7811557909383753 0.012975010333610038 -0.4834699034473078
v 3.779848566789492 0.4435885785513004 -0.5607777040359474
vt 0.109375 0.890625
vt 0.296875 0.890625
vt 0.296875 0.703125
vt 0.109375 0.703125
vt 0 0.890625
vt 0.109375 0.890625
vt 0.109375 0.703125
vt 0 0.703125
vt 0.40625 0.890625
vt 0.59375 0.890625
vt 0.59375 0.703125
vt 0.40625 0.703125
vt 0.296875 0.890625
vt 0.40625 0.890625
vt 0.40625 0.703125
vt 0.296875 0.703125
vt 0.296875 0.890625
vt 0.109375 0.890625
vt 0.109375 1
vt 0.296875 1
vt 0.484375 1
vt 0.296875 1
vt 0.296875 0.890625
vt 0.484375 0.890625
vn 0.0029879409117322276 -0.9842595844975786 0.1767035442026057
vn -0.7456536001344288 0.11555048893729461 0.6562383660781481
vn -0.0029879409117322276 0.9842595844975786 -0.1767035442026057
vn 0.7456536001344288 -0.11555048893729461 -0.6562383660781481
vn 0.6663270824570119 0.13372043535303896 0.73357144461417
vn -0.6663270824570119 -0.13372043535303896 -0.73357144461417
usemtl m_32106622-412d-50ea-c58d-eafbf6f5adea
f 892/2668/667 895/2667/667 893/2666/667 890/2665/667
f 891/2672/668 892/2671/668 890/2670/668 889/2669/668
f 896/2676/669 891/2675/669 889/2674/669 894/2673/669
f 895/2680/670 896/2679/670 894/2678/670 893/2677/670
f 894/2684/671 889/2683/671 890/2682/671 893/2681/671
f 895/2688/672 892/2687/672 891/2686/672 896/2685/672
o cube
v 3.8042377645841654 1.4627650528929999 0.703273732558233
v 3.9871850961113062 1.4728998455439832 0.6634766238062122
v 3.9104059540327745 0.09911833398833858 0.8440605983155107
v 4.093353285559915 0.10925312663932174 0.8042634895634899
v 3.948754295326467 1.451094923081543 0.4812573358385466
v 3.7658069637993266 1.4409601304305597 0.5210544445905674
v 4.0549224847750756 0.0874482041768816 0.6220442015958243
v 3.871975153247935 0.07731341152589843 0.6618413103478451
vt 0.3125 0.375
vt 0.265625 0.375
vt 0.265625 0.03125
vt 0.3125 0.03125
vt 0.359375 0.375
vt 0.3125 0.375
vt 0.3125 0.03125
vt 0.359375 0.03125
vt 0.265625 0.375
vt 0.3125 0.375
vt 0.3125 0.03125
vt 0.265625 0.03125
vt 0.265625 0.375
vt 0.21875 0.375
vt 0.21875 0.03125
vt 0.265625 0.03125
vt 0.265625 0.375
vt 0.3125 0.375
vt 0.3125 0.421875
vt 0.265625 0.421875
vt 0.3125 0.421875
vt 0.359375 0.421875
vt 0.359375 0.375
vt 0.3125 0.375
vn 0.9757191014780815 0.05405222747191017 -0.2122512466774463
vn 0.20496427085247543 0.11629291979968029 0.9718362024942158
vn -0.9757191014780815 -0.05405222747191017 0.2122512466774463
vn -0.20496427085247543 -0.11629291979968029 -0.9718362024942158
vn -0.07721322868989709 0.9917430682942988 -0.10239044782347445
vn 0.07721322868989709 -0.9917430682942988 0.10239044782347445
usemtl m_32106622-412d-50ea-c58d-eafbf6f5adea
f 900/2692/673 903/2691/673 901/2690/673 898/2689/673
f 899/2696/674 900/2695/674 898/2694/674 897/2693/674
f 904/2700/675 899/2699/675 897/2698/675 902/2697/675
f 903/2704/676 904/2703/676 902/2702/676 901/2701/676
f 902/2708/677 897/2707/677 898/2706/677 901/2705/677
f 903/2712/678 900/2711/678 899/2710/678 904/2709/678
o cube
v 3.304963700532669 1.3846621046035752 -0.29096005750490583
v 3.3567831056715565 1.2825074905819713 -0.14251668754467772
v 4.280248548579871 0.7793644336220718 -1.047966791077278
v 4.3320679537187585 0.6772098196004679 -0.89952342111705
v 3.478371583336584 1.4163272783166097 -0.09287037338383097
v 3.4265521781976966 1.5184818923382135 -0.24131374334405908
v 4.453656431383786 0.8110296073351062 -0.8498771069562032
v 4.401837026244898 0.9131842213567101 -0.9983204769164313
vt 0.265625 0.375
vt 0.3125 0.375
vt 0.3125 0.03125
vt 0.265625 0.03125
vt 0.21875 0.375
vt 0.265625 0.375
vt 0.265625 0.03125
vt 0.21875 0.03125
vt 0.3125 0.375
vt 0.265625 0.375
vt 0.265625 0.03125
vt 0.3125 0.03125
vt 0.3125 0.375
vt 0.359375 0.375
vt 0.359375 0.03125
vt 0.3125 0.03125
vt 0.3125 0.375
vt 0.265625 0.375
vt 0.265625 0.421875
vt 0.3125 0.421875
vt 0.359375 0.421875
vt 0.3125 0.421875
vt 0.3125 0.375
vt 0.359375 0.375
vn 0.27637016074073323 -0.5448246081152179 0.7916979731212151
vn -0.6484718808801438 -0.7137055345847393 -0.26478034219118335
vn -0.27637016074073323 0.5448246081152179 -0.7916979731212151
vn 0.6484718808801438 0.7137055345847393 0.26478034219118335
vn -0.7092980713070562 0.4402164879865481 0.5505503516889981
vn 0.7092980713070562 -0.4402164879865481 -0.5505503516889981
usemtl m_32106622-412d-50ea-c58d-eafbf6f5adea
f 908/2716/679 911/2715/679 909/2714/679 906/2713/679
f 907/2720/680 908/2719/680 906/2718/680 905/2717/680
f 912/2724/681 907/2723/681 905/2722/681 910/2721/681
f 911/2728/682 912/2727/682 910/2726/682 909/2725/682
f 910/2732/683 905/2731/683 906/2730/683 909/2729/683
f 911/2736/684 908/2735/684 907/2734/684 912/2733/684
o cube
v 3.7844508035657087 1.8051646032233222 0.20272160967897435
v 3.942616425786715 1.7068089540503022 0.1811333669715225
v 3.101900650971014 0.6455013652306038 0.4854431398835226
v 3.2600662731920202 0.5471457160575836 0.46385489717607076
v 3.891375358073597 1.6777357241003827 -0.06182568365202812
v 3.733209735852591 1.7760913732734027 -0.040237440944576264
v 3.208825205478902 0.5180724861076639 0.22089584655252015
v 3.0506595832578958 0.6164281352806841 0.242484089259972
vt 0.046875 0.375
vt 0.109375 0.375
vt 0.109375 0.03125
vt 0.046875 0.03125
vt 0.15625 0.375
vt 0.109375 0.375
vt 0.109375 0.03125
vt 0.15625 0.03125
vt 0.046875 0.375
vt 0.109375 0.375
vt 0.109375 0.03125
vt 0.046875 0.03125
vt 0.109375 0.375
vt 0.15625 0.375
vt 0.15625 0.03125
vt 0.109375 0.03125
vt 0.109375 0.375
vt 0.046875 0.375
vt 0.046875 0.421875
vt 0.109375 0.421875
vt 0.171875 0.421875
vt 0.109375 0.421875
vt 0.109375 0.375
vt 0.171875 0.375
vn 0.8435499851786983 -0.5245634622561072 -0.11513729443974102
vn 0.20496427085247543 0.11629291979968029 0.9718362024942158
vn -0.8435499851786983 0.5245634622561072 0.11513729443974102
vn -0.20496427085247543 -0.11629291979968029 -0.9718362024942158
vn 0.49640011097796 0.8433914458128864 -0.20561565833058087
vn -0.49640011097796 -0.8433914458128864 0.20561565833058087
usemtl m_32106622-412d-50ea-c58d-eafbf6f5adea
f 916/2740/685 919/2739/685 917/2738/685 914/2737/685
f 915/2744/686 916/2743/686 914/2742/686 913/2741/686
f 920/2748/687 915/2747/687 913/2746/687 918/2745/687
f 919/2752/688 920/2751/688 918/2750/688 917/2749/688
f 918/2756/689 913/2755/689 914/2754/689 917/2753/689
f 919/2760/690 916/2759/690 915/2758/690 920/2757/690
o cube
v 3.3264814933725875 0.9835780798728757 0.5905565559772175
v 3.5900908637409312 0.819651997917842 0.554576151464798
v 3.1403314517558525 0.6673062876930433 0.6676624278511856
v 3.403940822124196 0.5033802057380098 0.6316820233387661
v 3.4619881944581357 0.7469689230430427 -0.05282147509407942
v 3.1983788240897923 0.9108950049980764 -0.016841070581659956
v 3.2758381528414007 0.4306971308632106 0.024284396779888695
v 3.0122287824730574 0.5946232128182442 0.06026480129230816
vt 0.53125 0.09375
vt 0.6875 0.09375
vt 0.6875 0
vt 0.53125 0
vt 0.453125 0.09375
vt 0.53125 0.09375
vt 0.53125 0
vt 0.453125 0
vt 0.765625 0.09375
vt 0.921875 0.09375
vt 0.921875 0
vt 0.765625 0
vt 0.53125 0.09375
vt 0.453125 0.09375
vt 0.453125 0
vt 0.53125 0
vt 0.6875 0.09375
vt 0.53125 0.09375
vt 0.53125 0.171875
vt 0.6875 0.171875
vt 0.84375 0.171875
vt 0.6875 0.171875
vt 0.6875 0.09375
vt 0.84375 0.09375
vn 0.8435499851786983 -0.5245634622561072 -0.11513729443974102
vn 0.20496427085247543 0.11629291979968029 0.9718362024942158
vn -0.8435499851786983 0.5245634622561072 0.11513729443974102
vn -0.20496427085247543 -0.11629291979968029 -0.9718362024942158
vn 0.49640011097796 0.8433914458128864 -0.20561565833058087
vn -0.49640011097796 -0.8433914458128864 0.20561565833058087
usemtl m_32106622-412d-50ea-c58d-eafbf6f5adea
f 924/2764/691 927/2763/691 925/2762/691 922/2761/691
f 923/2768/692 924/2767/692 922/2766/692 921/2765/692
f 928/2772/693 923/2771/693 921/2770/693 926/2769/693
f 927/2776/694 928/2775/694 926/2774/694 925/2773/694
f 926/2780/695 921/2779/695 922/2778/695 925/2777/695
f 927/2784/696 924/2783/696 923/2782/696 928/2781/696
o cube
v 3.711591843534338 1.6233899717200206 0.49708457488517066
v 4.080644962050019 1.3938934569829735 0.4467120085677836
v 3.339291760300868 0.9908463873603559 0.651296318633106
v 3.7083448788165483 0.7613498726233088 0.6009237523157189
v 3.9269217589106633 1.3066737671332143 -0.28216514330287
v 3.5578686403949824 1.5361702818702614 -0.23179257698548295
v 3.5546216756771933 0.6741301827735495 -0.12795339955493468
v 3.1855685571615124 0.9036266975105967 -0.07758083323754761
vt 0.109375 0.890625
vt 0.296875 0.890625
vt 0.296875 0.703125
vt 0.109375 0.703125
vt 0 0.890625
vt 0.109375 0.890625
vt 0.109375 0.703125
vt 0 0.703125
vt 0.40625 0.890625
vt 0.59375 0.890625
vt 0.59375 0.703125
vt 0.40625 0.703125
vt 0.296875 0.890625
vt 0.40625 0.890625
vt 0.40625 0.703125
vt 0.296875 0.703125
vt 0.296875 0.890625
vt 0.109375 0.890625
vt 0.109375 1
vt 0.296875 1
vt 0.484375 1
vt 0.296875 1
vt 0.296875 0.890625
vt 0.484375 0.890625
vn 0.8435499851786983 -0.5245634622561072 -0.11513729443974102
vn 0.20496427085247543 0.11629291979968029 0.9718362024942158
vn -0.8435499851786983 0.5245634622561072 0.11513729443974102
vn -0.20496427085247543 -0.11629291979968029 -0.9718362024942158
vn 0.49640011097796 0.8433914458128864 -0.20561565833058087
vn -0.49640011097796 -0.8433914458128864 0.20561565833058087
usemtl m_32106622-412d-50ea-c58d-eafbf6f5adea
f 932/2788/697 935/2787/697 933/2786/697 930/2785/697
f 931/2792/698 932/2791/698 930/2790/698 929/2789/698
f 936/2796/699 931/2795/699 929/2794/699 934/2793/699
f 935/2800/700 936/2799/700 934/2798/700 933/2797/700
f 934/2804/701 929/2803/701 930/2802/701 933/2801/701
f 935/2808/702 932/2807/702 931/2806/702 936/2805/702
o cube
v 3.6698654935317494 1.8439473236562107 -0.8274593741946852
v 3.9833102982992252 1.3861385536439248 -0.7348865138947058
v 3.2084997847335357 1.5578530076387538 -0.6801570487289004
v 3.521944589501011 1.1000442376264679 -0.587584188428921
v 3.9024179974752493 1.210570964596625 -1.3292411700920983
v 3.588973192707774 1.6683797346089109 -1.4218140303920777
v 3.4410522886770356 0.9244766485791689 -1.1819388446263144
v 3.1276074839095602 1.3822854185914548 -1.2745117049262937
vt 0.296875 0.5625
vt 0.140625 0.5625
vt 0.140625 0.421875
vt 0.296875 0.421875
vt 0.4375 0.5625
vt 0.296875 0.5625
vt 0.296875 0.421875
vt 0.4375 0.421875
vt 0.59375 0.5625
vt 0.4375 0.5625
vt 0.4375 0.421875
vt 0.59375 0.421875
vt 0.140625 0.5625
vt 0 0.5625
vt 0 0.421875
vt 0.140625 0.421875
vt 0.140625 0.5625
vt 0.296875 0.5625
vt 0.296875 0.703125
vt 0.140625 0.703125
vt 0.296875 0.703125
vt 0.453125 0.703125
vt 0.453125 0.5625
vt 0.296875 0.5625
vn 0.5572352084755102 -0.8138822577996161 0.1645739738666296
vn 0.12942768131836094 0.2809081424756789 0.9509674499158298
vn -0.5572352084755102 0.8138822577996161 -0.1645739738666296
vn -0.12942768131836094 -0.2809081424756789 -0.9509674499158298
vn 0.820205704530155 0.5086121173643652 -0.26187080082806
vn -0.820205704530155 -0.5086121173643652 0.26187080082806
usemtl m_32106622-412d-50ea-c58d-eafbf6f5adea
f 940/2812/703 943/2811/703 941/2810/703 938/2809/703
f 939/2816/704 940/2815/704 938/2814/704 937/2813/704
f 944/2820/705 939/2819/705 937/2818/705 942/2817/705
f 943/2824/706 944/2823/706 942/2822/706 941/2821/706
f 942/2828/707 937/2827/707 938/2826/707 941/2825/707
f 943/2832/708 940/2831/708 939/2830/708 944/2829/708
o cube
v 3.3664573272173386 1.2684012842669126 -0.7475986131350574
v 3.505766129336216 1.0649307198170082 -0.7064551196683997
v 3.161405901084799 1.1412482549258205 -0.6821309129280424
v 3.3007147032036763 0.9377776904759165 -0.6409874194613847
v 3.457230748841831 0.9595901663886282 -1.0630679133868357
v 3.3179219467229535 1.1630607308385321 -1.1042114068534934
v 3.2521793227092908 0.832437137047537 -0.9976002131798207
v 3.1128705205904135 1.035907701497441 -1.0387437066464784
vt 0.75 0.9375
vt 0.65625 0.9375
vt 0.65625 0.875
vt 0.75 0.875
vt 0.8125 0.9375
vt 0.75 0.9375
vt 0.75 0.875
vt 0.8125 0.875
vt 0.90625 0.9375
vt 0.8125 0.9375
vt 0.8125 0.875
vt 0.90625 0.875
vt 0.65625 0.9375
vt 0.59375 0.9375
vt 0.59375 0.875
vt 0.65625 0.875
vt 0.65625 0.9375
vt 0.75 0.9375
vt 0.75 1
vt 0.65625 1
vt 0.75 1
vt 0.84375 1
vt 0.84375 0.9375
vt 0.75 0.9375
vn 0.5572352084755102 -0.8138822577996161 0.1645739738666296
vn 0.12942768131836094 0.2809081424756789 0.9509674499158298
vn -0.5572352084755102 0.8138822577996161 -0.1645739738666296
vn -0.12942768131836094 -0.2809081424756789 -0.9509674499158298
vn 0.820205704530155 0.5086121173643652 -0.26187080082806
vn -0.820205704530155 -0.5086121173643652 0.26187080082806
usemtl m_32106622-412d-50ea-c58d-eafbf6f5adea
f 948/2836/709 951/2835/709 949/2834/709 946/2833/709
f 947/2840/710 948/2839/710 946/2838/710 945/2837/710
f 952/2844/711 947/2843/711 945/2842/711 950/2841/711
f 951/2848/712 952/2847/712 950/2846/712 949/2845/712
f 950/2852/713 945/2851/713 946/2850/713 949/2849/713
f 951/2856/714 948/2855/714 947/2854/714 952/2853/714
o cube
v 3.031616128324503 0.966712347342588 -1.232598443849147
v 3.030800498874256 1.1525699269033525 -1.2078488000453609
v 3.6816067887563766 1.1294539397693302 -2.433286711238207
v 3.6807911593061293 1.3153115193300944 -2.40853706743442
v 2.8655751813262125 1.163557360074282 -1.2958040202057486
v 2.8663908107764597 0.9776997805135175 -1.3205536640095348
v 3.515565841758086 1.3262989525010238 -2.496492287594808
v 3.516381471208333 1.1404413729402596 -2.5212419313985945
vt 0.265625 0.375
vt 0.3125 0.375
vt 0.3125 0.03125
vt 0.265625 0.03125
vt 0.21875 0.375
vt 0.265625 0.375
vt 0.265625 0.03125
vt 0.21875 0.03125
vt 0.3125 0.375
vt 0.265625 0.375
vt 0.265625 0.03125
vt 0.3125 0.03125
vt 0.3125 0.375
vt 0.359375 0.375
vt 0.359375 0.03125
vt 0.3125 0.03125
vt 0.3125 0.375
vt 0.265625 0.375
vt 0.265625 0.421875
vt 0.3125 0.421875
vt 0.359375 0.421875
vt 0.3125 0.421875
vt 0.3125 0.375
vt 0.359375 0.375
vn -0.004350023734651613 0.9912404243240728 0.13199810028686113
vn 0.8812016935895686 -0.05859964357829036 0.4690945075220702
vn 0.004350023734651613 -0.9912404243240728 -0.13199810028686113
vn -0.8812016935895686 0.05859964357829036 -0.4690945075220702
vn -0.47272048031409025 -0.11835752176490344 0.8732278308284076
vn 0.47272048031409025 0.11835752176490344 -0.8732278308284076
usemtl m_32106622-412d-50ea-c58d-eafbf6f5adea
f 956/2860/715 959/2859/715 957/2858/715 954/2857/715
f 955/2864/716 956/2863/716 954/2862/716 953/2861/716
f 960/2868/717 955/2867/717 953/2866/717 958/2865/717
f 959/2872/718 960/2871/718 958/2870/718 957/2869/718
f 958/2876/719 953/2875/719 954/2874/719 957/2873/719
f 959/2880/720 956/2879/720 955/2878/720 960/2877/720
o cube
v 3.185376529435304 1.507357977553176 -0.757891377557538
v 3.3216134176798833 1.3998123957373538 -0.8288118126473663
v 2.4858198244739915 0.3810239166558156 -0.3937252069621149
v 2.6220567127185705 0.2734783348399934 -0.46464564205194314
v 3.206176264371124 1.399812395737352 -1.0505645209419203
v 3.0699393761265443 1.5073579775531742 -0.9796440858520921
v 2.5066195594098106 0.2734783348399916 -0.6863983503464972
v 2.3703826711652316 0.3810239166558138 -0.615477915256669
vt 0.109375 0.375
vt 0.046875 0.375
vt 0.046875 0.03125
vt 0.109375 0.03125
vt 0.15625 0.375
vt 0.109375 0.375
vt 0.109375 0.03125
vt 0.15625 0.03125
vt 0.109375 0.375
vt 0.046875 0.375
vt 0.046875 0.03125
vt 0.109375 0.03125
vt 0.109375 0.375
vt 0.15625 0.375
vt 0.15625 0.03125
vt 0.109375 0.03125
vt 0.046875 0.375
vt 0.109375 0.375
vt 0.109375 0.421875
vt 0.046875 0.421875
vt 0.109375 0.421875
vt 0.171875 0.421875
vt 0.171875 0.375
vt 0.109375 0.375
vn 0.7265967373044195 -0.57357643635105 -0.3782423204790841
vn 0.4617486132350389 7.299716386910404e-15 0.8870108331782193
vn -0.7265967373044195 0.57357643635105 0.3782423204790841
vn -0.4617486132350389 -7.299716386910404e-15 -0.8870108331782193
vn 0.508768512699136 0.8191520442889891 -0.2648481240693981
vn -0.508768512699136 -0.8191520442889891 0.2648481240693981
usemtl m_32106622-412d-50ea-c58d-eafbf6f5adea
f 964/2884/721 967/2883/721 965/2882/721 962/2881/721
f 963/2888/722 964/2887/722 962/2886/722 961/2885/722
f 968/2892/723 963/2891/723 961/2890/723 966/2889/723
f 967/2896/724 968/2895/724 966/2894/724 965/2893/724
f 966/2900/725 961/2899/725 962/2898/725 965/2897/725
f 967/2904/726 964/2903/726 963/2902/726 968/2901/726
o cube
v 2.7631858817177375 0.6882059332641877 -0.32672872226722216
v 2.9902473621253702 0.5089632969044835 -0.4449294474169365
v 2.572397689455561 0.3810239166558169 -0.227410675741198
v 2.799459169863194 0.20178128029611275 -0.34561140089091236
v 2.7016544788534707 0.5089632969044791 -0.9993112181533244
v 2.474592998445838 0.6882059332641832 -0.88111049300361
v 2.5108662865912943 0.2017812802961083 -0.8999931716273002
v 2.283804806183662 0.3810239166558125 -0.7817924464775858
vt 0.6875 0.09375
vt 0.53125 0.09375
vt 0.53125 0
vt 0.6875 0
vt 0.453125 0.09375
vt 0.53125 0.09375
vt 0.53125 0
vt 0.453125 0
vt 0.921875 0.09375
vt 0.765625 0.09375
vt 0.765625 0
vt 0.921875 0
vt 0.53125 0.09375
vt 0.453125 0.09375
vt 0.453125 0
vt 0.53125 0
vt 0.53125 0.09375
vt 0.6875 0.09375
vt 0.6875 0.171875
vt 0.53125 0.171875
vt 0.6875 0.171875
vt 0.84375 0.171875
vt 0.84375 0.09375
vt 0.6875 0.09375
vn 0.7265967373044195 -0.57357643635105 -0.3782423204790841
vn 0.4617486132350389 7.299716386910404e-15 0.8870108331782193
vn -0.7265967373044195 0.57357643635105 0.3782423204790841
vn -0.4617486132350389 -7.299716386910404e-15 -0.8870108331782193
vn 0.508768512699136 0.8191520442889891 -0.2648481240693981
vn -0.508768512699136 -0.8191520442889891 0.2648481240693981
usemtl m_32106622-412d-50ea-c58d-eafbf6f5adea
f 972/2908/727 975/2907/727 973/2906/727 970/2905/727
f 971/2912/728 972/2911/728 970/2910/728 969/2909/728
f 976/2916/729 971/2915/729 969/2914/729 974/2913/729
f 975/2920/730 976/2919/730 974/2918/730 973/2917/730
f 974/2924/731 969/2923/731 970/2922/731 973/2921/731
f 975/2928/732 972/2927/732 971/2926/732 976/2925/732
o cube
v 3.1736215545692787 1.30256996648093 -0.4699266382456333
v 3.491507627139964 1.0516302755773443 -0.6354076534552338
v 2.792045170044927 0.6882059332641881 -0.2712905451935841
v 3.109931242615612 0.43726624236060263 -0.43677156040318366
v 3.1451961672136854 1.0516302755773386 -1.3006657783388973
v 2.8273100946430003 1.3025699664809243 -1.1351847631292973
v 2.7636197826893336 0.4372662423605973 -1.102029685286848
v 2.4457337101186485 0.6882059332641828 -0.9365486700772481
vt 0.296875 0.890625
vt 0.109375 0.890625
vt 0.109375 0.703125
vt 0.296875 0.703125
vt 0.40625 0.890625
vt 0.296875 0.890625
vt 0.296875 0.703125
vt 0.40625 0.703125
vt 0.59375 0.890625
vt 0.40625 0.890625
vt 0.40625 0.703125
vt 0.59375 0.703125
vt 0.109375 0.890625
vt 0 0.890625
vt 0 0.703125
vt 0.109375 0.703125
vt 0.109375 0.890625
vt 0.296875 0.890625
vt 0.296875 1
vt 0.109375 1
vt 0.296875 1
vt 0.484375 1
vt 0.484375 0.890625
vt 0.296875 0.890625
vn 0.7265967373044195 -0.57357643635105 -0.3782423204790841
vn 0.4617486132350389 7.299716386910404e-15 0.8870108331782193
vn -0.7265967373044195 0.57357643635105 0.3782423204790841
vn -0.4617486132350389 -7.299716386910404e-15 -0.8870108331782193
vn 0.508768512699136 0.8191520442889891 -0.2648481240693981
vn -0.508768512699136 -0.8191520442889891 0.2648481240693981
usemtl m_32106622-412d-50ea-c58d-eafbf6f5adea
f 980/2932/733 983/2931/733 981/2930/733 978/2929/733
f 979/2936/734 980/2935/734 978/2934/734 977/2933/734
f 984/2940/735 979/2939/735 977/2938/735 982/2937/735
f 983/2944/736 984/2943/736 982/2942/736 981/2941/736
f 982/2948/737 977/2947/737 978/2946/737 981/2945/737
f 983/2952/738 980/2951/738 979/2950/738 984/2949/738
o cube
v -3.8115939777183216 1.5471186887182213 1.3454068715321696
v -4.239593208119021 1.5844980965858317 1.7084849466673653
v -4.027325631007847 1.0698656624471368 1.1402346202795686
v -4.455324861408546 1.1072450703147472 1.5033126954147642
v -3.9124605802310874 1.2563183453605737 2.127897982536388
v -3.4844613498303882 1.2189389374929633 1.7648199074011925
v -4.128192233520613 0.7790653190894891 1.922725731283788
v -3.7001930031199137 0.7416859112218788 1.5596476561485924
vt 0.140625 0.5625
vt 0.296875 0.5625
vt 0.296875 0.421875
vt 0.140625 0.421875
vt 0 0.5625
vt 0.140625 0.5625
vt 0.140625 0.421875
vt 0 0.421875
vt 0.4375 0.5625
vt 0.59375 0.5625
vt 0.59375 0.421875
vt 0.4375 0.421875
vt 0.296875 0.5625
vt 0.4375 0.5625
vt 0.4375 0.421875
vt 0.296875 0.421875
vt 0.296875 0.5625
vt 0.140625 0.5625
vt 0.140625 0.703125
vt 0.296875 0.703125
vt 0.453125 0.703125
vt 0.296875 0.703125
vt 0.296875 0.5625
vt 0.453125 0.5625
vn -0.7608875207123508 0.06645228065352911 0.6454721335736785
vn -0.5234122046206886 0.5250876019604077 -0.6710608573904301
vn 0.7608875207123508 -0.06645228065352911 -0.6454721335736785
vn 0.5234122046206886 -0.5250876019604077 0.6710608573904301
vn 0.3835229391813776 0.8484498244819272 0.3647506688935118
vn -0.3835229391813776 -0.8484498244819272 -0.3647506688935118
usemtl m_32106622-412d-50ea-c58d-eafbf6f5adea
f 988/2956/739 991/2955/739 989/2954/739 986/2953/739
f 987/2960/740 988/2959/740 986/2958/740 985/2957/740
f 992/2964/741 987/2963/741 985/2962/741 990/2961/741
f 991/2968/742 992/2967/742 990/2966/742 989/2965/742
f 990/2972/743 985/2971/743 986/2970/743 989/2969/743
f 991/2976/744 988/2975/744 987/2974/744 992/2973/744
o cube
v -4.199676455652872 1.0249960499063129 1.4258272691951488
v -4.38989833583096 1.0416091200696953 1.5871953025885688
v -4.295557190448216 0.8128835937858294 1.3346396019717703
v -4.485779070626305 0.8294966639492117 1.4960076353651903
v -4.1936187590982 0.8447012693345414 1.8388431241099807
v -4.003396878920112 0.8280881991711591 1.6774750907165608
v -4.289499493893546 0.6325888132140579 1.7476554568866023
v -4.099277613715458 0.6159757430506756 1.5862874234931823
vt 0.65625 0.9375
vt 0.75 0.9375
vt 0.75 0.875
vt 0.65625 0.875
vt 0.59375 0.9375
vt 0.65625 0.9375
vt 0.65625 0.875
vt 0.59375 0.875
vt 0.8125 0.9375
vt 0.90625 0.9375
vt 0.90625 0.875
vt 0.8125 0.875
vt 0.75 0.9375
vt 0.8125 0.9375
vt 0.8125 0.875
vt 0.75 0.875
vt 0.75 0.9375
vt 0.65625 0.9375
vt 0.65625 1
vt 0.75 1
vt 0.84375 1
vt 0.75 1
vt 0.75 0.9375
vt 0.84375 0.9375
vn -0.7608875207123508 0.06645228065352911 0.6454721335736785
vn -0.5234122046206886 0.5250876019604077 -0.6710608573904301
vn 0.7608875207123508 -0.06645228065352911 -0.6454721335736785
vn 0.5234122046206886 -0.5250876019604077 0.6710608573904301
vn 0.3835229391813776 0.8484498244819272 0.3647506688935118
vn -0.3835229391813776 -0.8484498244819272 -0.3647506688935118
usemtl m_32106622-412d-50ea-c58d-eafbf6f5adea
f 996/2980/745 999/2979/745 997/2978/745 994/2977/745
f 995/2984/746 996/2983/746 994/2982/746 993/2981/746
f 1000/2988/747 995/2987/747 993/2986/747 998/2985/747
f 999/2992/748 1000/2991/748 998/2990/748 997/2989/748
f 998/2996/749 993/2995/749 994/2994/749 997/2993/749
f 999/3000/750 996/2999/750 995/2998/750 1000/2997/750
o cube
v -3.9976087562796883 0.8555026131565544 0.7627173220031525
v -4.025522988013991 1.030866471903191 0.8229216633098524
v -5.2971693441681875 0.5391595961788591 1.0816128754628238
v -5.32508357590249 0.7145234549254957 1.1418172167695237
v -3.971000822373301 0.9804392247732547 0.9950863408739377
v -3.9430865906389982 0.8050753660266181 0.9348819995672377
v -5.2705614102618 0.6640962077955596 1.313981894333609
v -5.2426471785274975 0.4887323490489228 1.253777553026909
vt 0.3125 0.375
vt 0.265625 0.375
vt 0.265625 0.03125
vt 0.3125 0.03125
vt 0.359375 0.375
vt 0.3125 0.375
vt 0.3125 0.03125
vt 0.359375 0.03125
vt 0.265625 0.375
vt 0.3125 0.375
vt 0.3125 0.03125
vt 0.265625 0.03125
vt 0.265625 0.375
vt 0.21875 0.375
vt 0.21875 0.03125
vt 0.265625 0.03125
vt 0.265625 0.375
vt 0.3125 0.375
vt 0.3125 0.421875
vt 0.265625 0.421875
vt 0.3125 0.421875
vt 0.359375 0.421875
vt 0.359375 0.375
vt 0.3125 0.375
vn -0.14887590258294797 0.9352739133153912 0.3210898203023986
vn -0.2907848834170115 0.2689453180263277 -0.9182116136751227
vn 0.14887590258294797 -0.9352739133153912 -0.3210898203023986
vn 0.2907848834170115 -0.2689453180263277 0.9182116136751227
vn 0.945134973009817 0.23006764871105145 -0.23192403887976065
vn -0.945134973009817 -0.23006764871105145 0.23192403887976065
usemtl m_32106622-412d-50ea-c58d-eafbf6f5adea
f 1004/3004/751 1007/3003/751 1005/3002/751 1002/3001/751
f 1003/3008/752 1004/3007/752 1002/3006/752 1001/3005/752
f 1008/3012/753 1003/3011/753 1001/3010/753 1006/3009/753
f 1007/3016/754 1008/3015/754 1006/3014/754 1005/3013/754
f 1006/3020/755 1001/3019/755 1002/3018/755 1005/3017/755
f 1007/3024/756 1004/3023/756 1003/3022/756 1008/3021/756
o cube
v -3.3311953517716 0.9640332931968087 1.4372774222657432
v -3.488077458484633 1.047040842025135 1.4977257591394215
v -3.8174936664198165 -0.2545660419732272 1.8485615205402235
v -3.9743757731328495 -0.17155849314490101 1.9090098574139018
v -3.4096760126691916 1.0725878903523447 1.666120567894965
v -3.2527939059561586 0.9895803415240185 1.6056722310212868
v -3.895974327317408 -0.14601144481769124 2.0774046661694454
v -3.739092220604375 -0.2290189936460174 2.016956329295767
vt 0.265625 0.375
vt 0.3125 0.375
vt 0.3125 0.03125
vt 0.265625 0.03125
vt 0.21875 0.375
vt 0.265625 0.375
vt 0.265625 0.03125
vt 0.21875 0.03125
vt 0.3125 0.375
vt 0.265625 0.375
vt 0.265625 0.03125
vt 0.3125 0.03125
vt 0.3125 0.375
vt 0.359375 0.375
vt 0.359375 0.03125
vt 0.3125 0.03125
vt 0.3125 0.375
vt 0.265625 0.375
vt 0.265625 0.421875
vt 0.3125 0.421875
vt 0.359375 0.421875
vt 0.3125 0.421875
vt 0.3125 0.375
vt 0.359375 0.375
vn -0.8367045691361752 0.44270692708440484 0.3223911299929497
vn -0.4181410443490184 -0.13625092441178438 -0.8981056466962261
vn 0.8367045691361752 -0.44270692708440484 -0.3223911299929497
vn 0.4181410443490184 0.13625092441178438 0.8981056466962261
vn 0.3536715015623392 0.886254061941844 -0.2991157078359855
vn -0.3536715015623392 -0.886254061941844 0.2991157078359855
usemtl m_32106622-412d-50ea-c58d-eafbf6f5adea
f 1012/3028/757 1015/3027/757 1013/3026/757 1010/3025/757
f 1011/3032/758 1012/3031/758 1010/3030/758 1009/3029/758
f 1016/3036/759 1011/3035/759 1009/3034/759 1014/3033/759
f 1015/3040/760 1016/3039/760 1014/3038/760 1013/3037/760
f 1014/3044/761 1009/3043/761 1010/3042/761 1013/3041/761
f 1015/3048/762 1012/3047/762 1011/3046/762 1016/3045/762
o cube
v -3.799265459709047 1.1035150164131855 1.2444664079144658
v -3.920567241818778 0.9817571322798231 1.3194140250104764
v -3.209232866403284 0.08140450584445169 0.5389335291470729
v -3.330534648513015 -0.04035337828891061 0.6138811462430835
v -3.762982817400693 0.9416496329787349 1.5093048822960071
v -3.641681035290962 1.0634075171120974 1.4343572651999965
v -3.17295022409493 -0.08046087758999865 0.8037720035286142
v -3.051648441985199 0.04129700654336366 0.7288243864326036
vt 0.046875 0.375
vt 0.109375 0.375
vt 0.109375 0.03125
vt 0.046875 0.03125
vt 0.15625 0.375
vt 0.109375 0.375
vt 0.109375 0.03125
vt 0.15625 0.03125
vt 0.046875 0.375
vt 0.109375 0.375
vt 0.109375 0.03125
vt 0.046875 0.03125
vt 0.109375 0.375
vt 0.15625 0.375
vt 0.15625 0.03125
vt 0.109375 0.03125
vt 0.109375 0.375
vt 0.046875 0.375
vt 0.046875 0.421875
vt 0.109375 0.421875
vt 0.171875 0.421875
vt 0.109375 0.421875
vt 0.109375 0.375
vt 0.171875 0.375
vn -0.6469428379185641 -0.6493753820445978 0.3997206245120547
vn -0.6303376976723409 0.16042999720435216 -0.7595634291421253
vn 0.6469428379185641 0.6493753820445978 -0.3997206245120547
vn 0.6303376976723409 -0.16042999720435216 0.7595634291421253
vn -0.42911461331328143 0.7433530985954416 0.5131148209217393
vn 0.42911461331328143 -0.7433530985954416 -0.5131148209217393
usemtl m_32106622-412d-50ea-c58d-eafbf6f5adea
f 1020/3052/763 1023/3051/763 1021/3050/763 1018/3049/763
f 1019/3056/764 1020/3055/764 1018/3054/764 1017/3053/764
f 1024/3060/765 1019/3059/765 1017/3058/765 1022/3057/765
f 1023/3064/766 1024/3063/766 1022/3062/766 1021/3061/766
f 1022/3068/767 1017/3067/767 1018/3066/767 1021/3065/767
f 1023/3072/768 1020/3071/768 1019/3070/768 1024/3069/768
o cube
v -3.4883391647093296 0.39024254229355826 0.5889334440285756
v -3.6905088015588823 0.18731273540462023 0.7138461391885933
v -3.327421184716849 0.11148513032026797 0.3965153861829229
v -3.529590821566402 -0.09144467656867006 0.5214280813429406
v -3.296547740513666 0.08704398715189932 1.1885732824024258
v -3.094378103664113 0.28997379404083734 1.063660587242408
v -3.1356297605211854 -0.19171342482139098 0.9961552245567731
v -2.9334601236716327 0.011216382067547048 0.8712425293967554
vt 0.53125 0.09375
vt 0.6875 0.09375
vt 0.6875 0
vt 0.53125 0
vt 0.453125 0.09375
vt 0.53125 0.09375
vt 0.53125 0
vt 0.453125 0
vt 0.765625 0.09375
vt 0.921875 0.09375
vt 0.921875 0
vt 0.765625 0
vt 0.53125 0.09375
vt 0.453125 0.09375
vt 0.453125 0
vt 0.53125 0
vt 0.6875 0.09375
vt 0.53125 0.09375
vt 0.53125 0.171875
vt 0.6875 0.171875
vt 0.84375 0.171875
vt 0.6875 0.171875
vt 0.6875 0.09375
vt 0.84375 0.09375
vn -0.6469428379185641 -0.6493753820445978 0.3997206245120547
vn -0.6303376976723409 0.16042999720435216 -0.7595634291421253
vn 0.6469428379185641 0.6493753820445978 -0.3997206245120547
vn 0.6303376976723409 -0.16042999720435216 0.7595634291421253
vn -0.42911461331328143 0.7433530985954416 0.5131148209217393
vn 0.42911461331328143 -0.7433530985954416 -0.5131148209217393
usemtl m_32106622-412d-50ea-c58d-eafbf6f5adea
f 1028/3076/769 1031/3075/769 1029/3074/769 1026/3073/769
f 1027/3080/770 1028/3079/770 1026/3078/770 1025/3077/770
f 1032/3084/771 1027/3083/771 1025/3082/771 1030/3081/771
f 1031/3088/772 1032/3087/772 1030/3086/772 1029/3085/772
f 1030/3092/773 1025/3091/773 1026/3090/773 1029/3089/773
f 1031/3096/774 1028/3095/774 1027/3094/774 1032/3093/774
o cube
v -3.849571230798812 0.9577842410654118 0.9262968453984968
v -4.132608722388185 0.6736825114208989 1.1011746186225215
v -3.5277352708138507 0.40026941711883 0.5414607297071923
v -3.810772762403224 0.11616768747431716 0.716338502931217
v -3.6598554491339264 0.5533600135176338 1.6708471904791207
v -3.376817957544553 0.8374617431621467 1.495969417255096
v -3.3380194891489645 -0.0041548104289479415 1.2860110747878153
v -3.054981997559591 0.2799469192155649 1.1111333015637905
vt 0.109375 0.890625
vt 0.296875 0.890625
vt 0.296875 0.703125
vt 0.109375 0.703125
vt 0 0.890625
vt 0.109375 0.890625
vt 0.109375 0.703125
vt 0 0.703125
vt 0.40625 0.890625
vt 0.59375 0.890625
vt 0.59375 0.703125
vt 0.40625 0.703125
vt 0.296875 0.890625
vt 0.40625 0.890625
vt 0.40625 0.703125
vt 0.296875 0.703125
vt 0.296875 0.890625
vt 0.109375 0.890625
vt 0.109375 1
vt 0.296875 1
vt 0.484375 1
vt 0.296875 1
vt 0.296875 0.890625
vt 0.484375 0.890625
vn -0.6469428379185641 -0.6493753820445978 0.3997206245120547
vn -0.6303376976723409 0.16042999720435216 -0.7595634291421253
vn 0.6469428379185641 0.6493753820445978 -0.3997206245120547
vn 0.6303376976723409 -0.16042999720435216 0.7595634291421253
vn -0.42911461331328143 0.7433530985954416 0.5131148209217393
vn 0.42911461331328143 -0.7433530985954416 -0.5131148209217393
usemtl m_32106622-412d-50ea-c58d-eafbf6f5adea
f 1036/3100/775 1039/3099/775 1037/3098/775 1034/3097/775
f 1035/3104/776 1036/3103/776 1034/3102/776 1033/3101/776
f 1040/3108/777 1035/3107/777 1033/3106/777 1038/3105/777
f 1039/3112/778 1040/3111/778 1038/3110/778 1037/3109/778
f 1038/3116/779 1033/3115/779 1034/3114/779 1037/3113/779
f 1039/3120/780 1036/3119/780 1035/3118/780 1040/3117/780
o cube
v -1.5301215403628148 3.4300874392310052 -2.0433616123199063
v -1.2263672645352153 2.9715988637750272 -2.161377781096895
v -1.602580177217125 3.2464993286271895 -1.5166250542663229
v -1.2988259013895256 2.7880107531712115 -1.6346412230433116
v -1.7462073822419635 2.6724439185362328 -2.337154829546938
v -2.049961658069563 3.1309324939922107 -2.2191386607699495
v -1.8186660190962733 2.488855807932417 -1.8104182714933548
v -2.122420294923873 2.947344383388395 -1.692402102716366
vt 0.140625 0.5625
vt 0.296875 0.5625
vt 0.296875 0.421875
vt 0.140625 0.421875
vt 0 0.5625
vt 0.140625 0.5625
vt 0.140625 0.421875
vt 0 0.421875
vt 0.4375 0.5625
vt 0.59375 0.5625
vt 0.59375 0.421875
vt 0.4375 0.421875
vt 0.296875 0.5625
vt 0.4375 0.5625
vt 0.4375 0.421875
vt 0.296875 0.421875
vt 0.296875 0.5625
vt 0.140625 0.5625
vt 0.140625 0.703125
vt 0.296875 0.703125
vt 0.453125 0.703125
vt 0.296875 0.703125
vt 0.296875 0.5625
vt 0.453125 0.5625
vn 0.5400076014712878 -0.8150908008106276 -0.20980652227020213
vn 0.8317441883307962 0.47864791238207127 0.28124327752006806
vn -0.5400076014712878 0.8150908008106276 0.20980652227020213
vn -0.8317441883307962 -0.47864791238207127 -0.28124327752006806
vn 0.12881535440766312 0.326378863295672 -0.9364205476508156
vn -0.12881535440766312 -0.326378863295672 0.9364205476508156
usemtl m_32106622-412d-50ea-c58d-eafbf6f5adea
f 1044/3124/781 1047/3123/781 1045/3122/781 1042/3121/781
f 1043/3128/782 1044/3127/782 1042/3126/782 1041/3125/782
f 1048/3132/783 1043/3131/783 1041/3130/783 1046/3129/783
f 1047/3136/784 1048/3135/784 1046/3134/784 1045/3133/784
f 1046/3140/785 1041/3139/785 1042/3138/785 1045/3137/785
f 1047/3144/786 1044/3143/786 1043/3142/786 1048/3141/786
o cube
v -1.5377958252986978 2.931952464326109 -1.6173450021657705
v -1.4027939249308758 2.728179764123452 -1.6697966327333211
v -1.5699996639006137 2.8503577485021907 -1.3832398652530657
v -1.4349977635327917 2.646585048299534 -1.4356914958206164
v -1.714697995554924 2.5486867969801756 -1.7752628618033461
v -1.849699895922746 2.7524594971828327 -1.7228112312357955
v -1.7469018341568399 2.4670920811562578 -1.5411577248906423
v -1.8819037345246619 2.6708647813589144 -1.4887060943230916
vt 0.65625 0.9375
vt 0.75 0.9375
vt 0.75 0.875
vt 0.65625 0.875
vt 0.59375 0.9375
vt 0.65625 0.9375
vt 0.65625 0.875
vt 0.59375 0.875
vt 0.8125 0.9375
vt 0.90625 0.9375
vt 0.90625 0.875
vt 0.8125 0.875
vt 0.75 0.9375
vt 0.8125 0.9375
vt 0.8125 0.875
vt 0.75 0.875
vt 0.75 0.9375
vt 0.65625 0.9375
vt 0.65625 1
vt 0.75 1
vt 0.84375 1
vt 0.75 1
vt 0.75 0.9375
vt 0.84375 0.9375
vn 0.5400076014712878 -0.8150908008106276 -0.20980652227020213
vn 0.8317441883307962 0.47864791238207127 0.28124327752006806
vn -0.5400076014712878 0.8150908008106276 0.20980652227020213
vn -0.8317441883307962 -0.47864791238207127 -0.28124327752006806
vn 0.12881535440766312 0.326378863295672 -0.9364205476508156
vn -0.12881535440766312 -0.326378863295672 0.9364205476508156
usemtl m_32106622-412d-50ea-c58d-eafbf6f5adea
f 1052/3148/787 1055/3147/787 1053/3146/787 1050/3145/787
f 1051/3152/788 1052/3151/788 1050/3150/788 1049/3149/788
f 1056/3156/789 1051/3155/789 1049/3154/789 1054/3153/789
f 1055/3160/790 1056/3159/790 1054/3158/790 1053/3157/790
f 1054/3164/791 1049/3163/791 1050/3162/791 1053/3161/791
f 1055/3168/792 1052/3167/792 1051/3166/792 1056/3165/792
o cube
v -1.922535513000351 2.3086795500849484 -1.5836616499495657
v -1.930055876598042 2.303026881434819 -1.77092547846028
v -2.6633214709584894 1.1520983545623484 -1.5190002035107701
v -2.6708418345561804 1.146445685912219 -1.7062640320214844
v -2.0878386637894732 2.4042695666582303 -1.767645119507861
v -2.080318300191782 2.40992223530836 -1.5803812909971469
v -2.8286246217476116 1.2476883711356304 -1.7029836730690655
v -2.8211042581499206 1.2533410397857598 -1.5157198445583513
vt 0.265625 0.375
vt 0.3125 0.375
vt 0.3125 0.03125
vt 0.265625 0.03125
vt 0.21875 0.375
vt 0.265625 0.375
vt 0.265625 0.03125
vt 0.21875 0.03125
vt 0.3125 0.375
vt 0.265625 0.375
vt 0.265625 0.03125
vt 0.3125 0.03125
vt 0.3125 0.375
vt 0.359375 0.375
vt 0.359375 0.03125
vt 0.3125 0.03125
vt 0.3125 0.375
vt 0.265625 0.375
vt 0.265625 0.421875
vt 0.3125 0.421875
vt 0.359375 0.421875
vt 0.3125 0.421875
vt 0.3125 0.375
vt 0.359375 0.375
vn -0.040108605854353184 -0.03014756613402525 -0.9987404187238118
vn 0.8415081983543008 -0.539960987858194 -0.017495247746234573
vn 0.040108605854353184 0.03014756613402525 0.9987404187238118
vn -0.8415081983543008 0.539960987858194 0.017495247746234573
vn 0.538753423969555 0.8411499603800728 -0.04702650650094212
vn -0.538753423969555 -0.8411499603800728 0.04702650650094212
usemtl m_32106622-412d-50ea-c58d-eafbf6f5adea
f 1060/3172/793 1063/3171/793 1061/3170/793 1058/3169/793
f 1059/3176/794 1060/3175/794 1058/3174/794 1057/3173/794
f 1064/3180/795 1059/3179/795 1057/3178/795 1062/3177/795
f 1063/3184/796 1064/3183/796 1062/3182/796 1061/3181/796
f 1062/3188/797 1057/3187/797 1058/3186/797 1061/3185/797
f 1063/3192/798 1060/3191/798 1059/3190/798 1064/3189/798
o cube
v -1.6879320612320363 2.51724410567147 -1.0919411422866232
v -1.649227912114629 2.655312978627721 -1.2127518419853178
v -1.2744615869136613 1.5899719862623571 -2.019213261695737
v -1.235757437796254 1.7280408592186078 -2.1400239613944314
v -1.8820054248491518 2.641676732397292 -1.3029110475822625
v -1.9207095739665592 2.5036078594410416 -1.1821003478835679
v -1.4685349505307768 1.7144046129881794 -2.230183166991376
v -1.5072390996481841 1.5763357400319287 -2.1093724672926815
vt 0.046875 0.375
vt 0.109375 0.375
vt 0.109375 0.03125
vt 0.046875 0.03125
vt 0.15625 0.375
vt 0.109375 0.375
vt 0.109375 0.03125
vt 0.15625 0.03125
vt 0.046875 0.375
vt 0.109375 0.375
vt 0.109375 0.03125
vt 0.046875 0.03125
vt 0.109375 0.375
vt 0.15625 0.375
vt 0.15625 0.03125
vt 0.109375 0.03125
vt 0.109375 0.375
vt 0.046875 0.375
vt 0.046875 0.421875
vt 0.109375 0.421875
vt 0.171875 0.421875
vt 0.109375 0.421875
vt 0.109375 0.375
vt 0.171875 0.375
vn 0.20642212862617312 0.7363673224333371 -0.6443237317263718
vn 0.9311100509380916 0.05454498492171388 0.360636822387779
vn -0.20642212862617312 -0.7363673224333371 0.6443237317263718
vn -0.9311100509380916 -0.05454498492171388 -0.360636822387779
vn -0.3007057995042731 0.6743797232066279 0.674379723206628
vn 0.3007057995042731 -0.6743797232066279 -0.674379723206628
usemtl m_32106622-412d-50ea-c58d-eafbf6f5adea
f 1068/3196/799 1071/3195/799 1069/3194/799 1066/3193/799
f 1067/3200/800 1068/3199/800 1066/3198/800 1065/3197/800
f 1072/3204/801 1067/3203/801 1065/3202/801 1070/3201/801
f 1071/3208/802 1072/3207/802 1070/3206/802 1069/3205/802
f 1070/3212/803 1065/3211/803 1066/3210/803 1069/3209/803
f 1071/3216/804 1068/3215/804 1067/3214/804 1072/3213/804
o cube
v -1.2126431271768707 1.8530915671376642 -1.6987014612955427
v -1.1481362119811918 2.083206355398082 -1.9000526274600338
v -1.099878452362769 1.6001991709351786 -1.951593857498028
v -1.03537153716709 1.8303139591955964 -2.152945023662519
v -1.7300799938175002 2.0491157398220103 -2.125450641452396
v -1.7945869090131792 1.8190009515615928 -1.9240994752879046
v -1.6173153190033984 1.7962233436195252 -2.378343037654881
v -1.6818222341990774 1.5661085553591074 -2.17699187149039
vt 0.53125 0.09375
vt 0.6875 0.09375
vt 0.6875 0
vt 0.53125 0
vt 0.453125 0.09375
vt 0.53125 0.09375
vt 0.53125 0
vt 0.453125 0
vt 0.765625 0.09375
vt 0.921875 0.09375
vt 0.921875 0
vt 0.765625 0
vt 0.53125 0.09375
vt 0.453125 0.09375
vt 0.453125 0
vt 0.53125 0
vt 0.6875 0.09375
vt 0.53125 0.09375
vt 0.53125 0.171875
vt 0.6875 0.171875
vt 0.84375 0.171875
vt 0.6875 0.171875
vt 0.6875 0.09375
vt 0.84375 0.09375
vn 0.20642212862617312 0.7363673224333371 -0.6443237317263718
vn 0.9311100509380916 0.05454498492171388 0.360636822387779
vn -0.20642212862617312 -0.7363673224333371 0.6443237317263718
vn -0.9311100509380916 -0.05454498492171388 -0.360636822387779
vn -0.3007057995042731 0.6743797232066279 0.674379723206628
vn 0.3007057995042731 -0.6743797232066279 -0.674379723206628
usemtl m_32106622-412d-50ea-c58d-eafbf6f5adea
f 1076/3220/805 1079/3219/805 1077/3218/805 1074/3217/805
f 1075/3224/806 1076/3223/806 1074/3222/806 1073/3221/806
f 1080/3228/807 1075/3227/807 1073/3226/807 1078/3225/807
f 1079/3232/808 1080/3231/808 1078/3230/808 1077/3229/808
f 1078/3236/809 1073/3235/809 1074/3234/809 1077/3233/809
f 1079/3240/810 1076/3239/810 1075/3238/810 1080/3237/810
o cube
v -1.3799780986214456 2.3622854211002418 -1.1703768674913357
v -1.289668417347495 2.684446124664827 -1.4522685001216233
v -1.1544487489932402 1.8565006286952712 -1.6761616598963065
v -1.0641390677192897 2.178661332259856 -1.958053292526594
v -1.9880009555510645 2.6435373859735414 -1.722746116912458
v -2.078310636825015 2.321376682408957 -1.4408544842821704
v -1.7624716059228591 2.1377525935685706 -2.2285309093174286
v -1.8527812871968097 1.8155918900039858 -1.946639276687141
vt 0.109375 0.890625
vt 0.296875 0.890625
vt 0.296875 0.703125
vt 0.109375 0.703125
vt 0 0.890625
vt 0.109375 0.890625
vt 0.109375 0.703125
vt 0 0.703125
vt 0.40625 0.890625
vt 0.59375 0.890625
vt 0.59375 0.703125
vt 0.40625 0.703125
vt 0.296875 0.890625
vt 0.40625 0.890625
vt 0.40625 0.703125
vt 0.296875 0.703125
vt 0.296875 0.890625
vt 0.109375 0.890625
vt 0.109375 1
vt 0.296875 1
vt 0.484375 1
vt 0.296875 1
vt 0.296875 0.890625
vt 0.484375 0.890625
vn 0.20642212862617312 0.7363673224333371 -0.6443237317263718
vn 0.9311100509380916 0.05454498492171388 0.360636822387779
vn -0.20642212862617312 -0.7363673224333371 0.6443237317263718
vn -0.9311100509380916 -0.05454498492171388 -0.360636822387779
vn -0.3007057995042731 0.6743797232066279 0.674379723206628
vn 0.3007057995042731 -0.6743797232066279 -0.674379723206628
usemtl m_32106622-412d-50ea-c58d-eafbf6f5adea
f 1084/3244/811 1087/3243/811 1085/3242/811 1082/3241/811
f 1083/3248/812 1084/3247/812 1082/3246/812 1081/3245/812
f 1088/3252/813 1083/3251/813 1081/3250/813 1086/3249/813
f 1087/3256/814 1088/3255/814 1086/3254/814 1085/3253/814
f 1086/3260/815 1081/3259/815 1082/3258/815 1085/3257/815
f 1087/3264/816 1084/3263/816 1083/3262/816 1088/3261/816
o cube
v -3.1700108284511614 1.6708916156431708 -1.6671929232344538
v -3.209079461747349 1.8395683892343913 -1.7391515081512254
v -2.296662105087515 2.2523121442520635 -0.778465081704081
v -2.3357307383837025 2.4209889178432835 -0.8504236666208524
v -3.023144001490097 1.8122970620768104 -1.9040280660179774
v -2.98407536819391 1.64362028848559 -1.8320694811012057
v -2.149795278126451 2.393717590685703 -1.0153002244876048
v -2.1107266448302635 2.2250408170944826 -0.9433416395708334
vt 0.109375 0.375
vt 0.046875 0.375
vt 0.046875 0.03125
vt 0.109375 0.03125
vt 0.15625 0.375
vt 0.109375 0.375
vt 0.109375 0.03125
vt 0.15625 0.03125
vt 0.109375 0.375
vt 0.046875 0.375
vt 0.046875 0.03125
vt 0.109375 0.03125
vt 0.109375 0.375
vt 0.15625 0.375
vt 0.15625 0.03125
vt 0.109375 0.03125
vt 0.046875 0.375
vt 0.109375 0.375
vt 0.109375 0.421875
vt 0.046875 0.421875
vt 0.109375 0.421875
vt 0.171875 0.421875
vt 0.171875 0.375
vt 0.109375 0.375
vn -0.20836604424633096 0.8996094591531755 -0.3837791195561154
vn -0.7437418410290056 0.10908530863032276 0.6595062314670066
vn 0.20836604424633096 -0.8996094591531755 0.3837791195561154
vn 0.7437418410290056 -0.10908530863032276 -0.6595062314670066
vn -0.6351627079008351 -0.42285129353374123 -0.6463475211130002
vn 0.6351627079008351 0.42285129353374123 0.6463475211130002
usemtl m_32106622-412d-50ea-c58d-eafbf6f5adea
f 1092/3268/817 1095/3267/817 1093/3266/817 1090/3265/817
f 1091/3272/818 1092/3271/818 1090/3270/818 1089/3269/818
f 1096/3276/819 1091/3275/819 1089/3274/819 1094/3273/819
f 1095/3280/820 1096/3279/820 1094/3278/820 1093/3277/820
f 1094/3284/821 1089/3283/821 1090/3282/821 1093/3281/821
f 1095/3288/822 1092/3287/822 1091/3286/822 1096/3285/822
o cube
v -2.6742997157432677 2.1141964045450967 -0.8971879837213912
v -2.739414104570246 2.3953243605304637 -1.0171189585826772
v -2.4361137002804547 2.2727656396202494 -0.6548076633040165
v -2.5012280891074328 2.553893595605617 -0.7747386381653025
v -2.274575453927117 2.327146042636512 -1.4293103532495577
v -2.2094610651001387 2.0460180866511446 -1.3093793783882717
v -2.0363894384643038 2.4857152777116647 -1.186930032832183
v -1.9712750496373257 2.2045873217262972 -1.066999057970897
vt 0.6875 0.09375
vt 0.53125 0.09375
vt 0.53125 0
vt 0.6875 0
vt 0.453125 0.09375
vt 0.53125 0.09375
vt 0.53125 0
vt 0.453125 0
vt 0.921875 0.09375
vt 0.765625 0.09375
vt 0.765625 0
vt 0.921875 0
vt 0.53125 0.09375
vt 0.453125 0.09375
vt 0.453125 0
vt 0.53125 0
vt 0.53125 0.09375
vt 0.6875 0.09375
vt 0.6875 0.171875
vt 0.53125 0.171875
vt 0.6875 0.171875
vt 0.84375 0.171875
vt 0.84375 0.09375
vt 0.6875 0.09375
vn -0.20836604424633096 0.8996094591531755 -0.3837791195561154
vn -0.7437418410290056 0.10908530863032276 0.6595062314670066
vn 0.20836604424633096 -0.8996094591531755 0.3837791195561154
vn 0.7437418410290056 -0.10908530863032276 -0.6595062314670066
vn -0.6351627079008351 -0.42285129353374123 -0.6463475211130002
vn 0.6351627079008351 0.42285129353374123 0.6463475211130002
usemtl m_32106622-412d-50ea-c58d-eafbf6f5adea
f 1100/3292/823 1103/3291/823 1101/3290/823 1098/3289/823
f 1099/3296/824 1100/3295/824 1098/3294/824 1097/3293/824
f 1104/3300/825 1099/3299/825 1097/3298/825 1102/3297/825
f 1103/3304/826 1104/3303/826 1102/3302/826 1101/3301/826
f 1102/3308/827 1097/3307/827 1098/3306/827 1101/3305/827
f 1103/3312/828 1100/3311/828 1099/3310/828 1104/3309/828
o cube
v -3.1971556117332067 1.8038757661841867 -1.3407294850894513
v -3.2883157560909764 2.1974549045637013 -1.508632849895252
v -2.7207835808075815 2.1210142363344917 -0.8559688442547029
v -2.811943725165351 2.514593374714006 -1.0238722090605035
v -2.730509375319219 2.1156409230909587 -2.003262523495509
v -2.6393492309614492 1.722061784711444 -1.8353591586897084
v -2.2541373443935946 2.4327793932412636 -1.5185018826607606
v -2.162977200035825 2.039200254861749 -1.35059851785496
vt 0.296875 0.890625
vt 0.109375 0.890625
vt 0.109375 0.703125
vt 0.296875 0.703125
vt 0.40625 0.890625
vt 0.296875 0.890625
vt 0.296875 0.703125
vt 0.40625 0.703125
vt 0.59375 0.890625
vt 0.40625 0.890625
vt 0.40625 0.703125
vt 0.59375 0.703125
vt 0.109375 0.890625
vt 0 0.890625
vt 0 0.703125
vt 0.109375 0.703125
vt 0.109375 0.890625
vt 0.296875 0.890625
vt 0.296875 1
vt 0.109375 1
vt 0.296875 1
vt 0.484375 1
vt 0.484375 0.890625
vt 0.296875 0.890625
vn -0.20836604424633096 0.8996094591531755 -0.3837791195561154
vn -0.7437418410290056 0.10908530863032276 0.6595062314670066
vn 0.20836604424633096 -0.8996094591531755 0.3837791195561154
vn 0.7437418410290056 -0.10908530863032276 -0.6595062314670066
vn -0.6351627079008351 -0.42285129353374123 -0.6463475211130002
vn 0.6351627079008351 0.42285129353374123 0.6463475211130002
usemtl m_32106622-412d-50ea-c58d-eafbf6f5adea
f 1108/3316/829 1111/3315/829 1109/3314/829 1106/3313/829
f 1107/3320/830 1108/3319/830 1106/3318/830 1105/3317/830
f 1112/3324/831 1107/3323/831 1105/3322/831 1110/3321/831
f 1111/3328/832 1112/3327/832 1110/3326/832 1109/3325/832
f 1110/3332/833 1105/3331/833 1106/3330/833 1109/3329/833
f 1111/3336/834 1108/3335/834 1107/3334/834 1112/3333/834
o cube
v -3.2794114116851416 2.229985905951705 -1.191197085788734
v -3.202566343636134 2.105056527106046 -1.074390682634705
v -3.891225154732089 1.2094246054367712 -1.8802279818377883
v -3.814380086683081 1.0844952265911123 -1.7634215786837595
v -3.0532657643196064 2.091590973192767 -1.1870151287978679
v -3.130110832368614 2.216520352038426 -1.3038215319518967
v -3.6650795073665536 1.071029672677833 -1.8760460248469222
v -3.7419245754155614 1.195959051523492 -1.992852428000951
vt 0.265625 0.375
vt 0.3125 0.375
vt 0.3125 0.03125
vt 0.265625 0.03125
vt 0.21875 0.375
vt 0.265625 0.375
vt 0.265625 0.03125
vt 0.21875 0.03125
vt 0.3125 0.375
vt 0.265625 0.375
vt 0.265625 0.03125
vt 0.3125 0.03125
vt 0.3125 0.375
vt 0.359375 0.375
vt 0.359375 0.03125
vt 0.3125 0.03125
vt 0.3125 0.375
vt 0.265625 0.375
vt 0.265625 0.421875
vt 0.3125 0.421875
vt 0.359375 0.421875
vt 0.3125 0.421875
vt 0.3125 0.375
vt 0.359375 0.375
vn 0.4098403629280395 -0.6662900205101774 0.6229674834881515
vn -0.7962697563548004 0.07181628753748802 0.6006637128701883
vn -0.4098403629280395 0.6662900205101774 -0.6229674834881515
vn 0.7962697563548004 -0.07181628753748802 -0.6006637128701883
vn 0.44495544948868754 0.7422264003744952 0.5011133789447655
vn -0.44495544948868754 -0.7422264003744952 -0.5011133789447655
usemtl m_32106622-412d-50ea-c58d-eafbf6f5adea
f 1116/3340/835 1119/3339/835 1117/3338/835 1114/3337/835
f 1115/3344/836 1116/3343/836 1114/3342/836 1113/3341/836
f 1120/3348/837 1115/3347/837 1113/3346/837 1118/3345/837
f 1119/3352/838 1120/3351/838 1118/3350/838 1117/3349/838
f 1118/3356/839 1113/3355/839 1114/3354/839 1117/3353/839
f 1119/3360/840 1116/3359/840 1115/3358/840 1120/3357/840
o cube
v 0.00998388290481067 3.0759363659721606 -1.7918117240336753
v 0.19804861272087493 3.0644502640564966 -2.321817362552733
v -0.09739884178858205 2.5244009165607286 -1.8179622207775625
v 0.09066588802748221 2.5129148146450646 -2.34796785929662
v -0.3787741640899016 3.186586433284611 -2.529141360967257
v -0.5668388939059659 3.198072535200275 -1.9991357224481994
v -0.4861568887832943 2.635050983873178 -2.5552918577111443
v -0.6742216185993586 2.646537085788842 -2.0252862191920866
vt 0.140625 0.5625
vt 0.296875 0.5625
vt 0.296875 0.421875
vt 0.140625 0.421875
vt 0 0.5625
vt 0.140625 0.5625
vt 0.140625 0.421875
vt 0 0.421875
vt 0.4375 0.5625
vt 0.59375 0.5625
vt 0.59375 0.421875
vt 0.4375 0.421875
vt 0.296875 0.5625
vt 0.4375 0.5625
vt 0.4375 0.421875
vt 0.296875 0.421875
vt 0.296875 0.5625
vt 0.140625 0.5625
vt 0.140625 0.703125
vt 0.296875 0.703125
vt 0.453125 0.703125
vt 0.296875 0.703125
vt 0.296875 0.5625
vt 0.453125 0.5625
vn 0.3343372974507814 -0.020419736738957844 -0.942232246256102
vn 0.9229164428972438 -0.1954178707649828 0.3317183974632384
vn -0.3343372974507814 0.020419736738957844 0.942232246256102
vn -0.9229164428972438 0.1954178707649828 -0.3317183974632384
vn 0.19090262167714264 0.9805074656203248 0.046489771989133254
vn -0.19090262167714264 -0.9805074656203248 -0.046489771989133254
usemtl m_32106622-412d-50ea-c58d-eafbf6f5adea
f 1124/3364/841 1127/3363/841 1125/3362/841 1122/3361/841
f 1123/3368/842 1124/3367/842 1122/3366/842 1121/3365/842
f 1128/3372/843 1123/3371/843 1121/3370/843 1126/3369/843
f 1127/3376/844 1128/3375/844 1126/3374/844 1125/3373/844
f 1126/3380/845 1121/3379/845 1122/3378/845 1125/3377/845
f 1127/3384/846 1124/3383/846 1123/3382/846 1128/3381/846
o cube
v -0.10828299169736777 2.5424469826754263 -2.1538745974154994
v -0.02469866733467274 2.537342048490687 -2.3894326589795254
v -0.15600864711665352 2.2973201162703454 -2.1654970404127827
v -0.07242432275395849 2.292215182085606 -2.4010551019768087
v -0.3707923334211394 2.610623750027555 -2.513827058028239
v -0.4543766577838344 2.6157286842122947 -2.278268996464214
v -0.4185179888404251 2.365496883622475 -2.5254495010255225
v -0.5021023132031202 2.3706018178072146 -2.2898914394614973
vt 0.65625 0.9375
vt 0.75 0.9375
vt 0.75 0.875
vt 0.65625 0.875
vt 0.59375 0.9375
vt 0.65625 0.9375
vt 0.65625 0.875
vt 0.59375 0.875
vt 0.8125 0.9375
vt 0.90625 0.9375
vt 0.90625 0.875
vt 0.8125 0.875
vt 0.75 0.9375
vt 0.8125 0.9375
vt 0.8125 0.875
vt 0.75 0.875
vt 0.75 0.9375
vt 0.65625 0.9375
vt 0.65625 1
vt 0.75 1
vt 0.84375 1
vt 0.75 1
vt 0.75 0.9375
vt 0.84375 0.9375
vn 0.3343372974507814 -0.020419736738957844 -0.942232246256102
vn 0.9229164428972438 -0.1954178707649828 0.3317183974632384
vn -0.3343372974507814 0.020419736738957844 0.942232246256102
vn -0.9229164428972438 0.1954178707649828 -0.3317183974632384
vn 0.19090262167714264 0.9805074656203248 0.046489771989133254
vn -0.19090262167714264 -0.9805074656203248 -0.046489771989133254
usemtl m_32106622-412d-50ea-c58d-eafbf6f5adea
f 1132/3388/847 1135/3387/847 1133/3386/847 1130/3385/847
f 1131/3392/848 1132/3391/848 1130/3390/848 1129/3389/848
f 1136/3396/849 1131/3395/849 1129/3394/849 1134/3393/849
f 1135/3400/850 1136/3399/850 1134/3398/850 1133/3397/850
f 1134/3404/851 1129/3403/851 1130/3402/851 1133/3401/851
f 1135/3408/852 1132/3407/852 1131/3406/852 1136/3405/852
o cube
v 0.27437199109686006 2.271273375391635 -1.7152835434777745
v 0.1857850045065872 2.3279000645081824 -1.8705317765967158
v 0.2983623007367937 0.984179761922902 -2.198439310504698
v 0.20977531414652084 1.040806451039449 -2.353687543623639
v -0.0345093186584986 2.2827841695862885 -1.7612845010854532
v 0.054077667931774265 2.226157480469741 -1.6060362679665119
v -0.010519009018564951 0.9956905561175555 -2.2444402681123767
v 0.07806797757170791 0.9390638670010085 -2.0891920349934354
vt 0.109375 0.375
vt 0.046875 0.375
vt 0.046875 0.03125
vt 0.109375 0.03125
vt 0.15625 0.375
vt 0.109375 0.375
vt 0.109375 0.03125
vt 0.15625 0.03125
vt 0.109375 0.375
vt 0.046875 0.375
vt 0.046875 0.03125
vt 0.109375 0.03125
vt 0.109375 0.375
vt 0.15625 0.375
vt 0.15625 0.03125
vt 0.109375 0.03125
vt 0.046875 0.375
vt 0.109375 0.375
vt 0.109375 0.421875
vt 0.046875 0.421875
vt 0.109375 0.421875
vt 0.171875 0.421875
vt 0.171875 0.375
vt 0.109375 0.375
vn -0.47246392848145136 0.3020090086215839 -0.8279905766343493
vn 0.8811772926603406 0.180463579687574 -0.43698910204505026
vn 0.47246392848145136 -0.3020090086215839 0.8279905766343493
vn -0.8811772926603406 -0.180463579687574 0.43698910204505026
vn -0.01744749791995143 0.9360680825227163 0.3513860123832175
vn 0.01744749791995143 -0.9360680825227163 -0.3513860123832175
usemtl m_32106622-412d-50ea-c58d-eafbf6f5adea
f 1140/3412/853 1143/3411/853 1141/3410/853 1138/3409/853
f 1139/3416/854 1140/3415/854 1138/3414/854 1137/3413/854
f 1144/3420/855 1139/3419/855 1137/3418/855 1142/3417/855
f 1143/3424/856 1144/3423/856 1142/3422/856 1141/3421/856
f 1142/3428/857 1137/3427/857 1138/3426/857 1141/3425/857
f 1143/3432/858 1140/3431/858 1139/3430/858 1144/3429/858
o cube
v 0.4570402313906259 1.3690422140603407 -2.148605012494438
v 0.3093952537401723 1.4634200292545854 -2.407352067692672
v 0.4635830431106074 1.018016683114322 -2.2803747671381442
v 0.3159380654601538 1.1123944983085667 -2.5391218223363787
v -0.24134055417254086 1.3506302919498518 -2.1342338789145154
v -0.09369557652208726 1.2562524767556071 -1.8754868237162814
v -0.23479774245255935 0.9996047610038332 -2.2660036335582223
v -0.08715276480210576 0.9052269458095885 -2.0072565783599883
vt 0.6875 0.09375
vt 0.53125 0.09375
vt 0.53125 0
vt 0.6875 0
vt 0.453125 0.09375
vt 0.53125 0.09375
vt 0.53125 0
vt 0.453125 0
vt 0.921875 0.09375
vt 0.765625 0.09375
vt 0.765625 0
vt 0.921875 0
vt 0.53125 0.09375
vt 0.453125 0.09375
vt 0.453125 0
vt 0.53125 0
vt 0.53125 0.09375
vt 0.6875 0.09375
vt 0.6875 0.171875
vt 0.53125 0.171875
vt 0.6875 0.171875
vt 0.84375 0.171875
vt 0.84375 0.09375
vt 0.6875 0.09375
vn -0.47246392848145136 0.3020090086215839 -0.8279905766343493
vn 0.8811772926603406 0.180463579687574 -0.43698910204505026
vn 0.47246392848145136 -0.3020090086215839 0.8279905766343493
vn -0.8811772926603406 -0.180463579687574 0.43698910204505026
vn -0.01744749791995143 0.9360680825227163 0.3513860123832175
vn 0.01744749791995143 -0.9360680825227163 -0.3513860123832175
usemtl m_32106622-412d-50ea-c58d-eafbf6f5adea
f 1148/3436/859 1151/3435/859 1149/3434/859 1146/3433/859
f 1147/3440/860 1148/3439/860 1146/3438/860 1145/3437/860
f 1152/3444/861 1147/3443/861 1145/3442/861 1150/3441/861
f 1151/3448/862 1152/3447/862 1150/3446/862 1149/3445/862
f 1150/3452/863 1145/3451/863 1146/3450/863 1149/3449/863
f 1151/3456/864 1148/3455/864 1147/3454/864 1152/3453/864
o cube
v 0.4990281887419332 2.08237224968285 -1.912377322084841
v 0.292325220031298 2.2145011909547927 -2.274623199362369
v 0.5121138121818971 1.3803211877908137 -2.1759168313722537
v 0.3054108434712619 1.5124501290627566 -2.5381627086497818
v -0.3685577494639576 2.0791535061891127 -1.9468813728285812
v -0.16185478075332238 1.9470245649171696 -1.5846354955510533
v -0.3554721260239937 1.377102444297076 -2.210420882115994
v -0.1487691573133585 1.2449735030251332 -1.8481750048384662
vt 0.296875 0.890625
vt 0.109375 0.890625
vt 0.109375 0.703125
vt 0.296875 0.703125
vt 0.40625 0.890625
vt 0.296875 0.890625
vt 0.296875 0.703125
vt 0.40625 0.703125
vt 0.59375 0.890625
vt 0.40625 0.890625
vt 0.40625 0.703125
vt 0.59375 0.703125
vt 0.109375 0.890625
vt 0 0.890625
vt 0 0.703125
vt 0.109375 0.703125
vt 0.109375 0.890625
vt 0.296875 0.890625
vt 0.296875 1
vt 0.109375 1
vt 0.296875 1
vt 0.484375 1
vt 0.484375 0.890625
vt 0.296875 0.890625
vn -0.47246392848145136 0.3020090086215839 -0.8279905766343493
vn 0.8811772926603406 0.180463579687574 -0.43698910204505026
vn 0.47246392848145136 -0.3020090086215839 0.8279905766343493
vn -0.8811772926603406 -0.180463579687574 0.43698910204505026
vn -0.01744749791995143 0.9360680825227163 0.3513860123832175
vn 0.01744749791995143 -0.9360680825227163 -0.3513860123832175
usemtl m_32106622-412d-50ea-c58d-eafbf6f5adea
f 1156/3460/865 1159/3459/865 1157/3458/865 1154/3457/865
f 1155/3464/866 1156/3463/866 1154/3462/866 1153/3461/866
f 1160/3468/867 1155/3467/867 1153/3466/867 1158/3465/867
f 1159/3472/868 1160/3471/868 1158/3470/868 1157/3469/868
f 1158/3476/869 1153/3475/869 1154/3474/869 1157/3473/869
f 1159/3480/870 1156/3479/870 1155/3478/870 1160/3477/870
o cube
v 4.291431012486956 2.085660491985526 -0.05191505686520159
v 4.340412307844022 1.906633548893208 -0.07849392727317284
v 3.470285773146032 1.7072026668233171 0.98399766652477
v 3.5192670685030985 1.5281757237309992 0.9574187961167988
v 4.198219384448521 1.8856042876816135 -0.19888991021752034
v 4.149238089091455 2.0646312307739314 -0.1723110398095491
v 3.3770741451075983 1.5071464625194044 0.8370228131724513
v 3.328092849750532 1.6861734056117224 0.8636016835804226
vt 0.3125 0.375
vt 0.265625 0.375
vt 0.265625 0.03125
vt 0.3125 0.03125
vt 0.359375 0.375
vt 0.3125 0.375
vt 0.3125 0.03125
vt 0.359375 0.03125
vt 0.265625 0.375
vt 0.3125 0.375
vt 0.3125 0.03125
vt 0.265625 0.03125
vt 0.265625 0.375
vt 0.21875 0.375
vt 0.21875 0.03125
vt 0.265625 0.03125
vt 0.265625 0.375
vt 0.3125 0.375
vt 0.3125 0.421875
vt 0.265625 0.421875
vt 0.3125 0.421875
vt 0.359375 0.421875
vt 0.359375 0.375
vt 0.3125 0.375
vn 0.26123357523768814 -0.9548103631590297 -0.1417539755091789
vn 0.7583622581093379 0.11215605979517132 0.6421119090365229
vn -0.26123357523768814 0.9548103631590297 0.1417539755091789
vn -0.7583622581093379 -0.11215605979517132 -0.6421119090365229
vn 0.5971965377024898 0.27524205466342483 -0.7533910715563433
vn -0.5971965377024898 -0.27524205466342483 0.7533910715563433
usemtl m_32106622-412d-50ea-c58d-eafbf6f5adea
f 1164/3484/871 1167/3483/871 1165/3482/871 1162/3481/871
f 1163/3488/872 1164/3487/872 1162/3486/872 1161/3485/872
f 1168/3492/873 1163/3491/873 1161/3490/873 1166/3489/873
f 1167/3496/874 1168/3495/874 1166/3494/874 1165/3493/874
f 1166/3500/875 1161/3499/875 1162/3498/875 1165/3497/875
f 1167/3504/876 1164/3503/876 1163/3502/876 1168/3501/876
o cube
v 3.5564726459173426 2.109579220145589 -0.7969437596320823
v 3.6458096964427384 1.9510494693664442 -0.7517391191476683
v 2.393130504588092 1.4007668968680493 -0.9836123230737339
v 2.4824675551134874 1.2422371460889043 -0.93840768258932
v 3.6906345161412033 1.9249316189115586 -0.9319191497465553
v 3.6012974656158074 2.0834613696907036 -0.9771237902309702
v 2.5272923748119527 1.2161192956340188 -1.118587713188207
v 2.4379553242865573 1.3746490464131638 -1.1637923536726218
vt 0.265625 0.375
vt 0.3125 0.375
vt 0.3125 0.03125
vt 0.265625 0.03125
vt 0.21875 0.375
vt 0.265625 0.375
vt 0.265625 0.03125
vt 0.21875 0.03125
vt 0.3125 0.375
vt 0.265625 0.375
vt 0.265625 0.03125
vt 0.3125 0.03125
vt 0.3125 0.375
vt 0.359375 0.375
vt 0.359375 0.03125
vt 0.3125 0.03125
vt 0.3125 0.375
vt 0.265625 0.375
vt 0.265625 0.421875
vt 0.3125 0.421875
vt 0.359375 0.421875
vt 0.3125 0.421875
vt 0.3125 0.375
vt 0.359375 0.375
vn 0.47646426946877624 -0.8454920041554392 0.2410914159168766
vn -0.23906570505848151 0.13929520242605659 0.9609601631940708
vn -0.47646426946877624 0.8454920041554392 -0.2410914159168766
vn 0.23906570505848151 -0.13929520242605659 -0.9609601631940708
vn 0.8460670118758188 0.5154998714745745 0.13575895523029238
vn -0.8460670118758188 -0.5154998714745745 -0.13575895523029238
usemtl m_32106622-412d-50ea-c58d-eafbf6f5adea
f 1172/3508/877 1175/3507/877 1173/3506/877 1170/3505/877
f 1171/3512/878 1172/3511/878 1170/3510/878 1169/3509/878
f 1176/3516/879 1171/3515/879 1169/3514/879 1174/3513/879
f 1175/3520/880 1176/3519/880 1174/3518/880 1173/3517/880
f 1174/3524/881 1169/3523/881 1170/3522/881 1173/3521/881
f 1175/3528/882 1172/3527/882 1171/3526/882 1176/3525/882
o cube
v 4.086056477321918 2.141782281365244 -0.41012485600191173
v 4.100361131928079 1.9561675823803388 -0.43245891916429624
v 2.8937654177911263 1.9701186426024322 0.25289748486576435
v 2.908070072397287 1.7845039436175267 0.23056342170337984
v 3.9773059670590025 1.972792453409892 -0.6494405775188561
v 3.9630013124528416 2.1584071523947976 -0.6271065143564716
v 2.785014907528211 1.8011288146470803 0.013581763348819997
v 2.7707102529220498 1.9867435136319855 0.03591582651120451
vt 0.046875 0.375
vt 0.109375 0.375
vt 0.109375 0.03125
vt 0.046875 0.03125
vt 0.15625 0.375
vt 0.109375 0.375
vt 0.109375 0.03125
vt 0.15625 0.03125
vt 0.046875 0.375
vt 0.109375 0.375
vt 0.109375 0.03125
vt 0.046875 0.03125
vt 0.109375 0.375
vt 0.15625 0.375
vt 0.15625 0.03125
vt 0.109375 0.03125
vt 0.109375 0.375
vt 0.046875 0.375
vt 0.046875 0.421875
vt 0.109375 0.421875
vt 0.171875 0.421875
vt 0.109375 0.421875
vt 0.109375 0.375
vt 0.171875 0.375
vn 0.07629149123285957 -0.9899450612528287 -0.11911500353271938
vn 0.49222065947630345 -0.06649948411821362 0.8679266334182426
vn -0.07629149123285957 0.9899450612528287 0.11911500353271938
vn -0.49222065947630345 0.06649948411821362 -0.8679266334182426
vn 0.8671207705678486 0.1248462827365904 -0.4821980660855826
vn -0.8671207705678486 -0.1248462827365904 0.4821980660855826
usemtl m_32106622-412d-50ea-c58d-eafbf6f5adea
f 1180/3532/883 1183/3531/883 1181/3530/883 1178/3529/883
f 1179/3536/884 1180/3535/884 1178/3534/884 1177/3533/884
f 1184/3540/885 1179/3539/885 1177/3538/885 1182/3537/885
f 1183/3544/886 1184/3543/886 1182/3542/886 1181/3541/886
f 1182/3548/887 1177/3547/887 1178/3546/887 1181/3545/887
f 1183/3552/888 1180/3551/888 1179/3550/888 1184/3549/888
o cube
v 3.311227080405876 2.0044673453564883 0.23480945384959195
v 3.3350681714161445 1.6951095137149796 0.19758601524561747
v 2.986056791442933 1.957649989330267 0.41563372863168535
v 3.0098978824532012 1.6482921576887581 0.37841029002771087
v 3.027430259243455 1.7366716912888631 -0.34486813064078436
v 3.0035891682331863 2.0460295229303718 -0.3076446920368099
v 2.7022599702805117 1.6898543352626416 -0.16404385585869097
v 2.678418879270243 1.9992121669041505 -0.1268204172547165
vt 0.53125 0.09375
vt 0.6875 0.09375
vt 0.6875 0
vt 0.53125 0
vt 0.453125 0.09375
vt 0.53125 0.09375
vt 0.53125 0
vt 0.453125 0
vt 0.765625 0.09375
vt 0.921875 0.09375
vt 0.921875 0
vt 0.765625 0
vt 0.53125 0.09375
vt 0.453125 0.09375
vt 0.453125 0
vt 0.53125 0
vt 0.6875 0.09375
vt 0.53125 0.09375
vt 0.53125 0.171875
vt 0.6875 0.171875
vt 0.84375 0.171875
vt 0.6875 0.171875
vt 0.6875 0.09375
vt 0.84375 0.09375
vn 0.07629149123285957 -0.9899450612528287 -0.11911500353271938
vn 0.49222065947630345 -0.06649948411821362 0.8679266334182426
vn -0.07629149123285957 0.9899450612528287 0.11911500353271938
vn -0.49222065947630345 0.06649948411821362 -0.8679266334182426
vn 0.8671207705678486 0.1248462827365904 -0.4821980660855826
vn -0.8671207705678486 -0.1248462827365904 0.4821980660855826
usemtl m_32106622-412d-50ea-c58d-eafbf6f5adea
f 1188/3556/889 1191/3555/889 1189/3554/889 1186/3553/889
f 1187/3560/890 1188/3559/890 1186/3558/890 1185/3557/890
f 1192/3564/891 1187/3563/891 1185/3562/891 1190/3561/891
f 1191/3568/892 1192/3567/892 1190/3566/892 1189/3565/892
f 1190/3572/893 1185/3571/893 1186/3570/893 1189/3569/893
f 1191/3576/894 1188/3575/894 1187/3574/894 1192/3573/894
o cube
v 3.9923314495490314 2.093945839651543 -0.0725936811259551
v 4.025708976963408 1.6608448753534306 -0.12470649517151955
v 3.341990871623145 2.0003111275991 0.2890548684382317
v 3.3753683990375207 1.5672101633009876 0.23694205439266725
v 3.65654348235618 1.7107194884420909 -0.7756514702352009
v 3.623165954941804 2.1438204527402034 -0.7235386561896364
v 3.0062029044302934 1.6170847763896479 -0.4140029206710141
v 2.9728253770159174 2.0501857406877604 -0.3618901066254496
vt 0.109375 0.890625
vt 0.296875 0.890625
vt 0.296875 0.703125
vt 0.109375 0.703125
vt 0 0.890625
vt 0.109375 0.890625
vt 0.109375 0.703125
vt 0 0.703125
vt 0.40625 0.890625
vt 0.59375 0.890625
vt 0.59375 0.703125
vt 0.40625 0.703125
vt 0.296875 0.890625
vt 0.40625 0.890625
vt 0.40625 0.703125
vt 0.296875 0.703125
vt 0.296875 0.890625
vt 0.109375 0.890625
vt 0.109375 1
vt 0.296875 1
vt 0.484375 1
vt 0.296875 1
vt 0.296875 0.890625
vt 0.484375 0.890625
vn 0.07629149123285957 -0.9899450612528287 -0.11911500353271938
vn 0.49222065947630345 -0.06649948411821362 0.8679266334182426
vn -0.07629149123285957 0.9899450612528287 0.11911500353271938
vn -0.49222065947630345 0.06649948411821362 -0.8679266334182426
vn 0.8671207705678486 0.1248462827365904 -0.4821980660855826
vn -0.8671207705678486 -0.1248462827365904 0.4821980660855826
usemtl m_32106622-412d-50ea-c58d-eafbf6f5adea
f 1196/3580/895 1199/3579/895 1197/3578/895 1194/3577/895
f 1195/3584/896 1196/3583/896 1194/3582/896 1193/3581/896
f 1200/3588/897 1195/3587/897 1193/3586/897 1198/3585/897
f 1199/3592/898 1200/3591/898 1198/3590/898 1197/3589/898
f 1198/3596/899 1193/3595/899 1194/3594/899 1197/3593/899
f 1199/3600/900 1196/3599/900 1195/3598/900 1200/3597/900
o cube
v 2.798547428876736 2.5241837692833395 -0.928518951489135
v 3.131863100389409 2.5715087810324673 -1.3791487955818238
v 2.96581107581107 1.9914206577006124 -0.8607503057086738
v 3.2991267473237427 2.0387456694497397 -1.3113801498013626
v 2.6639681750499973 2.3780029186794556 -1.7455567923240403
v 2.3306525035373244 2.330677906930328 -1.2949269482313515
v 2.831231821984331 1.8452398070967282 -1.677788146543579
v 2.4979161504716583 1.7979147953476007 -1.2271583024508903
vt 0.140625 0.5625
vt 0.296875 0.5625
vt 0.296875 0.421875
vt 0.140625 0.421875
vt 0 0.5625
vt 0.140625 0.5625
vt 0.140625 0.421875
vt 0 0.421875
vt 0.4375 0.5625
vt 0.59375 0.5625
vt 0.59375 0.421875
vt 0.4375 0.421875
vt 0.296875 0.5625
vt 0.4375 0.5625
vt 0.4375 0.421875
vt 0.296875 0.421875
vt 0.296875 0.5625
vt 0.140625 0.5625
vt 0.140625 0.703125
vt 0.296875 0.703125
vt 0.453125 0.703125
vt 0.296875 0.703125
vt 0.296875 0.5625
vt 0.453125 0.5625
vn 0.5925611938003078 0.08413335422067099 -0.8011197228314464
vn 0.7486318805430583 0.3096093797648186 0.586252794787546
vn -0.5925611938003078 -0.08413335422067099 0.8011197228314464
vn -0.7486318805430583 -0.3096093797648186 -0.586252794787546
vn -0.2973575945499266 0.9471344205915142 -0.12047759249859752
vn 0.2973575945499266 -0.9471344205915142 0.12047759249859752
usemtl m_32106622-412d-50ea-c58d-eafbf6f5adea
f 1204/3604/901 1207/3603/901 1205/3602/901 1202/3601/901
f 1203/3608/902 1204/3607/902 1202/3606/902 1201/3605/902
f 1208/3612/903 1203/3611/903 1201/3610/903 1206/3609/903
f 1207/3616/904 1208/3615/904 1206/3614/904 1205/3613/904
f 1206/3620/905 1201/3619/905 1202/3618/905 1205/3617/905
f 1207/3624/906 1204/3623/906 1203/3622/906 1208/3621/906
o cube
v 3.0574074638057835 1.9790111584239698 -1.1843818184419441
v 3.2055477622558604 2.0000444969791378 -1.384661749149806
v 3.131746862443265 1.7422275532760914 -1.1542624203172944
v 3.2798871608933418 1.7632608918312591 -1.3545423510251564
v 2.9248108070522134 1.8839409795673305 -1.6045065471951356
v 2.7766705086021366 1.8629076410121628 -1.4042266164872736
v 2.999150205689695 1.647157374419452 -1.574387149070486
v 2.851009907239618 1.6261240358642843 -1.374107218362624
vt 0.65625 0.9375
vt 0.75 0.9375
vt 0.75 0.875
vt 0.65625 0.875
vt 0.59375 0.9375
vt 0.65625 0.9375
vt 0.65625 0.875
vt 0.59375 0.875
vt 0.8125 0.9375
vt 0.90625 0.9375
vt 0.90625 0.875
vt 0.8125 0.875
vt 0.75 0.9375
vt 0.8125 0.9375
vt 0.8125 0.875
vt 0.75 0.875
vt 0.75 0.9375
vt 0.65625 0.9375
vt 0.65625 1
vt 0.75 1
vt 0.84375 1
vt 0.75 1
vt 0.75 0.9375
vt 0.84375 0.9375
vn 0.5925611938003078 0.08413335422067099 -0.8011197228314464
vn 0.7486318805430583 0.3096093797648186 0.586252794787546
vn -0.5925611938003078 -0.08413335422067099 0.8011197228314464
vn -0.7486318805430583 -0.3096093797648186 -0.586252794787546
vn -0.2973575945499266 0.9471344205915142 -0.12047759249859752
vn 0.2973575945499266 -0.9471344205915142 0.12047759249859752
usemtl m_32106622-412d-50ea-c58d-eafbf6f5adea
f 1212/3628/907 1215/3627/907 1213/3626/907 1210/3625/907
f 1211/3632/908 1212/3631/908 1210/3630/908 1209/3629/908
f 1216/3636/909 1211/3635/909 1209/3634/909 1214/3633/909
f 1215/3640/910 1216/3639/910 1214/3638/910 1213/3637/910
f 1214/3644/911 1209/3643/911 1210/3642/911 1213/3641/911
f 1215/3648/912 1212/3647/912 1211/3646/912 1216/3645/912
o cube
v 2.924595373902794 2.196094318312052 -0.9475167274411485
v 2.9375060962346304 2.0155496729153044 -0.9964370122669024
v 2.1521647366189693 1.8474657092108093 0.1352731891638408
v 2.1650754589508057 1.6669210638140617 0.08635290433808684
v 2.7313999799793476 2.0386361474142753 -1.1360338730388122
v 2.7184892576475113 2.2191807928110228 -1.0871135882130583
v 1.9589693426955228 1.6900075383130326 -0.05324395643382296
v 1.9460586203636865 1.8705521837097803 -0.004323671608069013
vt 0.046875 0.375
vt 0.109375 0.375
vt 0.109375 0.03125
vt 0.046875 0.03125
vt 0.15625 0.375
vt 0.109375 0.375
vt 0.109375 0.03125
vt 0.15625 0.03125
vt 0.046875 0.375
vt 0.109375 0.375
vt 0.109375 0.03125
vt 0.046875 0.03125
vt 0.109375 0.375
vt 0.15625 0.375
vt 0.15625 0.03125
vt 0.109375 0.03125
vt 0.109375 0.375
vt 0.046875 0.375
vt 0.046875 0.421875
vt 0.109375 0.421875
vt 0.171875 0.421875
vt 0.109375 0.421875
vt 0.109375 0.375
vt 0.171875 0.375
vn 0.06885718576979453 -0.9629047754493206 -0.2609081857373537
vn 0.8244244650211325 -0.09234589799588404 0.5583874430876409
vn -0.06885718576979453 0.9629047754493206 0.2609081857373537
vn -0.8244244650211325 0.09234589799588404 -0.5583874430876409
vn 0.5617677362064182 0.2535480793463582 -0.7874835757127187
vn -0.5617677362064182 -0.2535480793463582 0.7874835757127187
usemtl m_32106622-412d-50ea-c58d-eafbf6f5adea
f 1220/3652/913 1223/3651/913 1221/3650/913 1218/3649/913
f 1219/3656/914 1220/3655/914 1218/3654/914 1217/3653/914
f 1224/3660/915 1219/3659/915 1217/3658/915 1222/3657/915
f 1223/3664/916 1224/3663/916 1222/3662/916 1221/3661/916
f 1222/3668/917 1217/3667/917 1218/3666/917 1221/3665/917
f 1223/3672/918 1220/3671/918 1219/3670/918 1224/3669/918
o cube
v 2.5174072248878385 1.9252313830914656 -0.055335506149496005
v 2.5389250954408995 1.6243236407635528 -0.13686931419241866
v 2.306744323810432 1.8301508533365811 0.23997083474277314
v 2.328262194363493 1.5292431110086684 0.1584370266998505
v 2.0236598048026915 1.6820398270109802 -0.48586146612219494
v 2.0021419342496305 1.982947569338893 -0.4043276580792723
v 1.8129969037252849 1.5869592972560957 -0.1905551252299249
v 1.791479033172224 1.8878670395840085 -0.10902131718700225
vt 0.53125 0.09375
vt 0.6875 0.09375
vt 0.6875 0
vt 0.53125 0
vt 0.453125 0.09375
vt 0.53125 0.09375
vt 0.53125 0
vt 0.453125 0
vt 0.765625 0.09375
vt 0.921875 0.09375
vt 0.921875 0
vt 0.765625 0
vt 0.53125 0.09375
vt 0.453125 0.09375
vt 0.453125 0
vt 0.53125 0
vt 0.6875 0.09375
vt 0.53125 0.09375
vt 0.53125 0.171875
vt 0.6875 0.171875
vt 0.84375 0.171875
vt 0.6875 0.171875
vt 0.6875 0.09375
vt 0.84375 0.09375
vn 0.06885718576979453 -0.9629047754493206 -0.2609081857373537
vn 0.8244244650211325 -0.09234589799588404 0.5583874430876409
vn -0.06885718576979453 0.9629047754493206 0.2609081857373537
vn -0.8244244650211325 0.09234589799588404 -0.5583874430876409
vn 0.5617677362064182 0.2535480793463582 -0.7874835757127187
vn -0.5617677362064182 -0.2535480793463582 0.7874835757127187
usemtl m_32106622-412d-50ea-c58d-eafbf6f5adea
f 1228/3676/919 1231/3675/919 1229/3674/919 1226/3673/919
f 1227/3680/920 1228/3679/920 1226/3678/920 1225/3677/920
f 1232/3684/921 1227/3683/921 1225/3682/921 1230/3681/921
f 1231/3688/922 1232/3687/922 1230/3686/922 1229/3685/922
f 1230/3692/923 1225/3691/923 1226/3690/923 1229/3689/923
f 1231/3696/924 1228/3695/924 1227/3694/924 1232/3693/924
o cube
v 2.9902595561064724 2.1096208239764915 -0.6110489727410577
v 3.0203845748807576 1.6883499847174137 -0.72519630400115
v 2.568933753951659 1.9194597644667226 -0.020436290956518555
v 2.599058772725944 1.4981889252076448 -0.1345836222166108
v 2.402066226114908 1.7576094082143268 -1.1439868863168803
v 2.371941207340623 2.178880247473405 -1.029839555056788
v 1.9807404239600945 1.5674483487045578 -0.553374204532342
v 1.9506154051858093 1.9887191879636357 -0.43922687327224974
vt 0.109375 0.890625
vt 0.296875 0.890625
vt 0.296875 0.703125
vt 0.109375 0.703125
vt 0 0.890625
vt 0.109375 0.890625
vt 0.109375 0.703125
vt 0 0.703125
vt 0.40625 0.890625
vt 0.59375 0.890625
vt 0.59375 0.703125
vt 0.40625 0.703125
vt 0.296875 0.890625
vt 0.40625 0.890625
vt 0.40625 0.703125
vt 0.296875 0.703125
vt 0.296875 0.890625
vt 0.109375 0.890625
vt 0.109375 1
vt 0.296875 1
vt 0.484375 1
vt 0.296875 1
vt 0.296875 0.890625
vt 0.484375 0.890625
vn 0.06885718576979453 -0.9629047754493206 -0.2609081857373537
vn 0.8244244650211325 -0.09234589799588404 0.5583874430876409
vn -0.06885718576979453 0.9629047754493206 0.2609081857373537
vn -0.8244244650211325 0.09234589799588404 -0.5583874430876409
vn 0.5617677362064182 0.2535480793463582 -0.7874835757127187
vn -0.5617677362064182 -0.2535480793463582 0.7874835757127187
usemtl m_32106622-412d-50ea-c58d-eafbf6f5adea
f 1236/3700/925 1239/3699/925 1237/3698/925 1234/3697/925
f 1235/3704/926 1236/3703/926 1234/3702/926 1233/3701/926
f 1240/3708/927 1235/3707/927 1233/3706/927 1238/3705/927
f 1239/3712/928 1240/3711/928 1238/3710/928 1237/3709/928
f 1238/3716/929 1233/3715/929 1234/3714/929 1237/3713/929
f 1239/3720/930 1236/3719/930 1235/3718/930 1240/3717/930
o cube
v -3.160700519987444 1.7406226234217428 -0.07780181418377374
v -3.2327725430041045 1.893371557289254 0.0036207668403180904
v -3.981540532306177 0.9456605160810265 0.6869739190014466
v -4.053612555322838 1.098409449948538 0.7683965000255384
v -3.056727408955313 1.882010608764522 0.1807620653180022
v -2.9846553859386526 1.7292616748970109 0.09933948429391037
v -3.877567421274046 1.0870485014238063 0.9455377985032225
v -3.8054953982573854 0.9342995675562948 0.8641152174791307
vt 0.109375 0.375
vt 0.046875 0.375
vt 0.046875 0.03125
vt 0.109375 0.03125
vt 0.15625 0.375
vt 0.109375 0.375
vt 0.109375 0.03125
vt 0.15625 0.03125
vt 0.109375 0.375
vt 0.046875 0.375
vt 0.046875 0.03125
vt 0.109375 0.03125
vt 0.109375 0.375
vt 0.15625 0.375
vt 0.15625 0.03125
vt 0.109375 0.03125
vt 0.046875 0.375
vt 0.109375 0.375
vt 0.109375 0.421875
vt 0.046875 0.421875
vt 0.109375 0.421875
vt 0.171875 0.421875
vt 0.171875 0.375
vt 0.109375 0.375
vn -0.38438412275552214 0.8146609806267249 0.4342537654618216
vn -0.7041805361951743 0.04544379409892785 -0.7085651939107447
vn 0.38438412275552214 -0.8146609806267249 -0.4342537654618216
vn 0.7041805361951743 -0.04544379409892785 0.7085651939107447
vn 0.5969745544136238 0.578154259884157 -0.5562005332256147
vn -0.5969745544136238 -0.578154259884157 0.5562005332256147
usemtl m_32106622-412d-50ea-c58d-eafbf6f5adea
f 1244/3724/931 1247/3723/931 1245/3722/931 1242/3721/931
f 1243/3728/932 1244/3727/932 1242/3726/932 1241/3725/932
f 1248/3732/933 1243/3731/933 1241/3730/933 1246/3729/933
f 1247/3736/934 1248/3735/934 1246/3734/934 1245/3733/934
f 1246/3740/935 1241/3739/935 1242/3738/935 1245/3737/935
f 1247/3744/936 1244/3743/936 1243/3742/936 1248/3741/936
o cube
v -3.8897089249376635 1.1709890749311342 0.3455427451835771
v -4.009828963298764 1.4255706313769863 0.4812470468903962
v -4.113574382842772 0.9541812274745756 0.5541179451431821
v -4.233694421203873 1.2087627839204276 0.6898222468500022
v -3.5697161281767826 1.3971682600651565 0.9241002930846092
v -3.4495960898156817 1.1425867036193045 0.78839599137779
v -3.7935815860818916 1.1803604126085978 1.132675493044215
v -3.6734615477207906 0.9257788561627458 0.9969711913373951
vt 0.6875 0.09375
vt 0.53125 0.09375
vt 0.53125 0
vt 0.6875 0
vt 0.453125 0.09375
vt 0.53125 0.09375
vt 0.53125 0
vt 0.453125 0
vt 0.921875 0.09375
vt 0.765625 0.09375
vt 0.765625 0
vt 0.921875 0
vt 0.53125 0.09375
vt 0.453125 0.09375
vt 0.453125 0
vt 0.53125 0
vt 0.53125 0.09375
vt 0.6875 0.09375
vt 0.6875 0.171875
vt 0.53125 0.171875
vt 0.6875 0.171875
vt 0.84375 0.171875
vt 0.84375 0.09375
vt 0.6875 0.09375
vn -0.38438412275552214 0.8146609806267249 0.4342537654618216
vn -0.7041805361951743 0.04544379409892785 -0.7085651939107447
vn 0.38438412275552214 -0.8146609806267249 -0.4342537654618216
vn 0.7041805361951743 -0.04544379409892785 0.7085651939107447
vn 0.5969745544136238 0.578154259884157 -0.5562005332256147
vn -0.5969745544136238 -0.578154259884157 0.5562005332256147
usemtl m_32106622-412d-50ea-c58d-eafbf6f5adea
f 1252/3748/937 1255/3747/937 1253/3746/937 1250/3745/937
f 1251/3752/938 1252/3751/938 1250/3750/938 1249/3749/938
f 1256/3756/939 1251/3755/939 1249/3754/939 1254/3753/939
f 1255/3760/940 1256/3759/940 1254/3758/940 1253/3757/940
f 1254/3764/941 1249/3763/941 1250/3762/941 1253/3761/941
f 1255/3768/942 1252/3767/942 1251/3766/942 1256/3765/942
o cube
v -3.4859892926396436 1.6074450069754356 -0.11589297935505627
v -3.6541573463451846 1.963859185999628 0.07409304303449105
v -3.9337202084498624 1.173829312062317 0.3012574205641556
v -4.101888262155404 1.5302434910865097 0.4912434429537029
v -3.126021944198806 1.9297763404254322 0.6055169384675478
v -2.957853890493265 1.5733621614012399 0.4155309160780005
v -3.5737528600090243 1.496160645512314 1.0226673383867588
v -3.4055848063034833 1.1397464664881216 0.8326813159972115
vt 0.296875 0.890625
vt 0.109375 0.890625
vt 0.109375 0.703125
vt 0.296875 0.703125
vt 0.40625 0.890625
vt 0.296875 0.890625
vt 0.296875 0.703125
vt 0.40625 0.703125
vt 0.59375 0.890625
vt 0.40625 0.890625
vt 0.40625 0.703125
vt 0.59375 0.703125
vt 0.109375 0.890625
vt 0 0.890625
vt 0 0.703125
vt 0.109375 0.703125
vt 0.109375 0.890625
vt 0.296875 0.890625
vt 0.296875 1
vt 0.109375 1
vt 0.296875 1
vt 0.484375 1
vt 0.484375 0.890625
vt 0.296875 0.890625
vn -0.38438412275552214 0.8146609806267249 0.4342537654618216
vn -0.7041805361951743 0.04544379409892785 -0.7085651939107447
vn 0.38438412275552214 -0.8146609806267249 -0.4342537654618216
vn 0.7041805361951743 -0.04544379409892785 0.7085651939107447
vn 0.5969745544136238 0.578154259884157 -0.5562005332256147
vn -0.5969745544136238 -0.578154259884157 0.5562005332256147
usemtl m_32106622-412d-50ea-c58d-eafbf6f5adea
f 1260/3772/943 1263/3771/943 1261/3770/943 1258/3769/943
f 1259/3776/944 1260/3775/944 1258/3774/944 1257/3773/944
f 1264/3780/945 1259/3779/945 1257/3778/945 1262/3777/945
f 1263/3784/946 1264/3783/946 1262/3782/946 1261/3781/946
f 1262/3788/947 1257/3787/947 1258/3786/947 1261/3785/947
f 1263/3792/948 1260/3791/948 1259/3790/948 1264/3789/948
o cube
v -4.407228519395906 2.156401987917575 0.7645975115496118
v -4.421277865045993 1.6244984664485569 0.9470461611353622
v -3.8470388065039205 2.1272753213239035 0.7228198516924866
v -3.861088152154008 1.5953717998548849 0.9052685012782371
v -4.366886150707842 1.8252271733032466 1.5364310334011853
v -4.352836805057754 2.3571306947722652 1.3539823838154348
v -3.8066964378158565 1.7961005067095746 1.4946533735440601
v -3.792647092165769 2.3280040281785928 1.3122047239583097
vt 0.140625 0.5625
vt 0.296875 0.5625
vt 0.296875 0.421875
vt 0.140625 0.421875
vt 0 0.5625
vt 0.140625 0.5625
vt 0.140625 0.421875
vt 0 0.421875
vt 0.4375 0.5625
vt 0.59375 0.5625
vt 0.59375 0.421875
vt 0.4375 0.421875
vt 0.296875 0.5625
vt 0.4375 0.5625
vt 0.4375 0.421875
vt 0.296875 0.421875
vt 0.296875 0.5625
vt 0.140625 0.5625
vt 0.140625 0.703125
vt 0.296875 0.703125
vt 0.453125 0.703125
vt 0.296875 0.703125
vt 0.296875 0.5625
vt 0.453125 0.5625
vn -0.024976614489044733 -0.9456062603893632 0.3243531548191103
vn -0.08702674294104268 -0.32116593096750357 -0.9430157956253175
vn 0.024976614489044733 0.9456062603893632 -0.3243531548191103
vn 0.08702674294104268 0.32116593096750357 0.9430157956253175
vn -0.9958928229190827 0.051780740610972265 0.07427139530155534
vn 0.9958928229190827 -0.051780740610972265 -0.07427139530155534
usemtl m_32106622-412d-50ea-c58d-eafbf6f5adea
f 1268/3796/949 1271/3795/949 1269/3794/949 1266/3793/949
f 1267/3800/950 1268/3799/950 1266/3798/950 1265/3797/950
f 1272/3804/951 1267/3803/951 1265/3802/951 1270/3801/951
f 1271/3808/952 1272/3807/952 1270/3806/952 1269/3805/952
f 1270/3812/953 1265/3811/953 1266/3810/953 1269/3809/953
f 1271/3816/954 1268/3815/954 1267/3814/954 1272/3813/954
o cube
v -3.843965655664116 1.8719191063231637 0.9420571870266246
v -3.8502098092863775 1.635517541225823 1.0231454757314014
v -3.5949924499343444 1.8589739211704206 0.9234893382012359
v -3.6012366035566057 1.6225723560730798 1.0045776269060136
v -3.8175747806834863 1.755954765338637 1.3767763990908959
v -3.811330627061225 1.9923563304359777 1.2956881103861182
v -3.5686015749537146 1.7430095801858938 1.3582085502655064
v -3.5623574213314533 1.9794111452832346 1.2771202615607296
vt 0.65625 0.9375
vt 0.75 0.9375
vt 0.75 0.875
vt 0.65625 0.875
vt 0.59375 0.9375
vt 0.65625 0.9375
vt 0.65625 0.875
vt 0.59375 0.875
vt 0.8125 0.9375
vt 0.90625 0.9375
vt 0.90625 0.875
vt 0.8125 0.875
vt 0.75 0.9375
vt 0.8125 0.9375
vt 0.8125 0.875
vt 0.75 0.875
vt 0.75 0.9375
vt 0.65625 0.9375
vt 0.65625 1
vt 0.75 1
vt 0.84375 1
vt 0.75 1
vt 0.75 0.9375
vt 0.84375 0.9375
vn -0.024976614489044733 -0.9456062603893632 0.3243531548191103
vn -0.08702674294104268 -0.32116593096750357 -0.9430157956253175
vn 0.024976614489044733 0.9456062603893632 -0.3243531548191103
vn 0.08702674294104268 0.32116593096750357 0.9430157956253175
vn -0.9958928229190827 0.051780740610972265 0.07427139530155534
vn 0.9958928229190827 -0.051780740610972265 -0.07427139530155534
usemtl m_32106622-412d-50ea-c58d-eafbf6f5adea
f 1276/3820/955 1279/3819/955 1277/3818/955 1274/3817/955
f 1275/3824/956 1276/3823/956 1274/3822/956 1273/3821/956
f 1280/3828/957 1275/3827/957 1273/3826/957 1278/3825/957
f 1279/3832/958 1280/3831/958 1278/3830/958 1277/3829/958
f 1278/3836/959 1273/3835/959 1274/3834/959 1277/3833/959
f 1279/3840/960 1276/3839/960 1275/3838/960 1280/3837/960
o cube
v -3.523796652829985 1.757974005640099 0.7455641606770227
v -3.497412183976895 1.942233189043187 0.7681177221467284
v -4.565575756338477 2.012481105966649 -0.11498649755084323
v -4.539191287485387 2.196740289369737 -0.09243293608113756
v -3.6169062953177997 1.9416581657629584 0.912606741463331
v -3.64329076417089 1.7573989823598701 0.8900531799936253
v -4.658685398826292 2.1961652660895083 0.05205608323546507
v -4.685069867679382 2.0119060826864206 0.029502521765759404
vt 0.3125 0.375
vt 0.265625 0.375
vt 0.265625 0.03125
vt 0.3125 0.03125
vt 0.359375 0.375
vt 0.3125 0.375
vt 0.3125 0.03125
vt 0.359375 0.03125
vt 0.265625 0.375
vt 0.3125 0.375
vt 0.3125 0.03125
vt 0.265625 0.03125
vt 0.265625 0.375
vt 0.21875 0.375
vt 0.21875 0.03125
vt 0.265625 0.03125
vt 0.265625 0.375
vt 0.3125 0.375
vt 0.3125 0.421875
vt 0.265625 0.421875
vt 0.3125 0.421875
vt 0.359375 0.421875
vt 0.359375 0.375
vt 0.3125 0.375
vn 0.1407171672164798 0.9827156448164652 0.12028566117176415
vn 0.6373019271515045 0.0030667908278868006 -0.7706081030218904
vn -0.1407171672164798 -0.9827156448164652 -0.12028566117176415
vn -0.6373019271515045 -0.0030667908278868006 0.7706081030218904
vn 0.757657529824358 -0.1850960729647637 0.6258550241657207
vn -0.757657529824358 0.1850960729647637 -0.6258550241657207
usemtl m_32106622-412d-50ea-c58d-eafbf6f5adea
f 1284/3844/961 1287/3843/961 1285/3842/961 1282/3841/961
f 1283/3848/962 1284/3847/962 1282/3846/962 1281/3845/962
f 1288/3852/963 1283/3851/963 1281/3850/963 1286/3849/963
f 1287/3856/964 1288/3855/964 1286/3854/964 1285/3853/964
f 1286/3860/965 1281/3859/965 1282/3858/965 1285/3857/965
f 1287/3864/966 1284/3863/966 1283/3862/966 1288/3861/966
o cube
v -3.5350086429681253 2.2906363329785977 1.1384182060149008
v -3.6968061700680668 2.196835393919507 1.1250318676067872
v -2.850498341130022 1.1001129674715322 1.207155116472407
v -3.0122958682299634 1.0063120284124412 1.1937687780642934
v -3.7185121922764335 2.198734424792981 1.3740805421297235
v -3.556714665176492 2.292535363852072 1.3874668805378372
v -3.03400189043833 1.008211059285915 1.4428174525872297
v -2.8722043633383887 1.102011998345006 1.4562037909953434
vt 0.046875 0.375
vt 0.109375 0.375
vt 0.109375 0.03125
vt 0.046875 0.03125
vt 0.15625 0.375
vt 0.109375 0.375
vt 0.109375 0.03125
vt 0.15625 0.03125
vt 0.046875 0.375
vt 0.109375 0.375
vt 0.109375 0.03125
vt 0.046875 0.03125
vt 0.109375 0.375
vt 0.15625 0.375
vt 0.15625 0.03125
vt 0.109375 0.03125
vt 0.109375 0.375
vt 0.046875 0.375
vt 0.046875 0.421875
vt 0.109375 0.421875
vt 0.171875 0.421875
vt 0.109375 0.421875
vt 0.109375 0.375
vt 0.171875 0.375
vn -0.86292014453302 -0.5002716749818173 -0.07139380484327118
vn 0.08682408883346737 -0.007596123493895518 -0.9961946980917454
vn 0.86292014453302 0.5002716749818173 0.07139380484327118
vn -0.08682408883346737 0.007596123493895518 0.9961946980917454
vn -0.49782567406407463 0.8658351749142285 -0.04999048033273172
vn 0.49782567406407463 -0.8658351749142285 0.04999048033273172
usemtl m_32106622-412d-50ea-c58d-eafbf6f5adea
f 1292/3868/967 1295/3867/967 1293/3866/967 1290/3865/967
f 1291/3872/968 1292/3871/968 1290/3870/968 1289/3869/968
f 1296/3876/969 1291/3875/969 1289/3874/969 1294/3873/969
f 1295/3880/970 1296/3879/970 1294/3878/970 1293/3877/970
f 1294/3884/971 1289/3883/971 1290/3882/971 1293/3881/971
f 1295/3888/972 1292/3887/972 1291/3886/972 1296/3885/972
o cube
v -3.0209034522477745 1.4233768849092618 1.0016221804554313
v -3.2905659974143444 1.2670419864774434 0.9793116164419091
v -2.834218824473747 1.098688694316427 1.0203686105802054
v -3.1038813696403165 0.9423537958846084 0.9980580465666833
v -3.344831052935261 1.2717895636611283 1.6019333027492495
v -3.0751685077686917 1.4281244620929467 1.6242438667627717
v -3.1581464251612337 0.9471013730682931 1.6206797328740237
v -2.8884838799946637 1.1034362715001116 1.6429902968875458
vt 0.53125 0.09375
vt 0.6875 0.09375
vt 0.6875 0
vt 0.53125 0
vt 0.453125 0.09375
vt 0.53125 0.09375
vt 0.53125 0
vt 0.453125 0
vt 0.765625 0.09375
vt 0.921875 0.09375
vt 0.921875 0
vt 0.765625 0
vt 0.53125 0.09375
vt 0.453125 0.09375
vt 0.453125 0
vt 0.53125 0
vt 0.6875 0.09375
vt 0.53125 0.09375
vt 0.53125 0.171875
vt 0.6875 0.171875
vt 0.84375 0.171875
vt 0.6875 0.171875
vt 0.6875 0.09375
vt 0.84375 0.09375
vn -0.86292014453302 -0.5002716749818173 -0.07139380484327118
vn 0.08682408883346737 -0.007596123493895518 -0.9961946980917454
vn 0.86292014453302 0.5002716749818173 0.07139380484327118
vn -0.08682408883346737 0.007596123493895518 0.9961946980917454
vn -0.49782567406407463 0.8658351749142285 -0.04999048033273172
vn 0.49782567406407463 -0.8658351749142285 0.04999048033273172
usemtl m_32106622-412d-50ea-c58d-eafbf6f5adea
f 1300/3892/973 1303/3891/973 1301/3890/973 1298/3889/973
f 1299/3896/974 1300/3895/974 1298/3894/974 1297/3893/974
f 1304/3900/975 1299/3899/975 1297/3898/975 1302/3897/975
f 1303/3904/976 1304/3903/976 1302/3902/976 1301/3901/976
f 1302/3908/977 1297/3907/977 1298/3906/977 1301/3905/977
f 1303/3912/978 1300/3911/978 1299/3910/978 1304/3909/978
o cube
v -3.3888462022437396 2.0722785083765665 0.9018671515751473
v -3.766373765476937 1.8534096505720206 0.8706323619562157
v -3.015476946695683 1.4229021271908942 0.9393600118246965
v -3.39300450992888 1.2040332693863485 0.908125222205765
v -3.8314918321020373 1.8591067431924422 1.6177783855250265
v -3.45396426886884 2.0779756009969876 1.649013175143958
v -3.458122576553981 1.20973036200677 1.6552712457745757
v -3.0805950133207833 1.4285992198113158 1.6865060353935073
vt 0.109375 0.890625
vt 0.296875 0.890625
vt 0.296875 0.703125
vt 0.109375 0.703125
vt 0 0.890625
vt 0.109375 0.890625
vt 0.109375 0.703125
vt 0 0.703125
vt 0.40625 0.890625
vt 0.59375 0.890625
vt 0.59375 0.703125
vt 0.40625 0.703125
vt 0.296875 0.890625
vt 0.40625 0.890625
vt 0.40625 0.703125
vt 0.296875 0.703125
vt 0.296875 0.890625
vt 0.109375 0.890625
vt 0.109375 1
vt 0.296875 1
vt 0.484375 1
vt 0.296875 1
vt 0.296875 0.890625
vt 0.484375 0.890625
vn -0.86292014453302 -0.5002716749818173 -0.07139380484327118
vn 0.08682408883346737 -0.007596123493895518 -0.9961946980917454
vn 0.86292014453302 0.5002716749818173 0.07139380484327118
vn -0.08682408883346737 0.007596123493895518 0.9961946980917454
vn -0.49782567406407463 0.8658351749142285 -0.04999048033273172
vn 0.49782567406407463 -0.8658351749142285 0.04999048033273172
usemtl m_32106622-412d-50ea-c58d-eafbf6f5adea
f 1308/3916/979 1311/3915/979 1309/3914/979 1306/3913/979
f 1307/3920/980 1308/3919/980 1306/3918/980 1305/3917/980
f 1312/3924/981 1307/3923/981 1305/3922/981 1310/3921/981
f 1311/3928/982 1312/3927/982 1310/3926/982 1309/3925/982
f 1310/3932/983 1305/3931/983 1306/3930/983 1309/3929/983
f 1311/3936/984 1308/3935/984 1307/3934/984 1312/3933/984
o cube
v -3.9248197565065444 2.7470028220117877 0.7155991267853761
v -3.9872452397888707 2.2333323811991703 0.9361710816489532
v -3.52496822439884 2.5508691894166784 0.37200547079596724
v -3.5873937076811666 2.037198748604061 0.5925774256595444
v -3.553160334132582 2.3651783744126273 1.3660686610267962
v -3.4907348508502554 2.8788488152252447 1.145496706163219
v -3.1533088020248776 2.169044741817518 1.0224750050373874
v -3.090883318742551 2.6827151826301354 0.8019030501738103
vt 0.140625 0.5625
vt 0.296875 0.5625
vt 0.296875 0.421875
vt 0.140625 0.421875
vt 0 0.5625
vt 0.140625 0.5625
vt 0.140625 0.421875
vt 0 0.421875
vt 0.4375 0.5625
vt 0.59375 0.5625
vt 0.59375 0.421875
vt 0.4375 0.421875
vt 0.296875 0.5625
vt 0.4375 0.5625
vt 0.4375 0.421875
vt 0.296875 0.421875
vt 0.296875 0.5625
vt 0.140625 0.5625
vt 0.140625 0.703125
vt 0.296875 0.703125
vt 0.453125 0.703125
vt 0.296875 0.703125
vt 0.296875 0.5625
vt 0.453125 0.5625
vn -0.110978636946358 -0.9131918947779852 0.39212791975747097
vn -0.6945358490500617 -0.21095358914153106 -0.6878361270045475
vn 0.110978636946358 0.9131918947779852 -0.39212791975747097
vn 0.6945358490500617 0.21095358914153106 0.6878361270045475
vn -0.7108471681914745 0.3486820135024162 0.6108331662033936
vn 0.7108471681914745 -0.3486820135024162 -0.6108331662033936
usemtl m_32106622-412d-50ea-c58d-eafbf6f5adea
f 1316/3940/985 1319/3939/985 1317/3938/985 1314/3937/985
f 1315/3944/986 1316/3943/986 1314/3942/986 1313/3941/986
f 1320/3948/987 1315/3947/987 1313/3946/987 1318/3945/987
f 1319/3952/988 1320/3951/988 1318/3950/988 1317/3949/988
f 1318/3956/989 1313/3955/989 1314/3954/989 1317/3953/989
f 1319/3960/990 1316/3959/990 1315/3958/990 1320/3957/990
o cube
v -3.472832067313319 2.291865920941249 0.5805249615957457
v -3.500576726549909 2.0635679472467525 0.6785569415351134
v -3.2951202752654503 2.204695417565645 0.4278166700448969
v -3.3228649345020402 1.9763974438711482 0.5258486499842645
v -3.2401257831561354 2.1426755431748266 0.9364954891618185
v -3.2123811239195454 2.370973516869323 0.8384635092224508
v -3.062413991108267 2.0555050397992227 0.7837871976109696
v -3.034669331871677 2.2838030134937193 0.685755217671602
vt 0.65625 0.9375
vt 0.75 0.9375
vt 0.75 0.875
vt 0.65625 0.875
vt 0.59375 0.9375
vt 0.65625 0.9375
vt 0.65625 0.875
vt 0.59375 0.875
vt 0.8125 0.9375
vt 0.90625 0.9375
vt 0.90625 0.875
vt 0.8125 0.875
vt 0.75 0.9375
vt 0.8125 0.9375
vt 0.8125 0.875
vt 0.75 0.875
vt 0.75 0.9375
vt 0.65625 0.9375
vt 0.65625 1
vt 0.75 1
vt 0.84375 1
vt 0.75 1
vt 0.75 0.9375
vt 0.84375 0.9375
vn -0.110978636946358 -0.9131918947779852 0.39212791975747097
vn -0.6945358490500617 -0.21095358914153106 -0.6878361270045475
vn 0.110978636946358 0.9131918947779852 -0.39212791975747097
vn 0.6945358490500617 0.21095358914153106 0.6878361270045475
vn -0.7108471681914745 0.3486820135024162 0.6108331662033936
vn 0.7108471681914745 -0.3486820135024162 -0.6108331662033936
usemtl m_32106622-412d-50ea-c58d-eafbf6f5adea
f 1324/3964/991 1327/3963/991 1325/3962/991 1322/3961/991
f 1323/3968/992 1324/3967/992 1322/3966/992 1321/3965/992
f 1328/3972/993 1323/3971/993 1321/3970/993 1326/3969/993
f 1327/3976/994 1328/3975/994 1326/3974/994 1325/3973/994
f 1326/3980/995 1321/3979/995 1322/3978/995 1325/3977/995
f 1327/3984/996 1324/3983/996 1323/3982/996 1328/3981/996
o cube
v -2.7641511955333673 2.4313259983620905 0.299745154773259
v -2.746693491815284 2.6059977472699267 0.23385692582172768
v -2.0189645804878094 1.9590269725766456 -0.7548901087178979
v -2.001506876769726 2.133698721484482 -0.8207783376694291
v -2.903299988017767 2.5836795535658785 0.13319633980629508
v -2.92075769173585 2.4090078046580423 0.19908456875782643
v -2.158113372972209 2.111380527780433 -0.9214389236848617
v -2.175571076690292 1.936708778872597 -0.8555506947333305
vt 0.3125 0.375
vt 0.265625 0.375
vt 0.265625 0.03125
vt 0.3125 0.03125
vt 0.359375 0.375
vt 0.3125 0.375
vt 0.3125 0.03125
vt 0.359375 0.03125
vt 0.265625 0.375
vt 0.3125 0.375
vt 0.3125 0.03125
vt 0.265625 0.03125
vt 0.265625 0.375
vt 0.21875 0.375
vt 0.21875 0.03125
vt 0.265625 0.03125
vt 0.265625 0.375
vt 0.3125 0.375
vt 0.3125 0.421875
vt 0.265625 0.421875
vt 0.3125 0.421875
vt 0.359375 0.421875
vt 0.359375 0.375
vt 0.3125 0.375
vn 0.09310775316311252 0.9315826608417934 -0.3514038877415008
vn 0.8352346464132415 0.11903036642159226 0.5368564587489745
vn -0.09310775316311252 -0.9315826608417934 0.3514038877415008
vn -0.8352346464132415 -0.11903036642159226 -0.5368564587489745
vn -0.5419539018513152 0.3434902005712328 0.7670074643572053
vn 0.5419539018513152 -0.3434902005712328 -0.7670074643572053
usemtl m_32106622-412d-50ea-c58d-eafbf6f5adea
f 1332/3988/997 1335/3987/997 1333/3986/997 1330/3985/997
f 1331/3992/998 1332/3991/998 1330/3990/998 1329/3989/998
f 1336/3996/999 1331/3995/999 1329/3994/999 1334/3993/999
f 1335/4000/1000 1336/3999/1000 1334/3998/1000 1333/3997/1000
f 1334/4004/1001 1329/4003/1001 1330/4002/1001 1333/4001/1001
f 1335/4008/1002 1332/4007/1002 1331/4006/1002 1336/4005/1002
o cube
v -3.43938497225862 2.343672638417985 0.27384869982067883
v -3.5386971529573126 2.5016712973583695 0.25568927973329014
v -4.366653086331714 1.6731993107180547 -0.48855825284063314
v -4.4659652670304055 1.831197969658439 -0.5067176729280218
v -3.635158740522699 2.458851191299063 0.41066621557032246
v -3.535846559824006 2.300852532358679 0.42882563565771115
v -4.562426854595793 1.7883778635991328 -0.3517407370909895
v -4.4631146738971 1.6303792046587482 -0.33358131700360083
vt 0.265625 0.375
vt 0.3125 0.375
vt 0.3125 0.03125
vt 0.265625 0.03125
vt 0.21875 0.375
vt 0.265625 0.375
vt 0.265625 0.03125
vt 0.21875 0.03125
vt 0.3125 0.375
vt 0.265625 0.375
vt 0.265625 0.03125
vt 0.3125 0.03125
vt 0.3125 0.375
vt 0.359375 0.375
vt 0.359375 0.03125
vt 0.3125 0.03125
vt 0.3125 0.375
vt 0.265625 0.375
vt 0.265625 0.421875
vt 0.3125 0.421875
vt 0.359375 0.421875
vt 0.3125 0.421875
vt 0.3125 0.375
vt 0.359375 0.375
vn -0.5296649637263614 0.8426595143487172 -0.0968502404660739
vn 0.5144618003487229 0.2283738989829655 -0.8265436577974989
vn 0.5296649637263614 -0.8426595143487172 0.0968502404660739
vn -0.5144618003487229 -0.2283738989829655 0.8265436577974989
vn 0.6743768102349779 0.4876169655999494 0.5544777837536817
vn -0.6743768102349779 -0.4876169655999494 -0.5544777837536817
usemtl m_32106622-412d-50ea-c58d-eafbf6f5adea
f 1340/4012/1003 1343/4011/1003 1341/4010/1003 1338/4009/1003
f 1339/4016/1004 1340/4015/1004 1338/4014/1004 1337/4013/1004
f 1344/4020/1005 1339/4019/1005 1337/4018/1005 1342/4017/1005
f 1343/4024/1006 1344/4023/1006 1342/4022/1006 1341/4021/1006
f 1342/4028/1007 1337/4027/1007 1338/4026/1007 1341/4025/1007
f 1343/4032/1008 1340/4031/1008 1339/4030/1008 1344/4029/1008
o cube
v -2.9803658143040725 2.357333207632239 0.5720288373100928
v -3.035891577315487 2.533438428996492 0.5394698039975436
v -3.13737361330822 2.0612789076191893 -0.7615098394802189
v -3.1928993763196343 2.237384128983442 -0.7940688727927685
v -3.272965386469813 2.4665935995410666 0.5822223219132523
v -3.217439623458399 2.2904883781768137 0.6147813552258015
v -3.4299731854739606 2.170539299528017 -0.7513163548770598
v -3.3744474224625463 1.994434078163764 -0.7187573215645102
vt 0.046875 0.375
vt 0.109375 0.375
vt 0.109375 0.03125
vt 0.046875 0.03125
vt 0.15625 0.375
vt 0.109375 0.375
vt 0.109375 0.03125
vt 0.15625 0.03125
vt 0.046875 0.375
vt 0.109375 0.375
vt 0.109375 0.03125
vt 0.046875 0.03125
vt 0.109375 0.375
vt 0.15625 0.375
vt 0.15625 0.03125
vt 0.109375 0.03125
vt 0.109375 0.375
vt 0.046875 0.375
vt 0.046875 0.421875
vt 0.109375 0.421875
vt 0.171875 0.421875
vt 0.109375 0.421875
vt 0.109375 0.375
vt 0.171875 0.375
vn -0.29613740272754296 0.939227847276016 -0.17364817766693105
vn 0.9482952366173067 0.2673793178217027 -0.1710100716628336
vn 0.29613740272754296 -0.939227847276016 0.17364817766693105
vn -0.9482952366173067 -0.2673793178217027 0.1710100716628336
vn 0.1141874901848346 0.21531221819130897 0.9698463103929543
vn -0.1141874901848346 -0.21531221819130897 -0.9698463103929543
usemtl m_32106622-412d-50ea-c58d-eafbf6f5adea
f 1348/4036/1009 1351/4035/1009 1349/4034/1009 1346/4033/1009
f 1347/4040/1010 1348/4039/1010 1346/4038/1010 1345/4037/1010
f 1352/4044/1011 1347/4043/1011 1345/4042/1011 1350/4041/1011
f 1351/4048/1012 1352/4047/1012 1350/4046/1012 1349/4045/1012
f 1350/4052/1013 1345/4051/1013 1346/4050/1013 1349/4049/1013
f 1351/4056/1014 1348/4055/1014 1347/4054/1014 1352/4053/1014
o cube
v -2.9167479476231626 2.1921546115324997 -0.4298818615196427
v -3.00929088597552 2.4856633138062545 -0.48414691704055857
v -2.959568256442475 2.111412529710759 -0.7935742279169999
v -3.0521111947948323 2.404921231984514 -0.8478392834379158
v -3.6019754088613367 2.3185512401676904 -0.37726562225128735
v -3.509432470508979 2.025042537893935 -0.3230005667303715
v -3.644795717680649 2.2378091583459496 -0.7409579886486446
v -3.5522527793282914 1.9443004560721946 -0.6866929331277287
vt 0.53125 0.09375
vt 0.6875 0.09375
vt 0.6875 0
vt 0.53125 0
vt 0.453125 0.09375
vt 0.53125 0.09375
vt 0.53125 0
vt 0.453125 0
vt 0.765625 0.09375
vt 0.921875 0.09375
vt 0.921875 0
vt 0.765625 0
vt 0.53125 0.09375
vt 0.453125 0.09375
vt 0.453125 0
vt 0.53125 0
vt 0.6875 0.09375
vt 0.53125 0.09375
vt 0.53125 0.171875
vt 0.6875 0.171875
vt 0.84375 0.171875
vt 0.6875 0.171875
vt 0.6875 0.09375
vt 0.84375 0.09375
vn -0.29613740272754296 0.939227847276016 -0.17364817766693105
vn 0.9482952366173067 0.2673793178217027 -0.1710100716628336
vn 0.29613740272754296 -0.939227847276016 0.17364817766693105
vn -0.9482952366173067 -0.2673793178217027 0.1710100716628336
vn 0.1141874901848346 0.21531221819130897 0.9698463103929543
vn -0.1141874901848346 -0.21531221819130897 -0.9698463103929543
usemtl m_32106622-412d-50ea-c58d-eafbf6f5adea
f 1356/4060/1015 1359/4059/1015 1357/4058/1015 1354/4057/1015
f 1355/4064/1016 1356/4063/1016 1354/4062/1016 1353/4061/1016
f 1360/4068/1017 1355/4067/1017 1353/4066/1017 1358/4065/1017
f 1359/4072/1018 1360/4071/1018 1358/4070/1018 1357/4069/1018
f 1358/4076/1019 1353/4075/1019 1354/4074/1019 1357/4073/1019
f 1359/4080/1020 1356/4079/1020 1355/4078/1020 1360/4077/1020
o cube
v -2.7718388776959544 2.370349982539838 0.28681474179614597
v -2.901398991389254 2.781262165723095 0.2108436640668634
v -2.8574794953345806 2.208865818896356 -0.4405699909985694
v -2.9870396090278803 2.619778002079613 -0.516541068727852
v -3.6126204188522357 2.5807276773568173 0.3391012178139885
v -3.483060305158936 2.16981549417356 0.4150722955432711
v -3.698261036490862 2.4192435137133357 -0.3882835149807269
v -3.568700922797562 2.0083313305300785 -0.3123124372514443
vt 0.109375 0.890625
vt 0.296875 0.890625
vt 0.296875 0.703125
vt 0.109375 0.703125
vt 0 0.890625
vt 0.109375 0.890625
vt 0.109375 0.703125
vt 0 0.703125
vt 0.40625 0.890625
vt 0.59375 0.890625
vt 0.59375 0.703125
vt 0.40625 0.703125
vt 0.296875 0.890625
vt 0.40625 0.890625
vt 0.40625 0.703125
vt 0.296875 0.703125
vt 0.296875 0.890625
vt 0.109375 0.890625
vt 0.109375 1
vt 0.296875 1
vt 0.484375 1
vt 0.296875 1
vt 0.296875 0.890625
vt 0.484375 0.890625
vn -0.29613740272754296 0.939227847276016 -0.17364817766693105
vn 0.9482952366173067 0.2673793178217027 -0.1710100716628336
vn 0.29613740272754296 -0.939227847276016 0.17364817766693105
vn -0.9482952366173067 -0.2673793178217027 0.1710100716628336
vn 0.1141874901848346 0.21531221819130897 0.9698463103929543
vn -0.1141874901848346 -0.21531221819130897 -0.9698463103929543
usemtl m_32106622-412d-50ea-c58d-eafbf6f5adea
f 1364/4084/1021 1367/4083/1021 1365/4082/1021 1362/4081/1021
f 1363/4088/1022 1364/4087/1022 1362/4086/1022 1361/4085/1022
f 1368/4092/1023 1363/4091/1023 1361/4090/1023 1366/4089/1023
f 1367/4096/1024 1368/4095/1024 1366/4094/1024 1365/4093/1024
f 1366/4100/1025 1361/4099/1025 1362/4098/1025 1365/4097/1025
f 1367/4104/1026 1364/4103/1026 1363/4102/1026 1368/4101/1026
o cube
v -3.501108786392725 1.7493431939859074 2.022205168560502
v -3.5199315151307116 1.9573231660651191 2.544504207518827
v -3.302325483190143 1.2629729691861207 2.223042049625896
v -3.3211482119281297 1.4709529412653324 2.7453410885842207
v -2.9356337375359898 2.169875514423729 2.480922714102044
v -2.9168110087980033 1.9618955423445175 1.958623675143719
v -2.736850434333408 1.6835052896239424 2.6817595951674376
v -2.7180277055954214 1.4755253175447307 2.1594605562091127
vt 0.140625 0.5625
vt 0.296875 0.5625
vt 0.296875 0.421875
vt 0.140625 0.421875
vt 0 0.5625
vt 0.140625 0.5625
vt 0.140625 0.421875
vt 0 0.421875
vt 0.4375 0.5625
vt 0.59375 0.5625
vt 0.59375 0.421875
vt 0.4375 0.421875
vt 0.296875 0.5625
vt 0.4375 0.5625
vt 0.4375 0.421875
vt 0.296875 0.421875
vt 0.296875 0.5625
vt 0.140625 0.5625
vt 0.140625 0.703125
vt 0.296875 0.703125
vt 0.453125 0.703125
vt 0.296875 0.703125
vt 0.296875 0.5625
vt 0.453125 0.5625
vn -0.033462628867531624 0.36974217258526354 0.9285316248147948
vn -0.9348764441515556 -0.34008375737377683 0.10173038946685291
vn 0.033462628867531624 -0.36974217258526354 -0.9285316248147948
vn 0.9348764441515556 0.34008375737377683 -0.10173038946685291
vn -0.35339253902681256 0.8646581774218429 -0.35704334411625666
vn 0.35339253902681256 -0.8646581774218429 0.35704334411625666
usemtl m_32106622-412d-50ea-c58d-eafbf6f5adea
f 1372/4108/1027 1375/4107/1027 1373/4106/1027 1370/4105/1027
f 1371/4112/1028 1372/4111/1028 1370/4110/1028 1369/4109/1028
f 1376/4116/1029 1371/4115/1029 1369/4114/1029 1374/4113/1029
f 1375/4120/1030 1376/4119/1030 1374/4118/1030 1373/4117/1030
f 1374/4124/1031 1369/4123/1031 1370/4122/1031 1373/4121/1031
f 1375/4128/1032 1372/4127/1032 1371/4126/1032 1376/4125/1032
o cube
v -3.1959229991923026 1.4210278677907389 2.5004918836971646
v -3.2042886564091853 1.5134634109370544 2.732624789900864
v -3.107574864435599 1.2048633234352786 2.5897527197262287
v -3.1159405216524823 1.297298866581594 2.8218856259299283
v -2.8537099898523506 1.6409948199522213 2.694475893850794
v -2.8453443326354675 1.5485592768059058 2.4623429876470944
v -2.765361855095647 1.424830275596761 2.783736729879858
v -2.756996197878764 1.3323947324504455 2.5516038236761585
vt 0.65625 0.9375
vt 0.75 0.9375
vt 0.75 0.875
vt 0.65625 0.875
vt 0.59375 0.9375
vt 0.65625 0.9375
vt 0.65625 0.875
vt 0.59375 0.875
vt 0.8125 0.9375
vt 0.90625 0.9375
vt 0.90625 0.875
vt 0.8125 0.875
vt 0.75 0.9375
vt 0.8125 0.9375
vt 0.8125 0.875
vt 0.75 0.875
vt 0.75 0.9375
vt 0.65625 0.9375
vt 0.65625 1
vt 0.75 1
vt 0.84375 1
vt 0.75 1
vt 0.75 0.9375
vt 0.84375 0.9375
vn -0.033462628867531624 0.36974217258526354 0.9285316248147948
vn -0.9348764441515556 -0.34008375737377683 0.10173038946685291
vn 0.033462628867531624 -0.36974217258526354 -0.9285316248147948
vn 0.9348764441515556 0.34008375737377683 -0.10173038946685291
vn -0.35339253902681256 0.8646581774218429 -0.35704334411625666
vn 0.35339253902681256 -0.8646581774218429 0.35704334411625666
usemtl m_32106622-412d-50ea-c58d-eafbf6f5adea
f 1380/4132/1033 1383/4131/1033 1381/4130/1033 1378/4129/1033
f 1379/4136/1034 1380/4135/1034 1378/4134/1034 1377/4133/1034
f 1384/4140/1035 1379/4139/1035 1377/4138/1035 1382/4137/1035
f 1383/4144/1036 1384/4143/1036 1382/4142/1036 1381/4141/1036
f 1382/4148/1037 1377/4147/1037 1378/4146/1037 1381/4145/1037
f 1383/4152/1038 1380/4151/1038 1379/4150/1038 1384/4149/1038
o cube
v -2.58995913440606 0.9367671891835854 2.0773798741326956
v -2.711085516767924 1.0369708950483383 2.1795751129009373
v -2.8061044273389752 -0.15204763805031396 2.8887912890995837
v -2.9272308097008395 -0.05184393218556105 2.9909865278678254
v -2.5710287007648587 1.0923849383080833 2.291242575040501
v -2.4499023184029944 0.9921812324433303 2.1890473362722593
v -2.787173993697775 0.0035701110741839237 3.102653990007389
v -2.6660476113359106 -0.09663359479056899 3.0004587512391474
vt 0.265625 0.375
vt 0.3125 0.375
vt 0.3125 0.03125
vt 0.265625 0.03125
vt 0.21875 0.375
vt 0.265625 0.375
vt 0.265625 0.03125
vt 0.21875 0.03125
vt 0.3125 0.375
vt 0.265625 0.375
vt 0.265625 0.03125
vt 0.3125 0.03125
vt 0.3125 0.375
vt 0.359375 0.375
vt 0.359375 0.03125
vt 0.3125 0.03125
vt 0.3125 0.375
vt 0.265625 0.375
vt 0.265625 0.421875
vt 0.3125 0.421875
vt 0.359375 0.421875
vt 0.3125 0.421875
vt 0.3125 0.375
vt 0.359375 0.375
vn -0.6460073725966066 0.5344197646120127 0.5450412734306186
vn -0.7469696853496767 -0.2955415640519729 -0.5955597980776731
vn 0.6460073725966066 -0.5344197646120127 -0.5450412734306186
vn 0.7469696853496767 0.2955415640519729 0.5955597980776731
vn 0.15719657667848377 0.7918653288973792 -0.5901173927031901
vn -0.15719657667848377 -0.7918653288973792 0.5901173927031901
usemtl m_32106622-412d-50ea-c58d-eafbf6f5adea
f 1388/4156/1039 1391/4155/1039 1389/4154/1039 1386/4153/1039
f 1387/4160/1040 1388/4159/1040 1386/4158/1040 1385/4157/1040
f 1392/4164/1041 1387/4163/1041 1385/4162/1041 1390/4161/1041
f 1391/4168/1042 1392/4167/1042 1390/4166/1042 1389/4165/1042
f 1390/4172/1043 1385/4171/1043 1386/4170/1043 1389/4169/1043
f 1391/4176/1044 1388/4175/1044 1387/4174/1044 1392/4173/1044
o cube
v -3.017331010229533 1.4524209114780353 2.0875472721282176
v -3.139821290162328 1.3806677679095807 2.210037548109745
v -2.9548471050235543 0.24088150425344568 1.4403278145003497
v -3.077337384956349 0.16912836068499093 1.5628180904818771
v -2.950883760933814 1.3112137831825939 2.3582898804845467
v -2.8283934810010187 1.3829669267510485 2.2357996045030193
v -2.888399855727835 0.09967437595800412 1.7110704228566798
v -2.76590957579504 0.17142751952645885 1.5885801468751524
vt 0.046875 0.375
vt 0.109375 0.375
vt 0.109375 0.03125
vt 0.046875 0.03125
vt 0.15625 0.375
vt 0.109375 0.375
vt 0.109375 0.03125
vt 0.15625 0.03125
vt 0.046875 0.375
vt 0.109375 0.375
vt 0.109375 0.03125
vt 0.046875 0.03125
vt 0.109375 0.375
vt 0.15625 0.375
vt 0.15625 0.03125
vt 0.109375 0.03125
vt 0.109375 0.375
vt 0.046875 0.375
vt 0.046875 0.421875
vt 0.109375 0.421875
vt 0.171875 0.421875
vt 0.109375 0.421875
vt 0.109375 0.375
vt 0.171875 0.375
vn -0.6532814929749013 -0.38268343236508917 0.6532814719014752
vn -0.755750116914052 0.27781593890794504 -0.5930093294992025
vn 0.6532814929749013 0.38268343236508917 -0.6532814719014752
vn 0.755750116914052 -0.27781593890794504 0.5930093294992025
vn -0.04544284014980234 0.8811195688906082 0.4707050600929934
vn 0.04544284014980234 -0.8811195688906082 -0.4707050600929934
usemtl m_32106622-412d-50ea-c58d-eafbf6f5adea
f 1396/4180/1045 1399/4179/1045 1397/4178/1045 1394/4177/1045
f 1395/4184/1046 1396/4183/1046 1394/4182/1046 1393/4181/1046
f 1400/4188/1047 1395/4187/1047 1393/4186/1047 1398/4185/1047
f 1399/4192/1048 1400/4191/1048 1398/4190/1048 1397/4189/1048
f 1398/4196/1049 1393/4195/1049 1394/4194/1049 1397/4193/1049
f 1399/4200/1050 1396/4199/1050 1395/4198/1050 1400/4197/1050
o cube
v -3.1135913170011147 0.6233918311326642 1.505652962754123
v -3.317741783555773 0.5038032585185728 1.7098034227233354
v -3.0965502519449384 0.29297199279868524 1.3291385652192504
v -3.3007007184995967 0.17338342018459385 1.5332890251884628
v -2.8453979604844912 0.33016829670110703 2.0804342536603366
v -2.641247493929833 0.4497568693151984 1.8762837936911243
v -2.828356895428315 -0.0002515416328719017 1.903919856125464
v -2.6242064288736566 0.1193370309812195 1.6997693961562517
vt 0.53125 0.09375
vt 0.6875 0.09375
vt 0.6875 0
vt 0.53125 0
vt 0.453125 0.09375
vt 0.53125 0.09375
vt 0.53125 0
vt 0.453125 0
vt 0.765625 0.09375
vt 0.921875 0.09375
vt 0.921875 0
vt 0.765625 0
vt 0.53125 0.09375
vt 0.453125 0.09375
vt 0.453125 0
vt 0.53125 0
vt 0.6875 0.09375
vt 0.53125 0.09375
vt 0.53125 0.171875
vt 0.6875 0.171875
vt 0.84375 0.171875
vt 0.6875 0.171875
vt 0.6875 0.09375
vt 0.84375 0.09375
vn -0.6532814929749013 -0.38268343236508917 0.6532814719014752
vn -0.755750116914052 0.27781593890794504 -0.5930093294992025
vn 0.6532814929749013 0.38268343236508917 -0.6532814719014752
vn 0.755750116914052 -0.27781593890794504 0.5930093294992025
vn -0.04544284014980234 0.8811195688906082 0.4707050600929934
vn 0.04544284014980234 -0.8811195688906082 -0.4707050600929934
usemtl m_32106622-412d-50ea-c58d-eafbf6f5adea
f 1404/4204/1051 1407/4203/1051 1405/4202/1051 1402/4201/1051
f 1403/4208/1052 1404/4207/1052 1402/4206/1052 1401/4205/1052
f 1408/4212/1053 1403/4211/1053 1401/4210/1053 1406/4209/1053
f 1407/4216/1054 1408/4215/1054 1406/4214/1054 1405/4213/1054
f 1406/4220/1055 1401/4219/1055 1402/4218/1055 1405/4217/1055
f 1407/4224/1056 1404/4223/1056 1403/4222/1056 1408/4221/1056
o cube
v -3.194907829420595 1.3015950039823694 1.8216186747301695
v -3.4807184825971165 1.134171002322642 2.1074293186870667
v -3.1608256993082433 0.6407553273144108 1.4685898796604233
v -3.4466363524847647 0.47333132565468305 1.7544005236173206
v -2.9139058949115784 0.9258090481416835 2.5521863158114675
v -2.628095241735057 1.0932330498014111 2.2663756718545702
v -2.8798237647992266 0.2649693714737248 2.1991575207417213
v -2.594013111622705 0.4323933731334525 1.913346876784824
vt 0.109375 0.890625
vt 0.296875 0.890625
vt 0.296875 0.703125
vt 0.109375 0.703125
vt 0 0.890625
vt 0.109375 0.890625
vt 0.109375 0.703125
vt 0 0.703125
vt 0.40625 0.890625
vt 0.59375 0.890625
vt 0.59375 0.703125
vt 0.40625 0.703125
vt 0.296875 0.890625
vt 0.40625 0.890625
vt 0.40625 0.703125
vt 0.296875 0.703125
vt 0.296875 0.890625
vt 0.109375 0.890625
vt 0.109375 1
vt 0.296875 1
vt 0.484375 1
vt 0.296875 1
vt 0.296875 0.890625
vt 0.484375 0.890625
vn -0.6532814929749013 -0.38268343236508917 0.6532814719014752
vn -0.755750116914052 0.27781593890794504 -0.5930093294992025
vn 0.6532814929749013 0.38268343236508917 -0.6532814719014752
vn 0.755750116914052 -0.27781593890794504 0.5930093294992025
vn -0.04544284014980234 0.8811195688906082 0.4707050600929934
vn 0.04544284014980234 -0.8811195688906082 -0.4707050600929934
usemtl m_32106622-412d-50ea-c58d-eafbf6f5adea
f 1412/4228/1057 1415/4227/1057 1413/4226/1057 1410/4225/1057
f 1411/4232/1058 1412/4231/1058 1410/4230/1058 1409/4229/1058
f 1416/4236/1059 1411/4235/1059 1409/4234/1059 1414/4233/1059
f 1415/4240/1060 1416/4239/1060 1414/4238/1060 1413/4237/1060
f 1414/4244/1061 1409/4243/1061 1410/4242/1061 1413/4241/1061
f 1415/4248/1062 1412/4247/1062 1411/4246/1062 1416/4245/1062
o cube
v -3.060747513507469 2.4032763702101123 -1.1608834655437001
v -3.083045783231365 2.588733602667844 -1.1771515968573831
v -2.323884288877361 2.592344633174675 -0.015496727307540814
v -2.346182558601257 2.777801865632407 -0.0317648586212238
v -2.8740799244229076 2.601875667859462 -1.3137552423978345
v -2.851781654699012 2.416418435401731 -1.2974871110841515
v -2.1372166997927997 2.7909439308240245 -0.16836850416167515
v -2.114918430068904 2.605486698366293 -0.15210037284799216
vt 0.109375 0.375
vt 0.046875 0.375
vt 0.046875 0.03125
vt 0.109375 0.03125
vt 0.15625 0.375
vt 0.109375 0.375
vt 0.109375 0.03125
vt 0.15625 0.03125
vt 0.109375 0.375
vt 0.046875 0.375
vt 0.046875 0.03125
vt 0.109375 0.03125
vt 0.109375 0.375
vt 0.15625 0.375
vt 0.15625 0.03125
vt 0.109375 0.03125
vt 0.046875 0.375
vt 0.109375 0.375
vt 0.109375 0.421875
vt 0.046875 0.421875
vt 0.109375 0.421875
vt 0.171875 0.421875
vt 0.171875 0.375
vt 0.109375 0.375
vn -0.11892410519410909 0.9891052397745697 -0.08676336700630966
vn -0.835863435233842 -0.05256826076647267 0.5464145821618134
vn 0.11892410519410909 -0.9891052397745697 0.08676336700630966
vn 0.835863435233842 0.05256826076647267 -0.5464145821618134
vn -0.5359005270037167 -0.13750419124695515 -0.8330085368990281
vn 0.5359005270037167 0.13750419124695515 0.8330085368990281
usemtl m_32106622-412d-50ea-c58d-eafbf6f5adea
f 1420/4252/1063 1423/4251/1063 1421/4250/1063 1418/4249/1063
f 1419/4256/1064 1420/4255/1064 1418/4254/1064 1417/4253/1064
f 1424/4260/1065 1419/4259/1065 1417/4258/1065 1422/4257/1065
f 1423/4264/1066 1424/4263/1066 1422/4262/1066 1421/4261/1066
f 1422/4268/1067 1417/4267/1067 1418/4266/1067 1421/4265/1067
f 1423/4272/1068 1420/4271/1068 1419/4270/1068 1424/4269/1068
o cube
v -2.6815713806101003 2.5309240125633536 -0.22542219448933665
v -2.718735163483259 2.840019399992905 -0.2525357466788083
v -2.4806086829837057 2.582488084280962 0.0869560068477988
v -2.5177724658568645 2.891583471710513 0.05984245465832716
v -2.19632051646211 2.8728745629719503 -0.5940448605299398
v -2.159156733588951 2.5637791755423986 -0.5669313083404681
v -1.9953578188357164 2.9244386346895586 -0.2816666591928043
v -1.9581940359625576 2.615343247260007 -0.25455310700333267
vt 0.6875 0.09375
vt 0.53125 0.09375
vt 0.53125 0
vt 0.6875 0
vt 0.453125 0.09375
vt 0.53125 0.09375
vt 0.53125 0
vt 0.453125 0
vt 0.921875 0.09375
vt 0.765625 0.09375
vt 0.765625 0
vt 0.921875 0
vt 0.53125 0.09375
vt 0.453125 0.09375
vt 0.453125 0
vt 0.53125 0
vt 0.53125 0.09375
vt 0.6875 0.09375
vt 0.6875 0.171875
vt 0.53125 0.171875
vt 0.6875 0.171875
vt 0.84375 0.171875
vt 0.84375 0.09375
vt 0.6875 0.09375
vn -0.11892410519410909 0.9891052397745697 -0.08676336700630966
vn -0.835863435233842 -0.05256826076647267 0.5464145821618134
vn 0.11892410519410909 -0.9891052397745697 0.08676336700630966
vn 0.835863435233842 0.05256826076647267 -0.5464145821618134
vn -0.5359005270037167 -0.13750419124695515 -0.8330085368990281
vn 0.5359005270037167 0.13750419124695515 0.8330085368990281
usemtl m_32106622-412d-50ea-c58d-eafbf6f5adea
f 1428/4276/1069 1431/4275/1069 1429/4274/1069 1426/4273/1069
f 1427/4280/1070 1428/4279/1070 1426/4278/1070 1425/4277/1070
f 1432/4284/1071 1427/4283/1071 1425/4282/1071 1430/4281/1071
f 1431/4288/1072 1432/4287/1072 1430/4286/1072 1429/4285/1072
f 1430/4292/1073 1425/4291/1073 1426/4290/1073 1429/4289/1073
f 1431/4296/1074 1428/4295/1074 1427/4294/1074 1432/4293/1074
o cube
v -3.135738240565001 2.424510352830233 -0.8160276857784923
v -3.187767536587424 2.8572438952316053 -0.8539866588437526
v -2.733812845312215 2.527638496265449 -0.19127128310422292
v -2.7858421413346375 2.9603720386668213 -0.22923025616948323
v -2.560869960162045 2.8966700908064595 -1.2637975954651106
v -2.508840664139622 2.463936548405087 -1.2258386223998503
v -2.1589445649092585 2.9997982342416756 -0.6390411927908413
v -2.106915268886836 2.5670646918403035 -0.601082219725581
vt 0.296875 0.890625
vt 0.109375 0.890625
vt 0.109375 0.703125
vt 0.296875 0.703125
vt 0.40625 0.890625
vt 0.296875 0.890625
vt 0.296875 0.703125
vt 0.40625 0.703125
vt 0.59375 0.890625
vt 0.40625 0.890625
vt 0.40625 0.703125
vt 0.59375 0.703125
vt 0.109375 0.890625
vt 0 0.890625
vt 0 0.703125
vt 0.109375 0.703125
vt 0.109375 0.890625
vt 0.296875 0.890625
vt 0.296875 1
vt 0.109375 1
vt 0.296875 1
vt 0.484375 1
vt 0.484375 0.890625
vt 0.296875 0.890625
vn -0.11892410519410909 0.9891052397745697 -0.08676336700630966
vn -0.835863435233842 -0.05256826076647267 0.5464145821618134
vn 0.11892410519410909 -0.9891052397745697 0.08676336700630966
vn 0.835863435233842 0.05256826076647267 -0.5464145821618134
vn -0.5359005270037167 -0.13750419124695515 -0.8330085368990281
vn 0.5359005270037167 0.13750419124695515 0.8330085368990281
usemtl m_32106622-412d-50ea-c58d-eafbf6f5adea
f 1436/4300/1075 1439/4299/1075 1437/4298/1075 1434/4297/1075
f 1435/4304/1076 1436/4303/1076 1434/4302/1076 1433/4301/1076
f 1440/4308/1077 1435/4307/1077 1433/4306/1077 1438/4305/1077
f 1439/4312/1078 1440/4311/1078 1438/4310/1078 1437/4309/1078
f 1438/4316/1079 1433/4315/1079 1434/4314/1079 1437/4313/1079
f 1439/4320/1080 1436/4319/1080 1435/4318/1080 1440/4317/1080
o cube
v -2.1073310475291342 0.0403962723943877 2.100496935490244
v -2.120748689031959 0.22740285791429127 2.0983165986610564
v -3.476478171614031 -0.05689253138770192 2.1817129515751796
v -3.4898958131168554 0.13011405413220162 2.179532614745992
v -2.1098571926715084 0.23036644285053398 2.2854765368726193
v -2.0964395511686837 0.04335985733063047 2.287656873701807
v -3.479004316756405 0.1330776390684444 2.366692552957555
v -3.4655866752535807 -0.053928946451459125 2.3688728897867426
vt 0.3125 0.375
vt 0.265625 0.375
vt 0.265625 0.03125
vt 0.3125 0.03125
vt 0.359375 0.375
vt 0.3125 0.375
vt 0.3125 0.03125
vt 0.359375 0.03125
vt 0.265625 0.375
vt 0.3125 0.375
vt 0.3125 0.03125
vt 0.265625 0.03125
vt 0.265625 0.375
vt 0.21875 0.375
vt 0.21875 0.03125
vt 0.265625 0.03125
vt 0.265625 0.375
vt 0.3125 0.375
vt 0.3125 0.421875
vt 0.265625 0.421875
vt 0.3125 0.421875
vt 0.359375 0.421875
vt 0.359375 0.375
vt 0.3125 0.375
vn -0.07156075468173068 0.997368456106152 -0.0116284630890004
vn -0.0580879805890702 -0.01580578632662829 -0.9981863371283345
vn 0.07156075468173068 -0.997368456106152 0.0116284630890004
vn 0.0580879805890702 0.01580578632662829 0.9981863371283345
vn 0.9957433629708337 0.07075549365970152 -0.05906619351631647
vn -0.9957433629708337 -0.07075549365970152 0.05906619351631647
usemtl m_32106622-412d-50ea-c58d-eafbf6f5adea
f 1444/4324/1081 1447/4323/1081 1445/4322/1081 1442/4321/1081
f 1443/4328/1082 1444/4327/1082 1442/4326/1082 1441/4325/1082
f 1448/4332/1083 1443/4331/1083 1441/4330/1083 1446/4329/1083
f 1447/4336/1084 1448/4335/1084 1446/4334/1084 1445/4333/1084
f 1446/4340/1085 1441/4339/1085 1442/4338/1085 1445/4337/1085
f 1447/4344/1086 1444/4343/1086 1443/4342/1086 1448/4341/1086
o cube
v -2.0360190035489953 1.0716166064195143 2.667604629476127
v -2.140710579801098 1.0053253456832758 2.8083220506145556
v -1.9221307038017796 -0.1987177507835075 2.1538877073387708
v -2.0268222800538824 -0.2650090115197462 2.2946051284771993
v -1.9343463449800762 0.9687136933315954 2.944606273835052
v -1.8296547687279734 1.0350049540678339 2.8038888526966232
v -1.8204580452328605 -0.3016206638714264 2.4308893516976946
v -1.7157664689807577 -0.2353294031351877 2.2901719305592665
vt 0.046875 0.375
vt 0.109375 0.375
vt 0.109375 0.03125
vt 0.046875 0.03125
vt 0.15625 0.375
vt 0.109375 0.375
vt 0.109375 0.03125
vt 0.15625 0.03125
vt 0.046875 0.375
vt 0.109375 0.375
vt 0.109375 0.03125
vt 0.046875 0.03125
vt 0.109375 0.375
vt 0.15625 0.375
vt 0.15625 0.03125
vt 0.109375 0.03125
vt 0.109375 0.375
vt 0.046875 0.375
vt 0.046875 0.421875
vt 0.109375 0.421875
vt 0.171875 0.421875
vt 0.109375 0.421875
vt 0.109375 0.375
vt 0.171875 0.375
vn -0.5583550733445507 -0.3535533905932745 0.7504929127382889
vn -0.8254569392840871 0.1464466094067208 -0.5451368928819825
vn 0.5583550733445507 0.3535533905932745 -0.7504929127382889
vn 0.8254569392840871 -0.1464466094067208 0.5451368928819825
vn -0.0828278543616113 0.9238795325112874 0.37361230700898623
vn 0.0828278543616113 -0.9238795325112874 -0.37361230700898623
usemtl m_32106622-412d-50ea-c58d-eafbf6f5adea
f 1452/4348/1087 1455/4347/1087 1453/4346/1087 1450/4345/1087
f 1451/4352/1088 1452/4351/1088 1450/4350/1088 1449/4349/1088
f 1456/4356/1089 1451/4355/1089 1449/4354/1089 1454/4353/1089
f 1455/4360/1090 1456/4359/1090 1454/4358/1090 1453/4357/1090
f 1454/4364/1091 1449/4363/1091 1450/4362/1091 1453/4361/1091
f 1455/4368/1092 1452/4367/1092 1451/4366/1092 1456/4365/1092
o cube
v -2.1079643253031497 0.17519581317198507 2.191779155051769
v -2.2824502857233213 0.0647103786115868 2.4263081902824846
v -2.0769038799175457 -0.17125901151974743 2.051674539923399
v -2.2513898403377173 -0.2817444460801457 2.286203575154114
v -1.7665396986707673 -0.026818752267613766 2.767018748333723
v -1.5920537382505957 0.08366668229278451 2.5324897131030077
v -1.7354792532851633 -0.37327357695934615 2.6269141332053536
v -1.5609932928649917 -0.2627881423989479 2.392385097974638
vt 0.53125 0.09375
vt 0.6875 0.09375
vt 0.6875 0
vt 0.53125 0
vt 0.453125 0.09375
vt 0.53125 0.09375
vt 0.53125 0
vt 0.453125 0
vt 0.765625 0.09375
vt 0.921875 0.09375
vt 0.921875 0
vt 0.765625 0
vt 0.53125 0.09375
vt 0.453125 0.09375
vt 0.453125 0
vt 0.53125 0
vt 0.6875 0.09375
vt 0.53125 0.09375
vt 0.53125 0.171875
vt 0.6875 0.171875
vt 0.84375 0.171875
vt 0.6875 0.171875
vt 0.6875 0.09375
vt 0.84375 0.09375
vn -0.5583550733445507 -0.3535533905932745 0.7504929127382889
vn -0.8254569392840871 0.1464466094067208 -0.5451368928819825
vn 0.5583550733445507 0.3535533905932745 -0.7504929127382889
vn 0.8254569392840871 -0.1464466094067208 0.5451368928819825
vn -0.0828278543616113 0.9238795325112874 0.37361230700898623
vn 0.0828278543616113 -0.9238795325112874 -0.37361230700898623
usemtl m_32106622-412d-50ea-c58d-eafbf6f5adea
f 1460/4372/1093 1463/4371/1093 1461/4370/1093 1458/4369/1093
f 1459/4376/1094 1460/4375/1094 1458/4374/1094 1457/4373/1094
f 1464/4380/1095 1459/4379/1095 1457/4378/1095 1462/4377/1095
f 1463/4384/1096 1464/4383/1096 1462/4382/1096 1461/4381/1096
f 1462/4388/1097 1457/4387/1097 1458/4386/1097 1461/4385/1097
f 1463/4392/1098 1460/4391/1098 1459/4390/1098 1464/4389/1098
o cube
v -2.221676274779613 0.8772583756433723 2.437917329503385
v -2.4659566193678537 0.7225787672588146 2.7662579788263866
v -2.1595553840084047 0.18434872625990506 2.157708099246645
v -2.4038357285966456 0.02966911787534743 2.4860487485696465
v -1.8468639149047892 0.6127438102037741 3.1751106484878733
v -1.6025835703165487 0.7674234185883317 2.846769999164872
v -1.7847430241335802 -0.08016583917969311 2.8949014182311332
v -1.5404626795453398 0.07451376920486452 2.566560768908132
vt 0.109375 0.890625
vt 0.296875 0.890625
vt 0.296875 0.703125
vt 0.109375 0.703125
vt 0 0.890625
vt 0.109375 0.890625
vt 0.109375 0.703125
vt 0 0.703125
vt 0.40625 0.890625
vt 0.59375 0.890625
vt 0.59375 0.703125
vt 0.40625 0.703125
vt 0.296875 0.890625
vt 0.40625 0.890625
vt 0.40625 0.703125
vt 0.296875 0.703125
vt 0.296875 0.890625
vt 0.109375 0.890625
vt 0.109375 1
vt 0.296875 1
vt 0.484375 1
vt 0.296875 1
vt 0.296875 0.890625
vt 0.484375 0.890625
vn -0.5583550733445507 -0.3535533905932745 0.7504929127382889
vn -0.8254569392840871 0.1464466094067208 -0.5451368928819825
vn 0.5583550733445507 0.3535533905932745 -0.7504929127382889
vn 0.8254569392840871 -0.1464466094067208 0.5451368928819825
vn -0.0828278543616113 0.9238795325112874 0.37361230700898623
vn 0.0828278543616113 -0.9238795325112874 -0.37361230700898623
usemtl m_32106622-412d-50ea-c58d-eafbf6f5adea
f 1468/4396/1099 1471/4395/1099 1469/4394/1099 1466/4393/1099
f 1467/4400/1100 1468/4399/1100 1466/4398/1100 1465/4397/1100
f 1472/4404/1101 1467/4403/1101 1465/4402/1101 1470/4401/1101
f 1471/4408/1102 1472/4407/1102 1470/4406/1102 1469/4405/1102
f 1470/4412/1103 1465/4411/1103 1466/4410/1103 1469/4409/1103
f 1471/4416/1104 1468/4415/1104 1467/4414/1104 1472/4413/1104
o cube
v 2.037898303226217 1.7965141643216698 0.009493552964300989
v 2.0212184686998205 1.9659471063624032 0.08804615490461432
v 2.0668465634660222 2.3770759802559187 -1.2365943155699382
v 2.050166728939626 2.546508922296652 -1.1580417136296248
v 1.772265280980207 1.9479974546882035 0.07389976564738454
v 1.7889451155066034 1.77856451264747 -0.004652836292928786
v 1.8012135412200125 2.5285592706224524 -1.1721881028868548
v 1.8178933757464089 2.359126328581719 -1.2507407048271681
vt 0.046875 0.375
vt 0.109375 0.375
vt 0.109375 0.03125
vt 0.046875 0.03125
vt 0.15625 0.375
vt 0.109375 0.375
vt 0.109375 0.03125
vt 0.15625 0.03125
vt 0.046875 0.375
vt 0.109375 0.375
vt 0.109375 0.03125
vt 0.046875 0.03125
vt 0.109375 0.375
vt 0.15625 0.375
vt 0.15625 0.03125
vt 0.109375 0.03125
vt 0.109375 0.375
vt 0.046875 0.375
vt 0.046875 0.421875
vt 0.109375 0.421875
vt 0.171875 0.421875
vt 0.109375 0.421875
vt 0.109375 0.375
vt 0.171875 0.375
vn -0.08895911747411209 0.903642357550581 0.4189472103483387
vn 0.9958127508784599 0.07179860669679941 0.05658555702891994
vn 0.08895911747411209 -0.903642357550581 -0.4189472103483387
vn -0.9958127508784599 -0.07179860669679941 -0.05658555702891994
vn -0.021053280174404377 -0.4222267752249096 0.9062457225703588
vn 0.021053280174404377 0.4222267752249096 -0.9062457225703588
usemtl m_32106622-412d-50ea-c58d-eafbf6f5adea
f 1476/4420/1105 1479/4419/1105 1477/4418/1105 1474/4417/1105
f 1475/4424/1106 1476/4423/1106 1474/4422/1106 1473/4421/1106
f 1480/4428/1107 1475/4427/1107 1473/4426/1107 1478/4425/1107
f 1479/4432/1108 1480/4431/1108 1478/4430/1108 1477/4429/1108
f 1478/4436/1109 1473/4435/1109 1474/4434/1109 1477/4433/1109
f 1479/4440/1110 1476/4439/1110 1475/4438/1110 1480/4437/1110
o cube
v 2.245666474190334 2.2322031783022274 -0.886142377663131
v 2.217866749979674 2.5145914150367825 -0.7552213744292757
v 2.2535614542557356 2.3905382190115687 -1.2259845236270155
v 2.2257617300450754 2.672926455746124 -1.0950635203931602
v 1.5954837806806372 2.4697172858512833 -0.7905873475723506
v 1.6232835048912975 2.1873290491167277 -0.9215083508062059
v 1.6033787607460388 2.628052326560624 -1.1304294935362353
v 1.631178484956699 2.345664089826069 -1.2613504967700906
vt 0.53125 0.09375
vt 0.6875 0.09375
vt 0.6875 0
vt 0.53125 0
vt 0.453125 0.09375
vt 0.53125 0.09375
vt 0.53125 0
vt 0.453125 0
vt 0.765625 0.09375
vt 0.921875 0.09375
vt 0.921875 0
vt 0.765625 0
vt 0.53125 0.09375
vt 0.453125 0.09375
vt 0.453125 0
vt 0.53125 0
vt 0.6875 0.09375
vt 0.53125 0.09375
vt 0.53125 0.171875
vt 0.6875 0.171875
vt 0.84375 0.171875
vt 0.6875 0.171875
vt 0.6875 0.09375
vt 0.84375 0.09375
vn -0.08895911747411209 0.903642357550581 0.4189472103483387
vn 0.9958127508784599 0.07179860669679941 0.05658555702891994
vn 0.08895911747411209 -0.903642357550581 -0.4189472103483387
vn -0.9958127508784599 -0.07179860669679941 -0.05658555702891994
vn -0.021053280174404377 -0.4222267752249096 0.9062457225703588
vn 0.021053280174404377 0.4222267752249096 -0.9062457225703588
usemtl m_32106622-412d-50ea-c58d-eafbf6f5adea
f 1484/4444/1111 1487/4443/1111 1485/4442/1111 1482/4441/1111
f 1483/4448/1112 1484/4447/1112 1482/4446/1112 1481/4445/1112
f 1488/4452/1113 1483/4451/1113 1481/4450/1113 1486/4449/1113
f 1487/4456/1114 1488/4455/1114 1486/4454/1114 1485/4453/1114
f 1486/4460/1115 1481/4459/1115 1482/4458/1115 1485/4457/1115
f 1487/4464/1116 1484/4463/1116 1483/4462/1116 1488/4461/1116
o cube
v 2.2921148109894345 1.9200205098020962 -0.20292148842105595
v 2.2531951970945103 2.315364041230474 -0.019632083893658336
v 2.3079047711202376 2.2366905912207775 -0.8826057803488239
v 2.2689851572253135 2.6320341226491553 -0.6993163758214265
v 1.5063356339356666 2.261515086207874 -0.06207125166534855
v 1.5452552478305908 1.8661715547794966 -0.24536065619274616
v 1.5221255940664697 2.5781851676265557 -0.7417555435931165
v 1.561045207961394 2.1828416361981784 -0.9250449481205139
vt 0.109375 0.890625
vt 0.296875 0.890625
vt 0.296875 0.703125
vt 0.109375 0.703125
vt 0 0.890625
vt 0.109375 0.890625
vt 0.109375 0.703125
vt 0 0.703125
vt 0.40625 0.890625
vt 0.59375 0.890625
vt 0.59375 0.703125
vt 0.40625 0.703125
vt 0.296875 0.890625
vt 0.40625 0.890625
vt 0.40625 0.703125
vt 0.296875 0.703125
vt 0.296875 0.890625
vt 0.109375 0.890625
vt 0.109375 1
vt 0.296875 1
vt 0.484375 1
vt 0.296875 1
vt 0.296875 0.890625
vt 0.484375 0.890625
vn -0.08895911747411209 0.903642357550581 0.4189472103483387
vn 0.9958127508784599 0.07179860669679941 0.05658555702891994
vn 0.08895911747411209 -0.903642357550581 -0.4189472103483387
vn -0.9958127508784599 -0.07179860669679941 -0.05658555702891994
vn -0.021053280174404377 -0.4222267752249096 0.9062457225703588
vn 0.021053280174404377 0.4222267752249096 -0.9062457225703588
usemtl m_32106622-412d-50ea-c58d-eafbf6f5adea
f 1492/4468/1117 1495/4467/1117 1493/4466/1117 1490/4465/1117
f 1491/4472/1118 1492/4471/1118 1490/4470/1118 1489/4469/1118
f 1496/4476/1119 1491/4475/1119 1489/4474/1119 1494/4473/1119
f 1495/4480/1120 1496/4479/1120 1494/4478/1120 1493/4477/1120
f 1494/4484/1121 1489/4483/1121 1490/4482/1121 1493/4481/1121
f 1495/4488/1122 1492/4487/1122 1491/4486/1122 1496/4485/1122
o cube
v 1.8935783173627563 2.5967251155451336 -1.2174205475457587
v 1.806441274804789 2.645463436313222 -1.3761277052386567
v 1.7016588324804003 1.2691717130644853 -1.5197347464920545
v 1.614521789922434 1.3179100338325735 -1.6784419041849525
v 1.58784586768311 2.6494549327807158 -1.2548836705760897
v 1.6749829102410771 2.6007166120126275 -1.0961765128831917
v 1.3959263828007549 1.3219015303000674 -1.5571978695223856
v 1.4830634253587212 1.273163209531979 -1.3984907118294876
vt 0.046875 0.375
vt 0.109375 0.375
vt 0.109375 0.03125
vt 0.046875 0.03125
vt 0.15625 0.375
vt 0.109375 0.375
vt 0.109375 0.03125
vt 0.15625 0.03125
vt 0.046875 0.375
vt 0.109375 0.375
vt 0.109375 0.03125
vt 0.046875 0.03125
vt 0.109375 0.375
vt 0.15625 0.375
vt 0.15625 0.03125
vt 0.109375 0.03125
vt 0.109375 0.375
vt 0.046875 0.375
vt 0.046875 0.421875
vt 0.109375 0.421875
vt 0.171875 0.421875
vt 0.109375 0.421875
vt 0.109375 0.375
vt 0.171875 0.375
vn -0.4647308936424871 0.2599377107631364 -0.8464381743621183
vn 0.8743816284867135 -0.01596598586997436 -0.4849761386502666
vn 0.4647308936424871 -0.2599377107631364 0.8464381743621183
vn -0.8743816284867135 0.01596598586997436 0.4849761386502666
vn 0.13957780718716822 0.9654933836222908 0.21986487196094295
vn -0.13957780718716822 -0.9654933836222908 -0.21986487196094295
usemtl m_32106622-412d-50ea-c58d-eafbf6f5adea
f 1500/4492/1123 1503/4491/1123 1501/4490/1123 1498/4489/1123
f 1499/4496/1124 1500/4495/1124 1498/4494/1124 1497/4493/1124
f 1504/4500/1125 1499/4499/1125 1497/4498/1125 1502/4497/1125
f 1503/4504/1126 1504/4503/1126 1502/4502/1126 1501/4501/1126
f 1502/4508/1127 1497/4507/1127 1498/4506/1127 1501/4505/1127
f 1503/4512/1128 1500/4511/1128 1499/4510/1128 1504/4509/1128
o cube
v 1.917947065516847 1.628238109572223 -1.5282184455036267
v 1.7727186612535695 1.7094686441857032 -1.7927303749917898
v 1.8656053878216596 1.2661780907138651 -1.6106677724889797
v 1.7203769835583822 1.3474086253273456 -1.8751797019771428
v 1.2262301434493725 1.719447385354437 -1.4896202883353729
v 1.37145854771265 1.6382168507409567 -1.2251083588472098
v 1.1738884657541853 1.3573873664960794 -1.5720696153207259
v 1.3191168700174627 1.276156831882599 -1.3075576858325628
vt 0.53125 0.09375
vt 0.6875 0.09375
vt 0.6875 0
vt 0.53125 0
vt 0.453125 0.09375
vt 0.53125 0.09375
vt 0.53125 0
vt 0.453125 0
vt 0.765625 0.09375
vt 0.921875 0.09375
vt 0.921875 0
vt 0.765625 0
vt 0.53125 0.09375
vt 0.453125 0.09375
vt 0.453125 0
vt 0.53125 0
vt 0.6875 0.09375
vt 0.53125 0.09375
vt 0.53125 0.171875
vt 0.6875 0.171875
vt 0.84375 0.171875
vt 0.6875 0.171875
vt 0.6875 0.09375
vt 0.84375 0.09375
vn -0.4647308936424871 0.2599377107631364 -0.8464381743621183
vn 0.8743816284867135 -0.01596598586997436 -0.4849761386502666
vn 0.4647308936424871 -0.2599377107631364 0.8464381743621183
vn -0.8743816284867135 0.01596598586997436 0.4849761386502666
vn 0.13957780718716822 0.9654933836222908 0.21986487196094295
vn -0.13957780718716822 -0.9654933836222908 -0.21986487196094295
usemtl m_32106622-412d-50ea-c58d-eafbf6f5adea
f 1508/4516/1129 1511/4515/1129 1509/4514/1129 1506/4513/1129
f 1507/4520/1130 1508/4519/1130 1506/4518/1130 1505/4517/1130
f 1512/4524/1131 1507/4523/1131 1505/4522/1131 1510/4521/1131
f 1511/4528/1132 1512/4527/1132 1510/4526/1132 1509/4525/1132
f 1510/4532/1133 1505/4531/1133 1506/4530/1133 1509/4529/1133
f 1511/4536/1134 1508/4535/1134 1507/4534/1134 1512/4533/1134
o cube
v 2.077279272687643 2.3513602731720673 -1.3936308001985611
v 1.8739595067190544 2.4650830216309396 -1.7639475014819888
v 1.9725959172972667 1.6272402354553495 -1.5585294541692685
v 1.769276151328678 1.7409629839142218 -1.928846155452696
v 1.218173285354018 2.4770575110334203 -1.4002153974942884
v 1.4214930513226065 2.363334762574548 -1.0298986962108607
v 1.1134899299636416 1.7529374733167025 -1.5651140514649957
v 1.3168096959322302 1.6392147248578302 -1.194797350181568
vt 0.109375 0.890625
vt 0.296875 0.890625
vt 0.296875 0.703125
vt 0.109375 0.703125
vt 0 0.890625
vt 0.109375 0.890625
vt 0.109375 0.703125
vt 0 0.703125
vt 0.40625 0.890625
vt 0.59375 0.890625
vt 0.59375 0.703125
vt 0.40625 0.703125
vt 0.296875 0.890625
vt 0.40625 0.890625
vt 0.40625 0.703125
vt 0.296875 0.703125
vt 0.296875 0.890625
vt 0.109375 0.890625
vt 0.109375 1
vt 0.296875 1
vt 0.484375 1
vt 0.296875 1
vt 0.296875 0.890625
vt 0.484375 0.890625
vn -0.4647308936424871 0.2599377107631364 -0.8464381743621183
vn 0.8743816284867135 -0.01596598586997436 -0.4849761386502666
vn 0.4647308936424871 -0.2599377107631364 0.8464381743621183
vn -0.8743816284867135 0.01596598586997436 0.4849761386502666
vn 0.13957780718716822 0.9654933836222908 0.21986487196094295
vn -0.13957780718716822 -0.9654933836222908 -0.21986487196094295
usemtl m_32106622-412d-50ea-c58d-eafbf6f5adea
f 1516/4540/1135 1519/4539/1135 1517/4538/1135 1514/4537/1135
f 1515/4544/1136 1516/4543/1136 1514/4542/1136 1513/4541/1136
f 1520/4548/1137 1515/4547/1137 1513/4546/1137 1518/4545/1137
f 1519/4552/1138 1520/4551/1138 1518/4550/1138 1517/4549/1138
f 1518/4556/1139 1513/4555/1139 1514/4554/1139 1517/4553/1139
f 1519/4560/1140 1516/4559/1140 1515/4558/1140 1520/4557/1140
o cube
v 0.7892934831249905 1.5471186887182227 3.1314180272846444
v 1.1136873457470307 1.5844980965858346 3.589432930710966
v 0.5660997217549752 1.0698656624471372 3.328446816553108
v 0.8904935843770154 1.1072450703147492 3.7864617199794295
v 1.5600158755508815 1.256318345360577 3.3000993958954012
v 1.2356220129288413 1.2189389374929651 2.8420844924690796
v 1.3368221141808654 0.7790653190894916 3.497128185163865
v 1.0124282515588252 0.7416859112218797 3.0391132817375435
vt 0.140625 0.5625
vt 0.296875 0.5625
vt 0.296875 0.421875
vt 0.140625 0.421875
vt 0 0.5625
vt 0.140625 0.5625
vt 0.140625 0.421875
vt 0 0.421875
vt 0.4375 0.5625
vt 0.59375 0.5625
vt 0.59375 0.421875
vt 0.4375 0.421875
vt 0.296875 0.5625
vt 0.4375 0.5625
vt 0.4375 0.421875
vt 0.296875 0.421875
vt 0.296875 0.5625
vt 0.140625 0.5625
vt 0.140625 0.703125
vt 0.296875 0.703125
vt 0.453125 0.703125
vt 0.296875 0.703125
vt 0.296875 0.5625
vt 0.453125 0.5625
vn 0.5767002002169574 0.06645228065353218 0.8142487172023457
vn -0.7141256476861534 0.5250876019604067 0.46293365570489836
vn -0.5767002002169574 -0.06645228065353218 -0.8142487172023457
vn 0.7141256476861534 -0.5250876019604067 -0.46293365570489836
vn 0.3967889091022497 0.8484498244819276 -0.3502734031439341
vn -0.3967889091022497 -0.8484498244819276 0.3502734031439341
usemtl m_32106622-412d-50ea-c58d-eafbf6f5adea
f 1524/4564/1141 1527/4563/1141 1525/4562/1141 1522/4561/1141
f 1523/4568/1142 1524/4567/1142 1522/4566/1142 1521/4565/1142
f 1528/4572/1143 1523/4571/1143 1521/4570/1143 1526/4569/1143
f 1527/4576/1144 1528/4575/1144 1526/4574/1144 1525/4573/1144
f 1526/4580/1145 1521/4579/1145 1522/4578/1145 1525/4577/1145
f 1527/4584/1146 1524/4583/1146 1523/4582/1146 1528/4581/1146
o cube
v 0.835584240283544 1.024996049906315 3.5250328337157306
v 0.9797592903377836 1.0416091200696982 3.7285950130163172
v 0.736387013007981 0.8128835937858316 3.612601184501715
v 0.8805620630622206 0.8294966639492147 3.8161633638023016
v 1.2475564082200936 0.8447012693345444 3.554994892126979
v 1.103381358165854 0.8280881991711613 3.3514327128263925
v 1.1483591809445306 0.6325888132140609 3.6425632429129635
v 1.004184130890291 0.6159757430506778 3.439001063612377
vt 0.65625 0.9375
vt 0.75 0.9375
vt 0.75 0.875
vt 0.65625 0.875
vt 0.59375 0.9375
vt 0.65625 0.9375
vt 0.65625 0.875
vt 0.59375 0.875
vt 0.8125 0.9375
vt 0.90625 0.9375
vt 0.90625 0.875
vt 0.8125 0.875
vt 0.75 0.9375
vt 0.8125 0.9375
vt 0.8125 0.875
vt 0.75 0.875
vt 0.75 0.9375
vt 0.65625 0.9375
vt 0.65625 1
vt 0.75 1
vt 0.84375 1
vt 0.75 1
vt 0.75 0.9375
vt 0.84375 0.9375
vn 0.5767002002169574 0.06645228065353218 0.8142487172023457
vn -0.7141256476861534 0.5250876019604067 0.46293365570489836
vn -0.5767002002169574 -0.06645228065353218 -0.8142487172023457
vn 0.7141256476861534 -0.5250876019604067 -0.46293365570489836
vn 0.3967889091022497 0.8484498244819276 -0.3502734031439341
vn -0.3967889091022497 -0.8484498244819276 0.3502734031439341
usemtl m_32106622-412d-50ea-c58d-eafbf6f5adea
f 1532/4588/1147 1535/4587/1147 1533/4586/1147 1530/4585/1147
f 1531/4592/1148 1532/4591/1148 1530/4590/1148 1529/4589/1148
f 1536/4596/1149 1531/4595/1149 1529/4594/1149 1534/4593/1149
f 1535/4600/1150 1536/4599/1150 1534/4598/1150 1533/4597/1150
f 1534/4604/1151 1529/4603/1151 1530/4602/1151 1533/4601/1151
f 1535/4608/1152 1532/4607/1152 1531/4606/1152 1536/4605/1152
o cube
v 0.19260898706316176 0.8555026131565545 3.2659402229736934
v 0.25015134707496856 1.0308664719031921 3.298995386711929
v 0.39702687838171613 0.5391595961788617 4.588349169297912
v 0.4545692383935229 0.7145234549254994 4.621404333036147
v 0.4264128059056107 0.9804392247732562 3.2596858347202025
v 0.3688704458938039 0.8050753660266184 3.226630670981967
v 0.6308306972241651 0.6640962077955634 4.582094781044421
v 0.5732883372123583 0.4887323490489257 4.549039617306185
vt 0.3125 0.375
vt 0.265625 0.375
vt 0.265625 0.03125
vt 0.3125 0.03125
vt 0.359375 0.375
vt 0.3125 0.375
vt 0.3125 0.03125
vt 0.359375 0.03125
vt 0.265625 0.375
vt 0.3125 0.375
vt 0.3125 0.03125
vt 0.265625 0.03125
vt 0.265625 0.375
vt 0.21875 0.375
vt 0.21875 0.03125
vt 0.265625 0.03125
vt 0.265625 0.375
vt 0.3125 0.375
vt 0.3125 0.421875
vt 0.265625 0.421875
vt 0.3125 0.421875
vt 0.359375 0.421875
vt 0.359375 0.375
vt 0.3125 0.375
vn 0.306892586729634 0.9352739133153924 0.1762942066039217
vn -0.9400611137634247 0.26894531802632554 0.2096509439558728
vn -0.306892586729634 -0.9352739133153924 -0.1762942066039217
vn 0.9400611137634247 -0.26894531802632554 -0.2096509439558728
vn -0.1486675573225848 0.23006764871104907 -0.9617519609630675
vn 0.1486675573225848 -0.23006764871104907 0.9617519609630675
usemtl m_32106622-412d-50ea-c58d-eafbf6f5adea
f 1540/4612/1153 1543/4611/1153 1541/4610/1153 1538/4609/1153
f 1539/4616/1154 1540/4615/1154 1538/4614/1154 1537/4613/1154
f 1544/4620/1155 1539/4619/1155 1537/4618/1155 1542/4617/1155
f 1543/4624/1156 1544/4623/1156 1542/4622/1156 1541/4621/1156
f 1542/4628/1157 1537/4627/1157 1538/4626/1157 1541/4625/1157
f 1543/4632/1158 1540/4631/1158 1539/4630/1158 1544/4629/1158
o cube
v 0.9226839377358886 0.9640332931968105 2.660854509231785
v 0.9692290739035188 1.0470408420251371 2.8224080518628583
v 1.2900192850362742 -0.25456604197322363 3.181148083040705
v 1.3365644212039043 -0.17155849314489702 3.3427016256717783
v 1.1438162258144993 1.0725878903523474 2.7589815218507274
v 1.0972710896468691 0.9895803415240207 2.597427979219654
v 1.5111515731148848 -0.1460114448176868 3.2792750956596475
v 1.4646064369472547 -0.2290189936460134 3.117721553028574
vt 0.265625 0.375
vt 0.3125 0.375
vt 0.3125 0.03125
vt 0.265625 0.03125
vt 0.21875 0.375
vt 0.265625 0.375
vt 0.265625 0.03125
vt 0.21875 0.03125
vt 0.3125 0.375
vt 0.265625 0.375
vt 0.265625 0.03125
vt 0.3125 0.03125
vt 0.3125 0.375
vt 0.359375 0.375
vt 0.359375 0.03125
vt 0.3125 0.03125
vt 0.3125 0.375
vt 0.265625 0.375
vt 0.265625 0.421875
vt 0.3125 0.421875
vt 0.359375 0.421875
vt 0.3125 0.421875
vt 0.3125 0.375
vt 0.359375 0.375
vn 0.24824072622736054 0.44270692708440706 0.8616188940323871
vn -0.9311314768585583 -0.13625092441178616 0.33827482673136344
vn -0.24824072622736054 -0.44270692708440706 -0.8616188940323871
vn 0.9311314768585583 0.13625092441178616 -0.33827482673136344
vn -0.2671529798548257 0.8862540619418426 -0.37839532640648693
vn 0.2671529798548257 -0.8862540619418426 0.37839532640648693
usemtl m_32106622-412d-50ea-c58d-eafbf6f5adea
f 1548/4636/1159 1551/4635/1159 1549/4634/1159 1546/4633/1159
f 1547/4640/1160 1548/4639/1160 1546/4638/1160 1545/4637/1160
f 1552/4644/1161 1547/4643/1161 1545/4642/1161 1550/4641/1161
f 1551/4648/1162 1552/4647/1162 1550/4646/1162 1549/4645/1162
f 1550/4652/1163 1545/4651/1163 1546/4650/1163 1549/4649/1163
f 1551/4656/1164 1548/4655/1164 1547/4654/1164 1552/4653/1164
o cube
v 0.6898116295901895 1.103515016413187 3.1103388819285858
v 0.7539019014594581 0.9817571322798248 3.2377111893705504
v 0.03838824534759944 0.08140450584445003 2.461060298694198
v 0.10247851721686807 -0.04035337828891228 2.5884326061361627
v 0.9568045542590218 0.9416496329787373 3.097276499971124
v 0.8927142823897531 1.0634075171120996 2.9699041925291594
v 0.30538117001643084 -0.08046087758999998 2.447997916736737
v 0.2412908981471622 0.041297006543362325 2.3206256092947726
vt 0.046875 0.375
vt 0.109375 0.375
vt 0.109375 0.03125
vt 0.046875 0.03125
vt 0.15625 0.375
vt 0.109375 0.375
vt 0.109375 0.03125
vt 0.15625 0.03125
vt 0.046875 0.375
vt 0.109375 0.375
vt 0.109375 0.03125
vt 0.046875 0.03125
vt 0.109375 0.375
vt 0.15625 0.375
vt 0.15625 0.03125
vt 0.109375 0.03125
vt 0.109375 0.375
vt 0.046875 0.375
vt 0.046875 0.421875
vt 0.109375 0.421875
vt 0.171875 0.421875
vt 0.109375 0.421875
vt 0.109375 0.375
vt 0.171875 0.375
vn 0.34181478330276266 -0.6493753820445956 0.6793189730238078
vn -0.8116106111982518 0.16042999720435114 0.5617387575977041
vn -0.34181478330276266 0.6493753820445956 -0.6793189730238078
vn 0.8116106111982518 -0.16042999720435114 -0.5617387575977041
vn 0.4737624612673378 0.7433530985954436 0.47220260598864444
vn -0.4737624612673378 -0.7433530985954436 -0.47220260598864444
usemtl m_32106622-412d-50ea-c58d-eafbf6f5adea
f 1556/4660/1165 1559/4659/1165 1557/4658/1165 1554/4657/1165
f 1555/4664/1166 1556/4663/1166 1554/4662/1166 1553/4661/1166
f 1560/4668/1167 1555/4667/1167 1553/4666/1167 1558/4665/1167
f 1559/4672/1168 1560/4671/1168 1558/4670/1168 1557/4669/1168
f 1558/4676/1169 1553/4675/1169 1554/4674/1169 1557/4673/1169
f 1559/4680/1170 1556/4679/1170 1555/4678/1170 1560/4677/1170
o cube
v 0.06387217872317663 0.39024254229355737 2.74346229298951
v 0.17068929850529013 0.18731273540462 2.9557494720594515
v -0.11378874425207464 0.11148513032026619 2.5663863157437685
v -0.006971624469961135 -0.09144467656867117 2.7786734948137095
v 0.6779459305042019 0.08704398715189965 2.6046627485608838
v 0.5711288107220884 0.289973794040837 2.3923755694909428
v 0.5002850075289507 -0.19171342482139153 2.4275867713151422
v 0.39346788774683716 0.011216382067545827 2.2152995922452012
vt 0.53125 0.09375
vt 0.6875 0.09375
vt 0.6875 0
vt 0.53125 0
vt 0.453125 0.09375
vt 0.53125 0.09375
vt 0.53125 0
vt 0.453125 0
vt 0.765625 0.09375
vt 0.921875 0.09375
vt 0.921875 0
vt 0.765625 0
vt 0.53125 0.09375
vt 0.453125 0.09375
vt 0.453125 0
vt 0.53125 0
vt 0.6875 0.09375
vt 0.53125 0.09375
vt 0.53125 0.171875
vt 0.6875 0.171875
vt 0.84375 0.171875
vt 0.6875 0.171875
vt 0.6875 0.09375
vt 0.84375 0.09375
vn 0.34181478330276266 -0.6493753820445956 0.6793189730238078
vn -0.8116106111982518 0.16042999720435114 0.5617387575977041
vn -0.34181478330276266 0.6493753820445956 -0.6793189730238078
vn 0.8116106111982518 -0.16042999720435114 -0.5617387575977041
vn 0.4737624612673378 0.7433530985954436 0.47220260598864444
vn -0.4737624612673378 -0.7433530985954436 -0.47220260598864444
usemtl m_32106622-412d-50ea-c58d-eafbf6f5adea
f 1564/4684/1171 1567/4683/1171 1565/4682/1171 1562/4681/1171
f 1563/4688/1172 1564/4687/1172 1562/4686/1172 1561/4685/1172
f 1568/4692/1173 1563/4691/1173 1561/4690/1173 1566/4689/1173
f 1567/4696/1174 1568/4695/1174 1566/4694/1174 1565/4693/1174
f 1566/4700/1175 1561/4699/1175 1562/4698/1175 1565/4697/1175
f 1567/4704/1176 1564/4703/1176 1563/4702/1176 1568/4701/1176
o cube
v 0.3684683614737905 0.957784241065413 3.132722919830851
v 0.5180123291687497 0.6736825114209005 3.4299249705287687
v 0.013146515523286162 0.400269417118829 2.778570965339367
v 0.16269048321824542 0.1161676874743166 3.0757730160372847
v 1.1267202875674434 0.5533600135176363 3.008620902330487
v 0.9771763198724841 0.8374617431621486 2.711418851632569
v 0.771398441616939 -0.0041548104289477195 2.654468947839003
v 0.6218544739219798 0.2799469192155647 2.357266897141085
vt 0.109375 0.890625
vt 0.296875 0.890625
vt 0.296875 0.703125
vt 0.109375 0.703125
vt 0 0.890625
vt 0.109375 0.890625
vt 0.109375 0.703125
vt 0 0.703125
vt 0.40625 0.890625
vt 0.59375 0.890625
vt 0.59375 0.703125
vt 0.40625 0.703125
vt 0.296875 0.890625
vt 0.40625 0.890625
vt 0.40625 0.703125
vt 0.296875 0.703125
vt 0.296875 0.890625
vt 0.109375 0.890625
vt 0.109375 1
vt 0.296875 1
vt 0.484375 1
vt 0.296875 1
vt 0.296875 0.890625
vt 0.484375 0.890625
vn 0.34181478330276266 -0.6493753820445956 0.6793189730238078
vn -0.8116106111982518 0.16042999720435114 0.5617387575977041
vn -0.34181478330276266 0.6493753820445956 -0.6793189730238078
vn 0.8116106111982518 -0.16042999720435114 -0.5617387575977041
vn 0.4737624612673378 0.7433530985954436 0.47220260598864444
vn -0.4737624612673378 -0.7433530985954436 -0.47220260598864444
usemtl m_32106622-412d-50ea-c58d-eafbf6f5adea
f 1572/4708/1177 1575/4707/1177 1573/4706/1177 1570/4705/1177
f 1571/4712/1178 1572/4711/1178 1570/4710/1178 1569/4709/1178
f 1576/4716/1179 1571/4715/1179 1569/4714/1179 1574/4713/1179
f 1575/4720/1180 1576/4719/1180 1574/4718/1180 1573/4717/1180
f 1574/4724/1181 1569/4723/1181 1570/4722/1181 1573/4721/1181
f 1575/4728/1182 1572/4727/1182 1571/4726/1182 1576/4725/1182
o cube
v -1.403798623789093 0.5994137908091768 3.342694309456399
v -1.4543656670202043 0.03973729647806479 3.317966878694172
v -0.8738882377197559 0.5596855667485195 3.158241331847382
v -0.9244552809508673 0.000009072417407551825 3.1335139010851547
v -1.2523871604179655 -0.004569990582827477 3.9077690041430664
v -1.201820117186854 0.5551065037482845 3.9324964349052935
v -0.7224767743486284 -0.04429821464348471 3.7233160265340493
v -0.6719097311175171 0.5153782796876273 3.7480434572962764
vt 0.140625 0.5625
vt 0.296875 0.5625
vt 0.296875 0.421875
vt 0.140625 0.421875
vt 0 0.5625
vt 0.140625 0.5625
vt 0.140625 0.421875
vt 0 0.421875
vt 0.4375 0.5625
vt 0.59375 0.5625
vt 0.59375 0.421875
vt 0.4375 0.421875
vt 0.296875 0.5625
vt 0.4375 0.5625
vt 0.4375 0.421875
vt 0.296875 0.421875
vt 0.296875 0.5625
vt 0.140625 0.5625
vt 0.140625 0.703125
vt 0.296875 0.703125
vt 0.453125 0.703125
vt 0.296875 0.703125
vt 0.296875 0.5625
vt 0.453125 0.5625
vn -0.08989696574419788 -0.9949804343664198 -0.04395987691062523
vn -0.3231656105635825 0.07089165929742779 -0.9436834007182304
vn 0.08989696574419788 0.9949804343664198 0.04395987691062523
vn 0.3231656105635825 -0.07089165929742779 0.9436834007182304
vn -0.9420629085677101 0.07062795388561291 0.3279164046382526
vn 0.9420629085677101 -0.07062795388561291 -0.3279164046382526
usemtl m_32106622-412d-50ea-c58d-eafbf6f5adea
f 1580/4732/1183 1583/4731/1183 1581/4730/1183 1578/4729/1183
f 1579/4736/1184 1580/4735/1184 1578/4734/1184 1577/4733/1184
f 1584/4740/1185 1579/4739/1185 1577/4738/1185 1582/4737/1185
f 1583/4744/1186 1584/4743/1186 1582/4742/1186 1581/4741/1186
f 1582/4748/1187 1577/4747/1187 1578/4746/1187 1581/4745/1187
f 1583/4752/1188 1580/4751/1188 1579/4750/1188 1584/4749/1188
o cube
v -0.8615853381943701 0.2398927235968349 3.26246429540259
v -0.8840595796304196 -0.008852384994770923 3.2514743261749333
v -0.6260696110524426 0.2222357351254317 3.180485194243027
v -0.6485438524884921 -0.026509373466174102 3.1694952250153703
v -0.7628724756690761 -0.03543675723130624 3.60535560144427
v -0.7403982342330266 0.21330835136029958 3.6163455706719265
v -0.5273567485271486 -0.053093745702709416 3.523376500284706
v -0.5048825070910992 0.1956513628888964 3.5343664695123627
vt 0.65625 0.9375
vt 0.75 0.9375
vt 0.75 0.875
vt 0.65625 0.875
vt 0.59375 0.9375
vt 0.65625 0.9375
vt 0.65625 0.875
vt 0.59375 0.875
vt 0.8125 0.9375
vt 0.90625 0.9375
vt 0.90625 0.875
vt 0.8125 0.875
vt 0.75 0.9375
vt 0.8125 0.9375
vt 0.8125 0.875
vt 0.75 0.875
vt 0.75 0.9375
vt 0.65625 0.9375
vt 0.65625 1
vt 0.75 1
vt 0.84375 1
vt 0.75 1
vt 0.75 0.9375
vt 0.84375 0.9375
vn -0.08989696574419788 -0.9949804343664198 -0.04395987691062523
vn -0.3231656105635825 0.07089165929742779 -0.9436834007182304
vn 0.08989696574419788 0.9949804343664198 0.04395987691062523
vn 0.3231656105635825 -0.07089165929742779 0.9436834007182304
vn -0.9420629085677101 0.07062795388561291 0.3279164046382526
vn 0.9420629085677101 -0.07062795388561291 -0.3279164046382526
usemtl m_32106622-412d-50ea-c58d-eafbf6f5adea
f 1588/4756/1189 1591/4755/1189 1589/4754/1189 1586/4753/1189
f 1587/4760/1190 1588/4759/1190 1586/4758/1190 1585/4757/1190
f 1592/4764/1191 1587/4763/1191 1585/4762/1191 1590/4761/1191
f 1591/4768/1192 1592/4767/1192 1590/4766/1192 1589/4765/1192
f 1590/4772/1193 1585/4771/1193 1586/4770/1193 1589/4769/1193
f 1591/4776/1194 1588/4775/1194 1587/4774/1194 1592/4773/1194
o cube
v -0.20685502493824348 0.1287159655462946 3.3779962138625876
v -0.10283345452336157 0.28341084529014626 3.357865216136272
v 0.7304759485729315 -0.5928020092000517 2.6769630775455364
v 0.8344975189878139 -0.4381071294562 2.6568320798192206
v -0.19226699156200588 0.3227222344217906 3.1978261361048688
v -0.2962885619768878 0.16802735467793894 3.2179571338311845
v 0.7450639819491696 -0.39879574032455567 2.4967929997878175
v 0.6410424115342872 -0.5534906200684073 2.5169239975141333
vt 0.3125 0.375
vt 0.265625 0.375
vt 0.265625 0.03125
vt 0.3125 0.03125
vt 0.359375 0.375
vt 0.3125 0.375
vt 0.3125 0.03125
vt 0.359375 0.03125
vt 0.265625 0.375
vt 0.3125 0.375
vt 0.3125 0.03125
vt 0.265625 0.03125
vt 0.265625 0.375
vt 0.21875 0.375
vt 0.21875 0.03125
vt 0.265625 0.03125
vt 0.265625 0.375
vt 0.3125 0.375
vt 0.3125 0.421875
vt 0.265625 0.421875
vt 0.3125 0.421875
vt 0.359375 0.421875
vt 0.359375 0.375
vt 0.3125 0.375
vn 0.5547817088793725 0.8250393586338759 -0.10736532120701751
vn 0.4769788642061039 -0.2096607420354372 0.8535417601674831
vn -0.5547817088793725 -0.8250393586338759 0.10736532120701751
vn -0.4769788642061039 0.2096607420354372 -0.8535417601674831
vn -0.6816952534626735 0.5247403452700704 0.5098422809578556
vn 0.6816952534626735 -0.5247403452700704 -0.5098422809578556
usemtl m_32106622-412d-50ea-c58d-eafbf6f5adea
f 1596/4780/1195 1599/4779/1195 1597/4778/1195 1594/4777/1195
f 1595/4784/1196 1596/4783/1196 1594/4782/1196 1593/4781/1196
f 1600/4788/1197 1595/4787/1197 1593/4786/1197 1598/4785/1197
f 1599/4792/1198 1600/4791/1198 1598/4790/1198 1597/4789/1198
f 1598/4796/1199 1593/4795/1199 1594/4794/1199 1597/4793/1199
f 1599/4800/1200 1596/4799/1200 1595/4798/1200 1600/4797/1200
o cube
v -0.7779989174174995 0.30613559966415466 3.051482326512639
v -0.7973675318167892 0.4901124530088444 3.0209270616694432
v -1.413434964109677 0.04154915972365669 1.8611714232760823
v -1.4328035785089668 0.2255260130683464 1.8306161584328864
v -0.9625123777990732 0.48746608486159587 3.109676295925957
v -0.9431437633997835 0.30348923151690615 3.140231560769153
v -1.5979484244912507 0.2228796449210979 1.9193653926893992
v -1.578579810091961 0.03890279157640819 1.9499206575325951
vt 0.265625 0.375
vt 0.3125 0.375
vt 0.3125 0.03125
vt 0.265625 0.03125
vt 0.21875 0.375
vt 0.265625 0.375
vt 0.265625 0.03125
vt 0.21875 0.03125
vt 0.3125 0.375
vt 0.265625 0.375
vt 0.265625 0.03125
vt 0.3125 0.03125
vt 0.3125 0.375
vt 0.359375 0.375
vt 0.359375 0.03125
vt 0.3125 0.03125
vt 0.3125 0.375
vt 0.265625 0.375
vt 0.265625 0.421875
vt 0.3125 0.421875
vt 0.359375 0.421875
vt 0.3125 0.421875
vt 0.3125 0.375
vt 0.359375 0.375
vn -0.1032992767962136 0.9812098845050163 -0.16296141249704468
vn 0.8807725119055073 0.014113963451991628 -0.4733292493680685
vn 0.1032992767962136 -0.9812098845050163 0.16296141249704468
vn -0.8807725119055073 -0.014113963451991628 0.4733292493680685
vn 0.4621353066852204 0.19242650177490753 0.8656806568993147
vn -0.4621353066852204 -0.19242650177490753 -0.8656806568993147
usemtl m_32106622-412d-50ea-c58d-eafbf6f5adea
f 1604/4804/1201 1607/4803/1201 1605/4802/1201 1602/4801/1201
f 1603/4808/1202 1604/4807/1202 1602/4806/1202 1601/4805/1202
f 1608/4812/1203 1603/4811/1203 1601/4810/1203 1606/4809/1203
f 1607/4816/1204 1608/4815/1204 1606/4814/1204 1605/4813/1204
f 1606/4820/1205 1601/4819/1205 1602/4818/1205 1605/4817/1205
f 1607/4824/1206 1604/4823/1206 1603/4822/1206 1608/4821/1206
o cube
v -0.5348840399479782 0.14309729307627617 3.5142028251418873
v -0.5055749006381438 0.32704609223697756 3.4927537309826313
v -0.14828486710787114 -0.07033693178673506 2.212046186631578
v -0.11897572779803678 0.11361186737396634 2.1905970924723217
v -0.7422858056165698 0.35601374145994646 3.4177282502258266
v -0.7715949449264041 0.17206494229924507 3.439177344385083
v -0.35568663277646273 0.14257951659693524 2.1155716117155174
v -0.3849957720862971 -0.04136928256376615 2.1370207058747734
vt 0.046875 0.375
vt 0.109375 0.375
vt 0.109375 0.03125
vt 0.046875 0.03125
vt 0.15625 0.375
vt 0.109375 0.375
vt 0.109375 0.03125
vt 0.15625 0.03125
vt 0.046875 0.375
vt 0.109375 0.375
vt 0.109375 0.03125
vt 0.046875 0.03125
vt 0.109375 0.375
vt 0.15625 0.375
vt 0.15625 0.03125
vt 0.109375 0.03125
vt 0.109375 0.375
vt 0.046875 0.375
vt 0.046875 0.421875
vt 0.109375 0.421875
vt 0.171875 0.421875
vt 0.109375 0.421875
vt 0.109375 0.375
vt 0.171875 0.375
vn 0.15631540965245164 0.9810602621904075 -0.11439516884936768
vn 0.9468436199137036 -0.11587059689187545 0.30010192302721844
vn -0.15631540965245164 -0.9810602621904075 0.11439516884936768
vn -0.9468436199137036 0.11587059689187545 -0.30010192302721844
vn -0.2811630347928054 0.15522489080946278 0.9470230098256801
vn 0.2811630347928054 -0.15522489080946278 -0.9470230098256801
usemtl m_32106622-412d-50ea-c58d-eafbf6f5adea
f 1612/4828/1207 1615/4827/1207 1613/4826/1207 1610/4825/1207
f 1611/4832/1208 1612/4831/1208 1610/4830/1208 1609/4829/1208
f 1616/4836/1209 1611/4835/1209 1609/4834/1209 1614/4833/1209
f 1615/4840/1210 1616/4839/1210 1614/4838/1210 1613/4837/1210
f 1614/4844/1211 1609/4843/1211 1610/4842/1211 1613/4841/1211
f 1615/4848/1212 1612/4847/1212 1611/4846/1212 1616/4845/1212
o cube
v -0.07618782642135358 -0.03385333465041329 2.623448925883811
v -0.02733926090496208 0.27272799728408903 2.587700435618384
v 0.029248311625948098 -0.09206266870396163 2.268315297199182
v 0.0780968771423396 0.2145186632305407 2.2325668069337543
v -0.6191165233510265 0.34514712034151107 2.4001367337263724
v -0.667965088867418 0.03856578840700875 2.4358852239917996
v -0.5136803853037248 0.28693778628796274 2.0450031050417428
v -0.5625289508201163 -0.019643545646539584 2.08075159530717
vt 0.53125 0.09375
vt 0.6875 0.09375
vt 0.6875 0
vt 0.53125 0
vt 0.453125 0.09375
vt 0.53125 0.09375
vt 0.53125 0
vt 0.453125 0
vt 0.765625 0.09375
vt 0.921875 0.09375
vt 0.921875 0
vt 0.765625 0
vt 0.53125 0.09375
vt 0.453125 0.09375
vt 0.453125 0
vt 0.53125 0
vt 0.6875 0.09375
vt 0.53125 0.09375
vt 0.53125 0.171875
vt 0.6875 0.171875
vt 0.84375 0.171875
vt 0.6875 0.171875
vt 0.6875 0.09375
vt 0.84375 0.09375
vn 0.15631540965245164 0.9810602621904075 -0.11439516884936768
vn 0.9468436199137036 -0.11587059689187545 0.30010192302721844
vn -0.15631540965245164 -0.9810602621904075 0.11439516884936768
vn -0.9468436199137036 0.11587059689187545 -0.30010192302721844
vn -0.2811630347928054 0.15522489080946278 0.9470230098256801
vn 0.2811630347928054 -0.15522489080946278 -0.9470230098256801
usemtl m_32106622-412d-50ea-c58d-eafbf6f5adea
f 1620/4852/1213 1623/4851/1213 1621/4850/1213 1618/4849/1213
f 1619/4856/1214 1620/4855/1214 1618/4854/1214 1617/4853/1214
f 1624/4860/1215 1619/4859/1215 1617/4858/1215 1622/4857/1215
f 1623/4864/1216 1624/4863/1216 1622/4862/1216 1621/4861/1216
f 1622/4868/1217 1617/4867/1217 1618/4866/1217 1621/4865/1217
f 1623/4872/1218 1620/4871/1218 1619/4870/1218 1624/4869/1218
o cube
v -0.22788237627135022 0.0753234211509417 3.352472553442272
v -0.15949438454840248 0.5045372858592458 3.3024246670706736
v -0.017010100176746867 -0.04109524695615541 2.642205296073012
v 0.05137789154620087 0.38811861775214873 2.592157409701414
v -0.8696270994836821 0.5914402335281526 3.0773482248002595
v -0.9380150912066298 0.16222636881984842 3.127396111171858
v -0.6587548233890788 0.47502156542105545 2.3670809674309994
v -0.7271428151120265 0.04580770071275131 2.417128853802598
vt 0.109375 0.890625
vt 0.296875 0.890625
vt 0.296875 0.703125
vt 0.109375 0.703125
vt 0 0.890625
vt 0.109375 0.890625
vt 0.109375 0.703125
vt 0 0.703125
vt 0.40625 0.890625
vt 0.59375 0.890625
vt 0.59375 0.703125
vt 0.40625 0.703125
vt 0.296875 0.890625
vt 0.40625 0.890625
vt 0.40625 0.703125
vt 0.296875 0.703125
vt 0.296875 0.890625
vt 0.109375 0.890625
vt 0.109375 1
vt 0.296875 1
vt 0.484375 1
vt 0.296875 1
vt 0.296875 0.890625
vt 0.484375 0.890625
vn 0.15631540965245164 0.9810602621904075 -0.11439516884936768
vn 0.9468436199137036 -0.11587059689187545 0.30010192302721844
vn -0.15631540965245164 -0.9810602621904075 0.11439516884936768
vn -0.9468436199137036 0.11587059689187545 -0.30010192302721844
vn -0.2811630347928054 0.15522489080946278 0.9470230098256801
vn 0.2811630347928054 -0.15522489080946278 -0.9470230098256801
usemtl m_32106622-412d-50ea-c58d-eafbf6f5adea
f 1628/4876/1219 1631/4875/1219 1629/4874/1219 1626/4873/1219
f 1627/4880/1220 1628/4879/1220 1626/4878/1220 1625/4877/1220
f 1632/4884/1221 1627/4883/1221 1625/4882/1221 1630/4881/1221
f 1631/4888/1222 1632/4887/1222 1630/4886/1222 1629/4885/1222
f 1630/4892/1223 1625/4891/1223 1626/4890/1223 1629/4889/1223
f 1631/4896/1224 1628/4895/1224 1627/4894/1224 1632/4893/1224
o cube
v -1.982318240559671 1.9839229600196753 1.7235396149343736
v -2.0385788423393905 2.1034277161099943 1.8566170659137828
v -2.4930090624950667 0.9342809856859263 2.4502249733307675
v -2.549269664274786 1.0537857417762455 2.583302424310177
v -1.8189172327443384 2.077170574530504 1.9730616440880606
v -1.762656630964619 1.957665818440185 1.8399841931086514
v -2.329608054679734 1.0275286001967552 2.6997470024844548
v -2.2733474529000146 0.9080238441064359 2.5666695515050453
vt 0.046875 0.375
vt 0.109375 0.375
vt 0.109375 0.03125
vt 0.046875 0.03125
vt 0.15625 0.375
vt 0.109375 0.375
vt 0.109375 0.03125
vt 0.15625 0.03125
vt 0.046875 0.375
vt 0.109375 0.375
vt 0.109375 0.03125
vt 0.046875 0.03125
vt 0.109375 0.375
vt 0.15625 0.375
vt 0.15625 0.03125
vt 0.109375 0.03125
vt 0.109375 0.375
vt 0.046875 0.375
vt 0.046875 0.421875
vt 0.109375 0.421875
vt 0.171875 0.421875
vt 0.109375 0.421875
vt 0.109375 0.375
vt 0.171875 0.375
vn -0.30005654282517186 0.637358699148369 0.7097464052235168
vn -0.8786464383802084 0.10502856631796183 -0.46577831269711134
vn 0.30005654282517186 -0.637358699148369 -0.7097464052235168
vn 0.8786464383802084 -0.10502856631796183 0.46577831269711134
vn 0.37141150686210644 0.7633759813336364 -0.5284984424701052
vn -0.37141150686210644 -0.7633759813336364 0.5284984424701052
usemtl m_32106622-412d-50ea-c58d-eafbf6f5adea
f 1636/4900/1225 1639/4899/1225 1637/4898/1225 1634/4897/1225
f 1635/4904/1226 1636/4903/1226 1634/4902/1226 1633/4901/1226
f 1640/4908/1227 1635/4907/1227 1633/4906/1227 1638/4905/1227
f 1639/4912/1228 1640/4911/1228 1638/4910/1228 1637/4909/1228
f 1638/4916/1229 1633/4915/1229 1634/4914/1229 1637/4913/1229
f 1639/4920/1230 1636/4919/1230 1635/4918/1230 1640/4917/1230
o cube
v -2.518475954618066 1.2402398348706571 2.164704623773771
v -2.612243624250932 1.4394144283545225 2.3865003754061194
v -2.6577552696913553 0.9539738418705442 2.362891539700059
v -2.7515229393242215 1.1531484353544095 2.5846872913324086
v -2.063089600263303 1.3737715744057961 2.677611820841814
v -1.9693219306304366 1.1745969809219308 2.4558160692094653
v -2.202368915336592 1.0875055814056833 2.875798736768103
v -2.108601245703726 0.8883309879218181 2.6540029851357536
vt 0.53125 0.09375
vt 0.6875 0.09375
vt 0.6875 0
vt 0.53125 0
vt 0.453125 0.09375
vt 0.53125 0.09375
vt 0.53125 0
vt 0.453125 0
vt 0.765625 0.09375
vt 0.921875 0.09375
vt 0.921875 0
vt 0.765625 0
vt 0.53125 0.09375
vt 0.453125 0.09375
vt 0.453125 0
vt 0.53125 0
vt 0.6875 0.09375
vt 0.53125 0.09375
vt 0.53125 0.171875
vt 0.6875 0.171875
vt 0.84375 0.171875
vt 0.6875 0.171875
vt 0.6875 0.09375
vt 0.84375 0.09375
vn -0.30005654282517186 0.637358699148369 0.7097464052235168
vn -0.8786464383802084 0.10502856631796183 -0.46577831269711134
vn 0.30005654282517186 -0.637358699148369 -0.7097464052235168
vn 0.8786464383802084 -0.10502856631796183 0.46577831269711134
vn 0.37141150686210644 0.7633759813336364 -0.5284984424701052
vn -0.37141150686210644 -0.7633759813336364 0.5284984424701052
usemtl m_32106622-412d-50ea-c58d-eafbf6f5adea
f 1644/4924/1231 1647/4923/1231 1645/4922/1231 1642/4921/1231
f 1643/4928/1232 1644/4927/1232 1642/4926/1232 1641/4925/1232
f 1648/4932/1233 1643/4931/1233 1641/4930/1233 1646/4929/1233
f 1647/4936/1234 1648/4935/1234 1646/4934/1234 1645/4933/1234
f 1646/4940/1235 1641/4939/1235 1642/4938/1235 1645/4937/1235
f 1647/4944/1236 1644/4943/1236 1643/4942/1236 1648/4941/1236
o cube
v -2.2948327268702498 1.8193361062657567 1.7392196473776222
v -2.426107464356263 2.0981805371431683 2.0497336996629114
v -2.5733913570168294 1.2468041202655298 2.1355934792302014
v -2.7046660945028425 1.5256485511429416 2.4461075315154903
v -1.7671226355711047 2.0194091124046967 2.3990674341857456
v -1.6358478980850917 1.740564681527285 2.0885533819004563
v -2.0456812657176844 1.44687712640447 2.7954412660383245
v -1.9144065282316713 1.1680326955270581 2.4849272137530356
vt 0.109375 0.890625
vt 0.296875 0.890625
vt 0.296875 0.703125
vt 0.109375 0.703125
vt 0 0.890625
vt 0.109375 0.890625
vt 0.109375 0.703125
vt 0 0.703125
vt 0.40625 0.890625
vt 0.59375 0.890625
vt 0.59375 0.703125
vt 0.40625 0.703125
vt 0.296875 0.890625
vt 0.40625 0.890625
vt 0.40625 0.703125
vt 0.296875 0.703125
vt 0.296875 0.890625
vt 0.109375 0.890625
vt 0.109375 1
vt 0.296875 1
vt 0.484375 1
vt 0.296875 1
vt 0.296875 0.890625
vt 0.484375 0.890625
vn -0.30005654282517186 0.637358699148369 0.7097464052235168
vn -0.8786464383802084 0.10502856631796183 -0.46577831269711134
vn 0.30005654282517186 -0.637358699148369 -0.7097464052235168
vn 0.8786464383802084 -0.10502856631796183 0.46577831269711134
vn 0.37141150686210644 0.7633759813336364 -0.5284984424701052
vn -0.37141150686210644 -0.7633759813336364 0.5284984424701052
usemtl m_32106622-412d-50ea-c58d-eafbf6f5adea
f 1652/4948/1237 1655/4947/1237 1653/4946/1237 1650/4945/1237
f 1651/4952/1238 1652/4951/1238 1650/4950/1238 1649/4949/1238
f 1656/4956/1239 1651/4955/1239 1649/4954/1239 1654/4953/1239
f 1655/4960/1240 1656/4959/1240 1654/4958/1240 1653/4957/1240
f 1654/4964/1241 1649/4963/1241 1650/4962/1241 1653/4961/1241
f 1655/4968/1242 1652/4967/1242 1651/4966/1242 1656/4965/1242
o cube
v -0.9217998066559572 1.7394077539038844 2.6364289228419167
v -1.0788364961226087 1.9652363091213745 3.12708887821808
v -1.0697343211469095 1.229987406982257 2.8235453025754165
v -1.226771010613561 1.455815962199747 3.31420525795158
v -0.5016347452465206 1.8799001995699844 3.3510997868636467
v -0.34459805577986913 1.6540716443524943 2.8604398314874833
v -0.6495692597374729 1.370479852648357 3.5382161665971466
v -0.4925325702708214 1.144651297430867 3.047556211220983
vt 0.140625 0.5625
vt 0.296875 0.5625
vt 0.296875 0.421875
vt 0.140625 0.421875
vt 0 0.5625
vt 0.140625 0.5625
vt 0.140625 0.421875
vt 0 0.421875
vt 0.4375 0.5625
vt 0.59375 0.5625
vt 0.59375 0.421875
vt 0.4375 0.421875
vt 0.296875 0.5625
vt 0.4375 0.5625
vt 0.4375 0.421875
vt 0.296875 0.421875
vt 0.296875 0.5625
vt 0.140625 0.5625
vt 0.140625 0.703125
vt 0.296875 0.703125
vt 0.453125 0.703125
vt 0.296875 0.703125
vt 0.296875 0.5625
vt 0.453125 0.5625
vn -0.27917633682960097 0.4014729870533141 0.872284365113175
vn -0.9235228014017398 0.13653777528222388 -0.3584174538329064
vn 0.27917633682960097 -0.4014729870533141 -0.872284365113175
vn 0.9235228014017398 -0.13653777528222388 0.3584174538329064
vn 0.2629946924283603 0.905636172305121 -0.3326513417484462
vn -0.2629946924283603 -0.905636172305121 0.3326513417484462
usemtl m_32106622-412d-50ea-c58d-eafbf6f5adea
f 1660/4972/1243 1663/4971/1243 1661/4970/1243 1658/4969/1243
f 1659/4976/1244 1660/4975/1244 1658/4974/1244 1657/4973/1244
f 1664/4980/1245 1659/4979/1245 1657/4978/1245 1662/4977/1245
f 1663/4984/1246 1664/4983/1246 1662/4982/1246 1661/4981/1246
f 1662/4988/1247 1657/4987/1247 1658/4986/1247 1661/4985/1247
f 1663/4992/1248 1660/4991/1248 1659/4990/1248 1664/4989/1248
o cube
v -1.0415365762309419 1.33838049352614 3.140936348402398
v -1.1113306604383428 1.4387487402894694 3.3590074396806933
v -1.1072852493380312 1.1119714504498601 3.2240991838395097
v -1.1770793335454321 1.2123396972131892 3.442170275117805
v -0.7650096099126902 1.3875470745586356 3.493413984868033
v -0.6952155257052892 1.2871788277953062 3.2753428935897375
v -0.8307582830197795 1.1611380314823554 3.576576820305145
v -0.7609641988123785 1.0607697847190263 3.358505729026849
vt 0.65625 0.9375
vt 0.75 0.9375
vt 0.75 0.875
vt 0.65625 0.875
vt 0.59375 0.9375
vt 0.65625 0.9375
vt 0.65625 0.875
vt 0.59375 0.875
vt 0.8125 0.9375
vt 0.90625 0.9375
vt 0.90625 0.875
vt 0.8125 0.875
vt 0.75 0.9375
vt 0.8125 0.9375
vt 0.8125 0.875
vt 0.75 0.875
vt 0.75 0.9375
vt 0.65625 0.9375
vt 0.65625 1
vt 0.75 1
vt 0.84375 1
vt 0.75 1
vt 0.75 0.9375
vt 0.84375 0.9375
vn -0.27917633682960097 0.4014729870533141 0.872284365113175
vn -0.9235228014017398 0.13653777528222388 -0.3584174538329064
vn 0.27917633682960097 -0.4014729870533141 -0.872284365113175
vn 0.9235228014017398 -0.13653777528222388 0.3584174538329064
vn 0.2629946924283603 0.905636172305121 -0.3326513417484462
vn -0.2629946924283603 -0.905636172305121 0.3326513417484462
usemtl m_32106622-412d-50ea-c58d-eafbf6f5adea
f 1668/4996/1249 1671/4995/1249 1669/4994/1249 1666/4993/1249
f 1667/5000/1250 1668/4999/1250 1666/4998/1250 1665/4997/1250
f 1672/5004/1251 1667/5003/1251 1665/5002/1251 1670/5001/1251
f 1671/5008/1252 1672/5007/1252 1670/5006/1252 1669/5005/1252
f 1670/5012/1253 1665/5011/1253 1666/5010/1253 1669/5009/1253
f 1671/5016/1254 1668/5015/1254 1667/5014/1254 1672/5013/1254
o cube
v -0.3909928923737924 1.1394146198274968 2.576902123563836
v -0.3504074742457295 1.0095183145084579 2.447921412991157
v 0.13956105539684316 0.3329368976847662 3.5560503208212624
v 0.1801464735249061 0.20304059236572725 3.4270696102485827
v -0.5185586035886693 0.9308489587443645 2.4742383308265783
v -0.5591440217167323 1.0607452640634034 2.603219041399258
v 0.011995344181966239 0.12437123660163385 3.453386528084005
v -0.028590073946096695 0.2542675419206728 3.5823672386566843
vt 0.3125 0.375
vt 0.265625 0.375
vt 0.265625 0.03125
vt 0.3125 0.03125
vt 0.3125 0.375
vt 0.359375 0.375
vt 0.359375 0.03125
vt 0.3125 0.03125
vt 0.265625 0.375
vt 0.3125 0.375
vt 0.3125 0.03125
vt 0.265625 0.03125
vt 0.21875 0.375
vt 0.265625 0.375
vt 0.265625 0.03125
vt 0.21875 0.03125
vt 0.265625 0.421875
vt 0.3125 0.421875
vt 0.3125 0.375
vt 0.265625 0.375
vt 0.3125 0.375
vt 0.359375 0.375
vt 0.359375 0.421875
vt 0.3125 0.421875
vn 0.2164555633496706 -0.6927802950348739 -0.6878971230542906
vn 0.8968060231623463 0.41956989740849954 -0.1403568951222504
vn -0.2164555633496706 0.6927802950348739 0.6878971230542906
vn -0.8968060231623463 -0.41956989740849954 0.1403568951222504
vn -0.38585741656046246 0.58652925246744 -0.7121077798235824
vn 0.38585741656046246 -0.58652925246744 0.7121077798235824
usemtl m_32106622-412d-50ea-c58d-eafbf6f5adea
f 1676/5020/1255 1679/5019/1255 1677/5018/1255 1674/5017/1255
f 1675/5024/1256 1676/5023/1256 1674/5022/1256 1673/5021/1256
f 1680/5028/1257 1675/5027/1257 1673/5026/1257 1678/5025/1257
f 1679/5032/1258 1680/5031/1258 1678/5030/1258 1677/5029/1258
f 1678/5036/1259 1673/5035/1259 1674/5034/1259 1677/5033/1259
f 1679/5040/1260 1676/5039/1260 1675/5038/1260 1680/5037/1260
o cube
v -0.6302468164484107 1.4031108824243468 2.9206063472261983
v -0.5869578839576262 1.4780895129038045 2.7542918160052814
v -1.2400667642584384 0.34687174934837817 2.2857020040280265
v -1.1967778317676538 0.4218503798278359 2.1193874728071096
v -0.8034642349037355 1.6030895129038045 2.7542918160052814
v -0.8467531673945201 1.5281108824243468 2.9206063472261983
v -1.4132841827137632 0.5468503798278359 2.1193874728071096
v -1.4565731152045478 0.47187174934837817 2.2857020040280265
vt 0.109375 0.375
vt 0.046875 0.375
vt 0.046875 0.03125
vt 0.109375 0.03125
vt 0.109375 0.375
vt 0.15625 0.375
vt 0.15625 0.03125
vt 0.109375 0.03125
vt 0.109375 0.375
vt 0.046875 0.375
vt 0.046875 0.03125
vt 0.109375 0.03125
vt 0.15625 0.375
vt 0.109375 0.375
vt 0.109375 0.03125
vt 0.15625 0.03125
vt 0.109375 0.421875
vt 0.046875 0.421875
vt 0.046875 0.375
vt 0.109375 0.375
vt 0.171875 0.375
vt 0.109375 0.375
vt 0.109375 0.421875
vt 0.171875 0.421875
vn 0.23087430661751687 0.399886029223775 -0.8870108331782218
vn 0.8660254037844387 -0.4999999999999999 -8.326672684688674e-17
vn -0.23087430661751687 -0.399886029223775 0.8870108331782218
vn -0.8660254037844387 0.4999999999999999 8.326672684688674e-17
vn 0.4435054165891108 0.7681739149643408 0.46174861323503386
vn -0.4435054165891108 -0.7681739149643408 -0.46174861323503386
usemtl m_32106622-412d-50ea-c58d-eafbf6f5adea
f 1684/5044/1261 1687/5043/1261 1685/5042/1261 1682/5041/1261
f 1683/5048/1262 1684/5047/1262 1682/5046/1262 1681/5045/1262
f 1688/5052/1263 1683/5051/1263 1681/5050/1263 1686/5049/1263
f 1687/5056/1264 1688/5055/1264 1686/5054/1264 1685/5053/1264
f 1686/5060/1265 1681/5059/1265 1682/5058/1265 1685/5057/1265
f 1687/5064/1266 1684/5063/1266 1683/5062/1266 1688/5061/1266
o cube
v -0.9402317581551283 0.49120121380703363 2.5697340881384423
v -0.8680835373371543 0.6161655979394638 2.292543202770247
v -1.1065462893760447 0.20313599569540575 2.3965783581753044
v -1.0343980685580707 0.3281003798278359 2.1193874728071096
v -1.4093494147024286 0.9286655979394629 2.292543202770247
v -1.4814976355204026 0.8037012138070327 2.5697340881384423
v -1.5756639459233446 0.640600379827835 2.1193874728071096
v -1.6478121667413186 0.5156359956954049 2.396578358175305
vt 0.921875 0.09375
vt 0.765625 0.09375
vt 0.765625 0
vt 0.921875 0
vt 0.53125 0.09375
vt 0.453125 0.09375
vt 0.453125 0
vt 0.53125 0
vt 0.6875 0.09375
vt 0.53125 0.09375
vt 0.53125 0
vt 0.6875 0
vt 0.453125 0.09375
vt 0.53125 0.09375
vt 0.53125 0
vt 0.453125 0
vt 0.6875 0.171875
vt 0.53125 0.171875
vt 0.53125 0.09375
vt 0.6875 0.09375
vt 0.84375 0.09375
vt 0.6875 0.09375
vt 0.6875 0.171875
vt 0.84375 0.171875
vn 0.23087430661751687 0.399886029223775 -0.8870108331782218
vn 0.8660254037844387 -0.4999999999999999 -8.326672684688674e-17
vn -0.23087430661751687 -0.399886029223775 0.8870108331782218
vn -0.8660254037844387 0.4999999999999999 8.326672684688674e-17
vn 0.4435054165891108 0.7681739149643408 0.46174861323503386
vn -0.4435054165891108 -0.7681739149643408 -0.46174861323503386
usemtl m_32106622-412d-50ea-c58d-eafbf6f5adea
f 1692/5068/1267 1695/5067/1267 1693/5066/1267 1690/5065/1267
f 1691/5072/1268 1692/5071/1268 1690/5070/1268 1689/5069/1268
f 1696/5076/1269 1691/5075/1269 1689/5074/1269 1694/5073/1269
f 1695/5080/1270 1696/5079/1270 1694/5078/1270 1693/5077/1270
f 1694/5084/1271 1689/5083/1271 1690/5082/1271 1693/5081/1271
f 1695/5088/1272 1692/5087/1272 1691/5086/1272 1696/5085/1272
o cube
v -0.5823353963039564 0.9860958963773179 3.026921902211997
v -0.4813278871587925 1.1610460341627205 2.6388546626965232
v -0.9149644587457901 0.4099654601540612 2.6806104422857207
v -0.8139569496006263 0.5849155979394638 2.292543202770247
v -1.1308469399971215 1.5360460341627196 2.6388546626965232
v -1.2318544491422854 1.361095896377317 3.026921902211997
v -1.4634760024389548 0.9599155979394629 2.292543202770247
v -1.5644835115841191 0.7849654601540603 2.6806104422857207
vt 0.109375 0.890625
vt 0.296875 0.890625
vt 0.296875 0.703125
vt 0.109375 0.703125
vt 0 0.890625
vt 0.109375 0.890625
vt 0.109375 0.703125
vt 0 0.703125
vt 0.40625 0.890625
vt 0.59375 0.890625
vt 0.59375 0.703125
vt 0.40625 0.703125
vt 0.296875 0.890625
vt 0.40625 0.890625
vt 0.40625 0.703125
vt 0.296875 0.703125
vt 0.296875 0.890625
vt 0.109375 0.890625
vt 0.109375 1
vt 0.296875 1
vt 0.484375 1
vt 0.296875 1
vt 0.296875 0.890625
vt 0.484375 0.890625
vn 0.23087430661751687 0.399886029223775 -0.8870108331782218
vn 0.8660254037844387 -0.4999999999999999 -8.326672684688674e-17
vn -0.23087430661751687 -0.399886029223775 0.8870108331782218
vn -0.8660254037844387 0.4999999999999999 8.326672684688674e-17
vn 0.4435054165891108 0.7681739149643408 0.46174861323503386
vn -0.4435054165891108 -0.7681739149643408 -0.46174861323503386
usemtl m_32106622-412d-50ea-c58d-eafbf6f5adea
f 1700/5092/1273 1703/5091/1273 1701/5090/1273 1698/5089/1273
f 1699/5096/1274 1700/5095/1274 1698/5094/1274 1697/5093/1274
f 1704/5100/1275 1699/5099/1275 1697/5098/1275 1702/5097/1275
f 1703/5104/1276 1704/5103/1276 1702/5102/1276 1701/5101/1276
f 1702/5108/1277 1697/5107/1277 1698/5106/1277 1701/5105/1277
f 1703/5112/1278 1700/5111/1278 1699/5110/1278 1704/5109/1278
o cube
v 2.4085095036359476 0.599413790809172 3.288602938572548
v 2.3929386130163195 0.039737296478060125 3.3426956280836952
v 2.1348408083526795 0.5596855667485165 2.7987730053968183
v 2.1192699177330514 0.000009072417404665245 2.8528656949079654
v 2.9387071193021015 -0.004569990582833805 3.0413675645716993
v 2.9542780099217296 0.5551065037482781 2.9872748750605522
v 2.6650384240188334 -0.044298214643489264 2.5515376313959695
v 2.6806093146384615 0.5153782796876226 2.4974449418848224
vt 0.140625 0.5625
vt 0.296875 0.5625
vt 0.296875 0.421875
vt 0.140625 0.421875
vt 0 0.5625
vt 0.140625 0.5625
vt 0.140625 0.421875
vt 0 0.421875
vt 0.4375 0.5625
vt 0.59375 0.5625
vt 0.59375 0.421875
vt 0.4375 0.421875
vt 0.296875 0.5625
vt 0.4375 0.5625
vt 0.4375 0.421875
vt 0.296875 0.421875
vt 0.296875 0.5625
vt 0.140625 0.5625
vt 0.140625 0.703125
vt 0.296875 0.703125
vt 0.453125 0.703125
vt 0.296875 0.703125
vt 0.296875 0.5625
vt 0.453125 0.5625
vn -0.02768158332378312 -0.9949804343664198 0.09616478135315025
vn -0.8732296100572515 0.07089165929743028 0.48212490161919397
vn 0.02768158332378312 0.9949804343664198 -0.09616478135315025
vn 0.8732296100572515 -0.07089165929743028 -0.48212490161919397
vn 0.4865221249480322 0.07062795388560977 0.8708087700901866
vn -0.4865221249480322 -0.07062795388560977 -0.8708087700901866
usemtl m_32106622-412d-50ea-c58d-eafbf6f5adea
f 1708/5116/1279 1711/5115/1279 1709/5114/1279 1706/5113/1279
f 1707/5120/1280 1708/5119/1280 1706/5118/1280 1705/5117/1280
f 1712/5124/1281 1707/5123/1281 1705/5122/1281 1710/5121/1281
f 1711/5128/1282 1712/5127/1282 1710/5126/1282 1709/5125/1282
f 1710/5132/1283 1705/5131/1283 1706/5130/1283 1709/5129/1283
f 1711/5136/1284 1708/5135/1284 1707/5134/1284 1712/5133/1284
o cube
v 2.2353440148211536 0.23989272359683167 2.7685588868672784
v 2.228423618990208 -0.008852384994774143 2.792600082205566
v 2.113713483584146 0.2222357351254292 2.5508566943447315
v 2.1067930877532 -0.026509373466176545 2.5748978896830192
v 2.555884722761677 -0.035436757231310456 2.6118032440983687
v 2.562805118592623 0.21330835136029536 2.587762048760081
v 2.434254191524669 -0.05309374570271297 2.394101051575822
v 2.441174587355615 0.19565136288889295 2.370059856237534
vt 0.65625 0.9375
vt 0.75 0.9375
vt 0.75 0.875
vt 0.65625 0.875
vt 0.59375 0.9375
vt 0.65625 0.9375
vt 0.65625 0.875
vt 0.59375 0.875
vt 0.8125 0.9375
vt 0.90625 0.9375
vt 0.90625 0.875
vt 0.8125 0.875
vt 0.75 0.9375
vt 0.8125 0.9375
vt 0.8125 0.875
vt 0.75 0.875
vt 0.75 0.9375
vt 0.65625 0.9375
vt 0.65625 1
vt 0.75 1
vt 0.84375 1
vt 0.75 1
vt 0.75 0.9375
vt 0.84375 0.9375
vn -0.02768158332378312 -0.9949804343664198 0.09616478135315025
vn -0.8732296100572515 0.07089165929743028 0.48212490161919397
vn 0.02768158332378312 0.9949804343664198 -0.09616478135315025
vn 0.8732296100572515 -0.07089165929743028 -0.48212490161919397
vn 0.4865221249480322 0.07062795388560977 0.8708087700901866
vn -0.4865221249480322 -0.07062795388560977 -0.8708087700901866
usemtl m_32106622-412d-50ea-c58d-eafbf6f5adea
f 1716/5140/1285 1719/5139/1285 1717/5138/1285 1714/5137/1285
f 1715/5144/1286 1716/5143/1286 1714/5142/1286 1713/5141/1286
f 1720/5148/1287 1715/5147/1287 1713/5146/1287 1718/5145/1287
f 1719/5152/1288 1720/5151/1288 1718/5150/1288 1717/5149/1288
f 1718/5156/1289 1713/5155/1289 1714/5154/1289 1717/5153/1289
f 1719/5160/1290 1716/5159/1290 1715/5158/1290 1720/5157/1290
o cube
v 2.2354280180807073 0.12871596554629283 2.10371349113759
v 2.197539699303364 0.28341084529014493 2.0047679531823004
v 1.3822793348962215 -0.592802009200049 1.3023558078908932
v 1.3443910161188786 -0.4381071294561969 1.2034102699356035
v 2.055461943232567 0.3227222344217897 2.1206332884402075
v 2.09335026200991 0.1680273546779376 2.219578826395497
v 1.202313260048081 -0.3987957403245521 1.3192756051935106
v 1.240201578825424 -0.5534906200684042 1.4182211431488003
vt 0.3125 0.375
vt 0.265625 0.375
vt 0.265625 0.03125
vt 0.3125 0.03125
vt 0.359375 0.375
vt 0.3125 0.375
vt 0.3125 0.03125
vt 0.359375 0.03125
vt 0.265625 0.375
vt 0.3125 0.375
vt 0.3125 0.03125
vt 0.265625 0.03125
vt 0.265625 0.375
vt 0.21875 0.375
vt 0.21875 0.03125
vt 0.265625 0.03125
vt 0.265625 0.375
vt 0.3125 0.375
vt 0.3125 0.421875
vt 0.265625 0.421875
vt 0.3125 0.421875
vt 0.359375 0.421875
vt 0.359375 0.375
vt 0.3125 0.375
vn -0.20207103347916322 0.8250393586338773 -0.5277095357615429
vn 0.7577480323775898 -0.20966074203543908 -0.6179484547088375
vn 0.20207103347916322 -0.8250393586338773 0.5277095357615429
vn -0.7577480323775898 0.20966074203543908 0.6179484547088375
vn 0.6204717695887171 0.5247403452700671 0.58280558781578
vn -0.6204717695887171 -0.5247403452700671 -0.58280558781578
usemtl m_32106622-412d-50ea-c58d-eafbf6f5adea
f 1724/5164/1291 1727/5163/1291 1725/5162/1291 1722/5161/1291
f 1723/5168/1292 1724/5167/1292 1722/5166/1292 1721/5165/1292
f 1728/5172/1293 1723/5171/1293 1721/5170/1293 1726/5169/1293
f 1727/5176/1294 1728/5175/1294 1726/5174/1294 1725/5173/1294
f 1726/5180/1295 1721/5179/1295 1722/5178/1295 1725/5177/1295
f 1727/5184/1296 1724/5183/1296 1723/5182/1296 1728/5181/1296
o cube
v 2.426526985558401 0.14309729307627284 2.4031069784972963
v 2.4003142727051383 0.32704609223697445 2.3779677069842173
v 1.0770207904659048 -0.07033693178673328 2.248498243090465
v 1.0508080776126418 0.11361186737396811 2.2233589715773863
v 2.3675330148657627 0.3560137414599429 2.6241104794415118
v 2.3937457277190255 0.1720649422992413 2.6492497509545907
v 1.0180268197732667 0.1425795165969368 2.4695017440346807
v 1.0442395326265297 -0.04136928256376471 2.4946410155477596
vt 0.046875 0.375
vt 0.109375 0.375
vt 0.109375 0.03125
vt 0.046875 0.03125
vt 0.15625 0.375
vt 0.109375 0.375
vt 0.109375 0.03125
vt 0.15625 0.03125
vt 0.046875 0.375
vt 0.109375 0.375
vt 0.109375 0.03125
vt 0.046875 0.03125
vt 0.109375 0.375
vt 0.15625 0.375
vt 0.15625 0.03125
vt 0.109375 0.03125
vt 0.109375 0.375
vt 0.046875 0.375
vt 0.046875 0.421875
vt 0.109375 0.421875
vt 0.171875 0.421875
vt 0.109375 0.421875
vt 0.109375 0.375
vt 0.171875 0.375
vn -0.13980113521740245 0.9810602621904082 -0.13407611473641862
vn 0.13112503135750125 -0.11587059689187448 -0.9845710898291778
vn 0.13980113521740245 -0.9810602621904082 0.13407611473641862
vn -0.13112503135750125 0.11587059689187448 0.9845710898291778
vn 0.9814590509763613 0.15522489080945895 0.11244271665951361
vn -0.9814590509763613 -0.15522489080945895 -0.11244271665951361
usemtl m_32106622-412d-50ea-c58d-eafbf6f5adea
f 1732/5188/1297 1735/5187/1297 1733/5186/1297 1730/5185/1297
f 1731/5192/1298 1732/5191/1298 1730/5190/1298 1729/5189/1298
f 1736/5196/1299 1731/5195/1299 1729/5194/1299 1734/5193/1299
f 1735/5200/1300 1736/5199/1300 1734/5198/1300 1733/5197/1300
f 1734/5204/1301 1729/5203/1301 1730/5202/1301 1733/5201/1301
f 1735/5208/1302 1732/5207/1302 1731/5206/1302 1736/5205/1302
o cube
v 1.469653877961571 -0.033853334650412736 2.1060571824948116
v 1.4259660232061329 0.2727279972840899 2.0641583966396806
v 1.1016067338454363 -0.09206266870395974 2.063891163747494
v 1.057918879089998 0.2145186632305427 2.021992377892363
v 1.3440128786076944 0.3451471203415113 2.679515327782917
v 1.3877007333631326 0.03856578840700875 2.721414113638048
v 0.97596573449156 0.2869377862879643 2.6373493090355997
v 1.0196535892469982 -0.019643545646538252 2.6792480948907307
vt 0.53125 0.09375
vt 0.6875 0.09375
vt 0.6875 0
vt 0.53125 0
vt 0.453125 0.09375
vt 0.53125 0.09375
vt 0.53125 0
vt 0.453125 0
vt 0.765625 0.09375
vt 0.921875 0.09375
vt 0.921875 0
vt 0.765625 0
vt 0.53125 0.09375
vt 0.453125 0.09375
vt 0.453125 0
vt 0.53125 0
vt 0.6875 0.09375
vt 0.53125 0.09375
vt 0.53125 0.171875
vt 0.6875 0.171875
vt 0.84375 0.171875
vt 0.6875 0.171875
vt 0.6875 0.09375
vt 0.84375 0.09375
vn -0.13980113521740245 0.9810602621904082 -0.13407611473641862
vn 0.13112503135750125 -0.11587059689187448 -0.9845710898291778
vn 0.13980113521740245 -0.9810602621904082 0.13407611473641862
vn -0.13112503135750125 0.11587059689187448 0.9845710898291778
vn 0.9814590509763613 0.15522489080945895 0.11244271665951361
vn -0.9814590509763613 -0.15522489080945895 -0.11244271665951361
usemtl m_32106622-412d-50ea-c58d-eafbf6f5adea
f 1740/5212/1303 1743/5211/1303 1741/5210/1303 1738/5209/1303
f 1739/5216/1304 1740/5215/1304 1738/5214/1304 1737/5213/1304
f 1744/5220/1305 1739/5219/1305 1737/5218/1305 1742/5217/1305
f 1743/5224/1306 1744/5223/1306 1742/5222/1306 1741/5221/1306
f 1742/5228/1307 1737/5227/1307 1738/5226/1307 1741/5225/1307
f 1743/5232/1308 1740/5231/1308 1739/5230/1308 1744/5229/1308
o cube
v 2.2139434806536857 0.07532342115093926 2.128853526875124
v 2.152780483996072 0.5045372858592436 2.070195226677941
v 1.4778491924214148 -0.04109524695615485 2.044521489380488
v 1.416686195763801 0.3881186177521496 1.9858631891833052
v 2.0544367104779457 0.5914402335281497 2.808623544049826
v 2.1155997071355594 0.1622263688198453 2.867281844247009
v 1.3183424222456748 0.47502156542105545 2.7242915065551903
v 1.3795054189032885 0.04580770071275109 2.7829498067523732
vt 0.109375 0.890625
vt 0.296875 0.890625
vt 0.296875 0.703125
vt 0.109375 0.703125
vt 0 0.890625
vt 0.109375 0.890625
vt 0.109375 0.703125
vt 0 0.703125
vt 0.40625 0.890625
vt 0.59375 0.890625
vt 0.59375 0.703125
vt 0.40625 0.703125
vt 0.296875 0.890625
vt 0.40625 0.890625
vt 0.40625 0.703125
vt 0.296875 0.703125
vt 0.296875 0.890625
vt 0.109375 0.890625
vt 0.109375 1
vt 0.296875 1
vt 0.484375 1
vt 0.296875 1
vt 0.296875 0.890625
vt 0.484375 0.890625
vn -0.13980113521740245 0.9810602621904082 -0.13407611473641862
vn 0.13112503135750125 -0.11587059689187448 -0.9845710898291778
vn 0.13980113521740245 -0.9810602621904082 0.13407611473641862
vn -0.13112503135750125 0.11587059689187448 0.9845710898291778
vn 0.9814590509763613 0.15522489080945895 0.11244271665951361
vn -0.9814590509763613 -0.15522489080945895 -0.11244271665951361
usemtl m_32106622-412d-50ea-c58d-eafbf6f5adea
f 1748/5236/1309 1751/5235/1309 1749/5234/1309 1746/5233/1309
f 1747/5240/1310 1748/5239/1310 1746/5238/1310 1745/5237/1310
f 1752/5244/1311 1747/5243/1311 1745/5242/1311 1750/5241/1311
f 1751/5248/1312 1752/5247/1312 1750/5246/1312 1749/5245/1312
f 1750/5252/1313 1745/5251/1313 1746/5250/1313 1749/5249/1313
f 1751/5256/1314 1748/5255/1314 1747/5254/1314 1752/5253/1314
o cube
v -0.16732401814139575 1.7421355367823068 4.018848776218746
v 0.11197754215034639 1.2560270848867292 4.0646249863532855
v -0.17326247289211238 1.6860207992882477 3.4591862698891314
v 0.10603908739962886 1.19991234739267 3.5049624800236696
v 0.6544474573129362 1.5642597195575547 4.027963916164692
v 0.37514589702119494 2.0503681714531323 3.982187706030154
v 0.6485090025622204 1.5081449820634956 3.468301409835077
v 0.3692074422704783 1.9942534339590732 3.4225251997005386
vt 0.140625 0.5625
vt 0.296875 0.5625
vt 0.296875 0.421875
vt 0.140625 0.421875
vt 0 0.5625
vt 0.140625 0.5625
vt 0.140625 0.421875
vt 0 0.421875
vt 0.4375 0.5625
vt 0.59375 0.5625
vt 0.59375 0.421875
vt 0.4375 0.421875
vt 0.296875 0.5625
vt 0.4375 0.5625
vt 0.4375 0.421875
vt 0.296875 0.421875
vt 0.296875 0.5625
vt 0.140625 0.5625
vt 0.140625 0.703125
vt 0.296875 0.703125
vt 0.453125 0.703125
vt 0.296875 0.703125
vt 0.296875 0.5625
vt 0.453125 0.5625
vn 0.4965361071853202 -0.8641928033699188 0.08137992912806791
vn -0.8679518642601454 -0.4931722154733212 0.05865771230174854
vn -0.4965361071853202 0.8641928033699188 -0.08137992912806791
vn 0.8679518642601454 0.4931722154733212 -0.05865771230174854
vn 0.010557252890163231 0.09975953332277177 0.9949555668082048
vn -0.010557252890163231 -0.09975953332277177 -0.9949555668082048
usemtl m_32106622-412d-50ea-c58d-eafbf6f5adea
f 1756/5260/1315 1759/5259/1315 1757/5258/1315 1754/5257/1315
f 1755/5264/1316 1756/5263/1316 1754/5262/1316 1753/5261/1316
f 1760/5268/1317 1755/5267/1317 1753/5266/1317 1758/5265/1317
f 1759/5272/1318 1760/5271/1318 1758/5270/1318 1757/5269/1318
f 1758/5276/1319 1753/5275/1319 1754/5274/1319 1757/5273/1319
f 1759/5280/1320 1756/5279/1320 1755/5278/1320 1760/5277/1320
o cube
v 0.0903990436358173 1.4776070751693147 3.477285283703934
v 0.21453307043214753 1.2615588743268353 3.497630265985951
v 0.08775973041327667 1.4526671918386214 3.2285463920018826
v 0.21189375720960602 1.236618990996142 3.2488913742839
v 0.5400150195297018 1.4464984551293303 3.4756336238727954
v 0.4158809927333724 1.6625466559718096 3.455288641590778
v 0.537375706307162 1.4215585717986374 3.226894732170744
v 0.4132416795108318 1.6376067726411168 3.206549749888727
vt 0.65625 0.9375
vt 0.75 0.9375
vt 0.75 0.875
vt 0.65625 0.875
vt 0.59375 0.9375
vt 0.65625 0.9375
vt 0.65625 0.875
vt 0.59375 0.875
vt 0.8125 0.9375
vt 0.90625 0.9375
vt 0.90625 0.875
vt 0.8125 0.875
vt 0.75 0.9375
vt 0.8125 0.9375
vt 0.8125 0.875
vt 0.75 0.875
vt 0.75 0.9375
vt 0.65625 0.9375
vt 0.65625 1
vt 0.75 1
vt 0.84375 1
vt 0.75 1
vt 0.75 0.9375
vt 0.84375 0.9375
vn 0.4965361071853202 -0.8641928033699188 0.08137992912806791
vn -0.8679518642601454 -0.4931722154733212 0.05865771230174854
vn -0.4965361071853202 0.8641928033699188 -0.08137992912806791
vn 0.8679518642601454 0.4931722154733212 -0.05865771230174854
vn 0.010557252890163231 0.09975953332277177 0.9949555668082048
vn -0.010557252890163231 -0.09975953332277177 -0.9949555668082048
usemtl m_32106622-412d-50ea-c58d-eafbf6f5adea
f 1764/5284/1321 1767/5283/1321 1765/5282/1321 1762/5281/1321
f 1763/5288/1322 1764/5287/1322 1762/5286/1322 1761/5285/1322
f 1768/5292/1323 1763/5291/1323 1761/5290/1323 1766/5289/1323
f 1767/5296/1324 1768/5295/1324 1766/5294/1324 1765/5293/1324
f 1766/5300/1325 1761/5299/1325 1762/5298/1325 1765/5297/1325
f 1767/5304/1326 1764/5303/1326 1763/5302/1326 1768/5301/1326
o cube
v -0.16204863198501407 1.4722170928654692 3.2292891681396094
v -0.0884742156665066 1.4904151109473172 3.4007881109972367
v -1.1359401521581463 0.6437201118392983 3.735009505248359
v -1.0623657358396388 0.6619181299211463 3.9065084481059857
v 0.02155448560315598 1.341884605644863 3.369345720955944
v -0.05201993071535149 1.323686587563015 3.197846778098317
v -0.9523370345699762 0.5133876246186921 3.875066058064694
v -1.0259114508884837 0.4951896065368442 3.7035671152070666
vt 0.3125 0.375
vt 0.265625 0.375
vt 0.265625 0.03125
vt 0.3125 0.03125
vt 0.359375 0.375
vt 0.3125 0.375
vt 0.3125 0.03125
vt 0.359375 0.03125
vt 0.265625 0.375
vt 0.3125 0.375
vt 0.3125 0.03125
vt 0.265625 0.03125
vt 0.265625 0.375
vt 0.21875 0.375
vt 0.21875 0.03125
vt 0.265625 0.03125
vt 0.265625 0.375
vt 0.3125 0.375
vt 0.3125 0.421875
vt 0.265625 0.421875
vt 0.3125 0.421875
vt 0.359375 0.421875
vt 0.359375 0.375
vt 0.3125 0.375
vn 0.3923968870320418 0.09705609643652334 0.9146610285740109
vn -0.5868197401048713 0.7921626949464233 0.16769274688689317
vn -0.3923968870320418 -0.09705609643652334 -0.9146610285740109
vn 0.5868197401048713 -0.7921626949464233 -0.16769274688689317
vn 0.708284741944096 0.6025432589281241 -0.36779660880636317
vn -0.708284741944096 -0.6025432589281241 0.36779660880636317
usemtl m_32106622-412d-50ea-c58d-eafbf6f5adea
f 1772/5308/1327 1775/5307/1327 1773/5306/1327 1770/5305/1327
f 1771/5312/1328 1772/5311/1328 1770/5310/1328 1769/5309/1328
f 1776/5316/1329 1771/5315/1329 1769/5314/1329 1774/5313/1329
f 1775/5320/1330 1776/5319/1330 1774/5318/1330 1773/5317/1330
f 1774/5324/1331 1769/5323/1331 1770/5322/1331 1773/5321/1331
f 1775/5328/1332 1772/5327/1332 1771/5326/1332 1776/5325/1332
o cube
v 0.008891913053812761 1.7753322874634367 3.085258783741451
v 0.15710394360454494 1.7393515525131873 3.19432220892363
v -0.008845433027109717 0.4626746049516459 2.6763086705286288
v 0.13936659752362246 0.4266938700013969 2.785372095710808
v 0.31019705252849405 1.796250297682639 3.005047189974637
v 0.16198502197776188 1.8322310326328886 2.895983764792458
v 0.2924597064475716 0.4835926151708487 2.596097076761815
v 0.1442476758968394 0.5195733501210977 2.487033651579636
vt 0.046875 0.375
vt 0.109375 0.375
vt 0.109375 0.03125
vt 0.046875 0.03125
vt 0.15625 0.375
vt 0.109375 0.375
vt 0.109375 0.03125
vt 0.15625 0.03125
vt 0.046875 0.375
vt 0.109375 0.375
vt 0.109375 0.03125
vt 0.046875 0.03125
vt 0.109375 0.375
vt 0.15625 0.375
vt 0.15625 0.03125
vt 0.109375 0.03125
vt 0.109375 0.375
vt 0.046875 0.375
vt 0.046875 0.421875
vt 0.109375 0.421875
vt 0.171875 0.421875
vt 0.109375 0.421875
vt 0.109375 0.375
vt 0.171875 0.375
vn 0.7904641629372376 -0.19189725306799485 0.5816716009716226
vn -0.6123724356957958 -0.22759498067780667 0.7571000757959725
vn -0.7904641629372376 0.19189725306799485 -0.5816716009716226
vn 0.6123724356957958 0.22759498067780667 -0.7571000757959725
vn 0.012899888058852477 0.954660132735848 0.2974182641547797
vn -0.012899888058852477 -0.954660132735848 -0.2974182641547797
usemtl m_32106622-412d-50ea-c58d-eafbf6f5adea
f 1780/5332/1333 1783/5331/1333 1781/5330/1333 1778/5329/1333
f 1779/5336/1334 1780/5335/1334 1778/5334/1334 1777/5333/1334
f 1784/5340/1335 1779/5339/1335 1777/5338/1335 1782/5337/1335
f 1783/5344/1336 1784/5343/1336 1782/5342/1336 1781/5341/1336
f 1782/5348/1337 1777/5347/1337 1778/5346/1337 1781/5345/1337
f 1783/5352/1338 1780/5351/1338 1779/5350/1338 1784/5349/1338
o cube
v -0.11882780669800175 0.7779980958505011 2.929796783798416
v 0.12819224421988418 0.718030204266753 3.1115691591020473
v -0.12366526472007155 0.42000054607455795 2.818264934740373
v 0.12335478619781437 0.3600326544908099 3.0000373100440045
v 0.5109250165297565 0.8602770671903817 2.6383816117295646
v 0.2639049656118706 0.9202449587741297 2.4566092364259333
v 0.5060875585076867 0.5022795174144385 2.526849762671522
v 0.2590675075898008 0.5622474089981866 2.3450773873678905
vt 0.53125 0.09375
vt 0.6875 0.09375
vt 0.6875 0
vt 0.53125 0
vt 0.453125 0.09375
vt 0.53125 0.09375
vt 0.53125 0
vt 0.453125 0
vt 0.765625 0.09375
vt 0.921875 0.09375
vt 0.921875 0
vt 0.765625 0
vt 0.53125 0.09375
vt 0.453125 0.09375
vt 0.453125 0
vt 0.53125 0
vt 0.6875 0.09375
vt 0.53125 0.09375
vt 0.53125 0.171875
vt 0.6875 0.171875
vt 0.84375 0.171875
vt 0.6875 0.171875
vt 0.6875 0.09375
vt 0.84375 0.09375
vn 0.7904641629372376 -0.19189725306799485 0.5816716009716226
vn -0.6123724356957958 -0.22759498067780667 0.7571000757959725
vn -0.7904641629372376 0.19189725306799485 -0.5816716009716226
vn 0.6123724356957958 0.22759498067780667 -0.7571000757959725
vn 0.012899888058852477 0.954660132735848 0.2974182641547797
vn -0.012899888058852477 -0.954660132735848 -0.2974182641547797
usemtl m_32106622-412d-50ea-c58d-eafbf6f5adea
f 1788/5356/1339 1791/5355/1339 1789/5354/1339 1786/5353/1339
f 1787/5360/1340 1788/5359/1340 1786/5358/1340 1785/5357/1340
f 1792/5364/1341 1787/5363/1341 1785/5362/1341 1790/5361/1341
f 1791/5368/1342 1792/5367/1342 1790/5366/1342 1789/5365/1342
f 1790/5372/1343 1785/5371/1343 1786/5370/1343 1789/5369/1343
f 1791/5376/1344 1788/5375/1344 1787/5374/1344 1792/5373/1344
o cube
v -0.1474261678848494 1.4797685091100234 3.2001792366517483
v 0.19840190340019115 1.395813460892776 3.4546605620768327
v -0.15710108392898858 0.7637734095581381 2.9771155385356636
v 0.18872698735605198 0.6798183613408906 3.231596863960748
v 0.6576812301720381 1.5665096964011314 2.886835505229854
v 0.31185315888699705 1.6504647446183789 2.6323541798047696
v 0.6480063141278984 0.8505145968492451 2.6637718071137693
v 0.3021782428428579 0.9344696450664927 2.409290481688685
vt 0.109375 0.890625
vt 0.296875 0.890625
vt 0.296875 0.703125
vt 0.109375 0.703125
vt 0 0.890625
vt 0.109375 0.890625
vt 0.109375 0.703125
vt 0 0.703125
vt 0.40625 0.890625
vt 0.59375 0.890625
vt 0.59375 0.703125
vt 0.40625 0.703125
vt 0.296875 0.890625
vt 0.40625 0.890625
vt 0.40625 0.703125
vt 0.296875 0.703125
vt 0.296875 0.890625
vt 0.109375 0.890625
vt 0.109375 1
vt 0.296875 1
vt 0.484375 1
vt 0.296875 1
vt 0.296875 0.890625
vt 0.484375 0.890625
vn 0.7904641629372376 -0.19189725306799485 0.5816716009716226
vn -0.6123724356957958 -0.22759498067780667 0.7571000757959725
vn -0.7904641629372376 0.19189725306799485 -0.5816716009716226
vn 0.6123724356957958 0.22759498067780667 -0.7571000757959725
vn 0.012899888058852477 0.954660132735848 0.2974182641547797
vn -0.012899888058852477 -0.954660132735848 -0.2974182641547797
usemtl m_32106622-412d-50ea-c58d-eafbf6f5adea
f 1796/5380/1345 1799/5379/1345 1797/5378/1345 1794/5377/1345
f 1795/5384/1346 1796/5383/1346 1794/5382/1346 1793/5381/1346
f 1800/5388/1347 1795/5387/1347 1793/5386/1347 1798/5385/1347
f 1799/5392/1348 1800/5391/1348 1798/5390/1348 1797/5389/1348
f 1798/5396/1349 1793/5395/1349 1794/5394/1349 1797/5393/1349
f 1799/5400/1350 1796/5399/1350 1795/5398/1350 1800/5397/1350
o cube
v -3.6108436472486423 0.5400689795349254 -2.2615608999715153
v -3.862848571278713 0.7479936230055171 -2.7194551136303318
v -3.7207018228136546 0.01750856146599622 -2.4383886147934657
v -3.972706746843725 0.22543320493658792 -2.896282828452282
v -4.4081211268954394 0.7593357821644644 -2.414210628804125
v -4.156116202865369 0.5514111386938727 -1.9563164151453085
v -4.517979302460452 0.23677536409553523 -2.5910383436260753
v -4.265974378430381 0.028850720624943538 -2.133144129967259
vt 0.140625 0.5625
vt 0.296875 0.5625
vt 0.296875 0.421875
vt 0.140625 0.421875
vt 0 0.5625
vt 0.140625 0.5625
vt 0.140625 0.421875
vt 0 0.421875
vt 0.4375 0.5625
vt 0.59375 0.5625
vt 0.59375 0.421875
vt 0.4375 0.421875
vt 0.296875 0.5625
vt 0.4375 0.5625
vt 0.4375 0.421875
vt 0.296875 0.421875
vt 0.296875 0.5625
vt 0.140625 0.5625
vt 0.140625 0.703125
vt 0.296875 0.703125
vt 0.453125 0.703125
vt 0.296875 0.703125
vt 0.296875 0.5625
vt 0.453125 0.5625
vn -0.44800875383123645 0.36964381061438517 -0.8140341576156734
vn 0.8724360889867633 -0.01814745465431561 -0.488391175721931
vn 0.44800875383123645 -0.36964381061438517 0.8140341576156734
vn -0.8724360889867633 0.01814745465431561 0.488391175721931
vn 0.19530342322668884 0.9289962987892073 0.31436038190568927
vn -0.19530342322668884 -0.9289962987892073 -0.31436038190568927
usemtl m_32106622-412d-50ea-c58d-eafbf6f5adea
f 1804/5404/1351 1807/5403/1351 1805/5402/1351 1802/5401/1351
f 1803/5408/1352 1804/5407/1352 1802/5406/1352 1801/5405/1352
f 1808/5412/1353 1803/5411/1353 1801/5410/1353 1806/5409/1353
f 1807/5416/1354 1808/5415/1354 1806/5414/1354 1805/5413/1354
f 1806/5420/1355 1801/5419/1355 1802/5418/1355 1805/5417/1355
f 1807/5424/1356 1804/5423/1356 1803/5422/1356 1808/5421/1356
o cube
v -3.9697590695092613 0.13529068411478073 -2.6317253920831223
v -4.08176125796707 0.2277016367683773 -2.835233931487041
v -4.018584925315933 -0.09695839058252043 -2.7103154875595448
v -4.130587113773742 -0.004547437928924314 -2.9138240269634634
v -4.408924791337107 0.23450693226374586 -2.6520872405913165
v -4.296922602879298 0.1420959796101493 -2.448578701187398
v -4.4577506471437784 0.0022578575664442546 -2.730677336067739
v -4.34574845868597 -0.09015309508715186 -2.5271687966638203
vt 0.65625 0.9375
vt 0.75 0.9375
vt 0.75 0.875
vt 0.65625 0.875
vt 0.59375 0.9375
vt 0.65625 0.9375
vt 0.65625 0.875
vt 0.59375 0.875
vt 0.8125 0.9375
vt 0.90625 0.9375
vt 0.90625 0.875
vt 0.8125 0.875
vt 0.75 0.9375
vt 0.8125 0.9375
vt 0.8125 0.875
vt 0.75 0.875
vt 0.75 0.9375
vt 0.65625 0.9375
vt 0.65625 1
vt 0.75 1
vt 0.84375 1
vt 0.75 1
vt 0.75 0.9375
vt 0.84375 0.9375
vn -0.44800875383123645 0.36964381061438517 -0.8140341576156734
vn 0.8724360889867633 -0.01814745465431561 -0.488391175721931
vn 0.44800875383123645 -0.36964381061438517 0.8140341576156734
vn -0.8724360889867633 0.01814745465431561 0.488391175721931
vn 0.19530342322668884 0.9289962987892073 0.31436038190568927
vn -0.19530342322668884 -0.9289962987892073 -0.31436038190568927
usemtl m_32106622-412d-50ea-c58d-eafbf6f5adea
f 1812/5428/1357 1815/5427/1357 1813/5426/1357 1810/5425/1357
f 1811/5432/1358 1812/5431/1358 1810/5430/1358 1809/5429/1358
f 1816/5436/1359 1811/5435/1359 1809/5434/1359 1814/5433/1359
f 1815/5440/1360 1816/5439/1360 1814/5438/1360 1813/5437/1360
f 1814/5444/1361 1809/5443/1361 1810/5442/1361 1813/5441/1361
f 1815/5448/1362 1812/5447/1362 1811/5446/1362 1816/5445/1362
o cube
v 1.9469350906631586 0.8400553060326366 2.525048006450459
v 1.9925149163466767 1.021930683278724 2.525324849824071
v 2.8663543652023016 0.6081237751435022 3.5207894199636947
v 2.9119341908858196 0.7899991523895897 3.5210662633373078
v 2.124271319204661 0.9891080033368584 2.3960222126222037
v 2.078691493521143 0.807232626090771 2.3957453692485906
v 3.043690593743804 0.7571764724477241 3.3917636261354396
v 2.998110768060286 0.5753010952016366 3.3914867827618265
vt 0.265625 0.375
vt 0.3125 0.375
vt 0.3125 0.03125
vt 0.265625 0.03125
vt 0.21875 0.375
vt 0.265625 0.375
vt 0.265625 0.03125
vt 0.21875 0.03125
vt 0.3125 0.375
vt 0.265625 0.375
vt 0.265625 0.03125
vt 0.3125 0.03125
vt 0.3125 0.375
vt 0.359375 0.375
vt 0.359375 0.03125
vt 0.3125 0.03125
vt 0.3125 0.375
vt 0.265625 0.375
vt 0.265625 0.421875
vt 0.3125 0.421875
vt 0.359375 0.421875
vt 0.3125 0.421875
vt 0.3125 0.375
vt 0.359375 0.375
vn 0.24309240364543055 0.9700020119791325 0.0014764979926013275
vn -0.7027008152425914 0.1750542930232837 0.6896140650766308
vn -0.24309240364543055 -0.9700020119791325 -0.0014764979926013275
vn 0.7027008152425914 -0.1750542930232837 -0.6896140650766308
vn -0.6686685633011952 0.16867747701027938 -0.7241755734641718
vn 0.6686685633011952 -0.16867747701027938 0.7241755734641718
usemtl m_32106622-412d-50ea-c58d-eafbf6f5adea
f 1820/5452/1363 1823/5451/1363 1821/5450/1363 1818/5449/1363
f 1819/5456/1364 1820/5455/1364 1818/5454/1364 1817/5453/1364
f 1824/5460/1365 1819/5459/1365 1817/5458/1365 1822/5457/1365
f 1823/5464/1366 1824/5463/1366 1822/5462/1366 1821/5461/1366
f 1822/5468/1367 1817/5467/1367 1818/5466/1367 1821/5465/1367
f 1823/5472/1368 1820/5471/1368 1819/5470/1368 1824/5469/1368
o cube
v 1.6206220925935675 1.4789820773731979 2.586666360580109
v 1.6349537213994867 1.3728129468646886 2.7405460868043154
v 1.0765757876963065 0.416461969140248 1.90425179616323
v 1.0909074165022252 0.3102928386317383 2.0581315223874364
v 1.8637553352788396 1.3011158954979924 2.669769294622663
v 1.8494237064729204 1.4072850260065017 2.515889568398457
v 1.3197090303815777 0.23859578726504216 1.9873547302057841
v 1.305377401575659 0.3447649177735519 1.8334750039815777
vt 0.109375 0.375
vt 0.046875 0.375
vt 0.046875 0.03125
vt 0.109375 0.03125
vt 0.15625 0.375
vt 0.109375 0.375
vt 0.109375 0.03125
vt 0.15625 0.03125
vt 0.109375 0.375
vt 0.046875 0.375
vt 0.046875 0.03125
vt 0.109375 0.03125
vt 0.109375 0.375
vt 0.15625 0.375
vt 0.15625 0.03125
vt 0.109375 0.03125
vt 0.046875 0.375
vt 0.109375 0.375
vt 0.109375 0.421875
vt 0.046875 0.421875
vt 0.109375 0.421875
vt 0.171875 0.421875
vt 0.171875 0.375
vt 0.109375 0.375
vn 0.07643535363156816 -0.566235362712049 0.8206918731957636
vn -0.9152064555174116 0.28678820546678535 0.2831071687266095
vn -0.07643535363156816 0.566235362712049 -0.8206918731957636
vn 0.9152064555174116 -0.28678820546678535 -0.2831071687266095
vn 0.39567003992528077 0.7727418968966904 0.4963015013940938
vn -0.39567003992528077 -0.7727418968966904 -0.4963015013940938
usemtl m_32106622-412d-50ea-c58d-eafbf6f5adea
f 1828/5476/1369 1831/5475/1369 1829/5474/1369 1826/5473/1369
f 1827/5480/1370 1828/5479/1370 1826/5478/1370 1825/5477/1370
f 1832/5484/1371 1827/5483/1371 1825/5482/1371 1830/5481/1371
f 1831/5488/1372 1832/5487/1372 1830/5486/1372 1829/5485/1372
f 1830/5492/1373 1825/5491/1373 1826/5490/1373 1829/5489/1373
f 1831/5496/1374 1828/5495/1374 1827/5494/1374 1832/5493/1374
o cube
v 1.053350842258772 0.7600129690015294 2.1434474533222545
v 1.0772368902686376 0.583064418154013 2.399913663695932
v 0.9049745772867919 0.47023475766527056 1.9573343902994695
v 0.9288606252966574 0.2932862068177542 2.213800600673147
v 1.6492409249670197 0.4038217897372718 2.222971683241801
v 1.6253548769571546 0.5807703405847882 1.9665054728681235
v 1.50086465999504 0.11404357840101342 2.036858620219016
v 1.4769786119851744 0.2909921292485298 1.7803924098453385
vt 0.6875 0.09375
vt 0.53125 0.09375
vt 0.53125 0
vt 0.6875 0
vt 0.453125 0.09375
vt 0.53125 0.09375
vt 0.53125 0
vt 0.453125 0
vt 0.921875 0.09375
vt 0.765625 0.09375
vt 0.765625 0
vt 0.921875 0
vt 0.53125 0.09375
vt 0.453125 0.09375
vt 0.453125 0
vt 0.53125 0
vt 0.53125 0.09375
vt 0.6875 0.09375
vt 0.6875 0.171875
vt 0.53125 0.171875
vt 0.6875 0.171875
vt 0.84375 0.171875
vt 0.84375 0.09375
vt 0.6875 0.09375
vn 0.07643535363156816 -0.566235362712049 0.8206918731957636
vn -0.9152064555174116 0.28678820546678535 0.2831071687266095
vn -0.07643535363156816 0.566235362712049 -0.8206918731957636
vn 0.9152064555174116 -0.28678820546678535 -0.2831071687266095
vn 0.39567003992528077 0.7727418968966904 0.4963015013940938
vn -0.39567003992528077 -0.7727418968966904 -0.4963015013940938
usemtl m_32106622-412d-50ea-c58d-eafbf6f5adea
f 1836/5500/1375 1839/5499/1375 1837/5498/1375 1834/5497/1375
f 1835/5504/1376 1836/5503/1376 1834/5502/1376 1833/5501/1376
f 1840/5508/1377 1835/5507/1377 1833/5506/1377 1838/5505/1377
f 1839/5512/1378 1840/5511/1378 1838/5510/1378 1837/5509/1378
f 1838/5516/1379 1833/5515/1379 1834/5514/1379 1837/5513/1379
f 1839/5520/1380 1836/5519/1380 1835/5518/1380 1840/5517/1380
o cube
v 1.2929029687328946 1.3574936545157215 2.533367777413238
v 1.326343435946706 1.109765683329199 2.892420471936386
v 0.9961504387889333 0.777937231843203 2.1611416513676676
v 1.0295909060027446 0.5302092606566804 2.5201943458908156
v 2.0127482775847647 0.8946745292291096 2.680090095391429
v 1.9793078103709534 1.1424025004156322 2.321037400868281
v 1.7159957476408039 0.31511810655659156 2.3078639693458585
v 1.6825552804269925 0.5628460777431141 1.9488112748227104
vt 0.296875 0.890625
vt 0.109375 0.890625
vt 0.109375 0.703125
vt 0.296875 0.703125
vt 0.40625 0.890625
vt 0.296875 0.890625
vt 0.296875 0.703125
vt 0.40625 0.703125
vt 0.59375 0.890625
vt 0.40625 0.890625
vt 0.40625 0.703125
vt 0.59375 0.703125
vt 0.109375 0.890625
vt 0 0.890625
vt 0 0.703125
vt 0.109375 0.703125
vt 0.109375 0.890625
vt 0.296875 0.890625
vt 0.296875 1
vt 0.109375 1
vt 0.296875 1
vt 0.484375 1
vt 0.484375 0.890625
vt 0.296875 0.890625
vn 0.07643535363156816 -0.566235362712049 0.8206918731957636
vn -0.9152064555174116 0.28678820546678535 0.2831071687266095
vn -0.07643535363156816 0.566235362712049 -0.8206918731957636
vn 0.9152064555174116 -0.28678820546678535 -0.2831071687266095
vn 0.39567003992528077 0.7727418968966904 0.4963015013940938
vn -0.39567003992528077 -0.7727418968966904 -0.4963015013940938
usemtl m_32106622-412d-50ea-c58d-eafbf6f5adea
f 1844/5524/1381 1847/5523/1381 1845/5522/1381 1842/5521/1381
f 1843/5528/1382 1844/5527/1382 1842/5526/1382 1841/5525/1382
f 1848/5532/1383 1843/5531/1383 1841/5530/1383 1846/5529/1383
f 1847/5536/1384 1848/5535/1384 1846/5534/1384 1845/5533/1384
f 1846/5540/1385 1841/5539/1385 1842/5538/1385 1845/5537/1385
f 1847/5544/1386 1844/5543/1386 1843/5542/1386 1848/5541/1386
o cube
v -3.5564730883189926 2.1021980932348745 2.150753453602852
v -3.5693435805283986 2.286443231673869 2.118437367950605
v -2.4541355684164463 2.0355228899720337 1.3315883850818917
v -2.467006060625852 2.2197680284110284 1.2992722994296448
v -3.7177865992276047 2.2416759188559565 1.9223237327731129
v -3.7049161070181986 2.057430780416962 1.9546398184253597
v -2.615449079325058 2.1750007155931157 1.1031586642521525
v -2.6025785871156524 1.9907555771541212 1.1354747499043993
vt 0.109375 0.375
vt 0.046875 0.375
vt 0.046875 0.03125
vt 0.109375 0.03125
vt 0.15625 0.375
vt 0.109375 0.375
vt 0.109375 0.03125
vt 0.15625 0.03125
vt 0.109375 0.375
vt 0.046875 0.375
vt 0.046875 0.03125
vt 0.109375 0.03125
vt 0.109375 0.375
vt 0.15625 0.375
vt 0.15625 0.03125
vt 0.109375 0.03125
vt 0.046875 0.375
vt 0.109375 0.375
vt 0.109375 0.421875
vt 0.046875 0.421875
vt 0.109375 0.421875
vt 0.171875 0.421875
vt 0.171875 0.375
vt 0.109375 0.375
vn -0.06864262511683183 0.9826407383413046 -0.1723524568119819
vn 0.5937720747968244 0.17906925127165063 0.7844545407099667
vn 0.06864262511683183 -0.9826407383413046 0.1723524568119819
vn -0.5937720747968244 -0.17906925127165063 -0.7844545407099667
vn -0.801700014474582 0.0484910569184299 0.5957564134697914
vn 0.801700014474582 -0.0484910569184299 -0.5957564134697914
usemtl m_32106622-412d-50ea-c58d-eafbf6f5adea
f 1852/5548/1387 1855/5547/1387 1853/5546/1387 1850/5545/1387
f 1851/5552/1388 1852/5551/1388 1850/5550/1388 1849/5549/1388
f 1856/5556/1389 1851/5555/1389 1849/5554/1389 1854/5553/1389
f 1855/5560/1390 1856/5559/1390 1854/5558/1390 1853/5557/1390
f 1854/5564/1391 1849/5563/1391 1850/5562/1391 1853/5561/1391
f 1855/5568/1392 1852/5567/1392 1851/5566/1392 1856/5565/1392
o cube
v -2.643440809820008 2.0872825209298798 1.7020822665161832
v -2.6648916301690178 2.3943577516615377 1.648222123762439
v -2.3428033043920404 2.0690983745854687 1.4786736114650116
v -2.3642541247410502 2.3761736053171263 1.4248134687112675
v -3.0359991769170342 2.282439469616756 1.1579380358187086
v -3.0145483565680244 1.975364238885098 1.2117981785724528
v -2.7353616714890663 2.2642553232723444 0.934529380767537
v -2.7139108511400565 1.9571800925406868 0.9883895235212812
vt 0.6875 0.09375
vt 0.53125 0.09375
vt 0.53125 0
vt 0.6875 0
vt 0.453125 0.09375
vt 0.53125 0.09375
vt 0.53125 0
vt 0.453125 0
vt 0.921875 0.09375
vt 0.765625 0.09375
vt 0.765625 0
vt 0.921875 0
vt 0.53125 0.09375
vt 0.453125 0.09375
vt 0.453125 0
vt 0.53125 0
vt 0.53125 0.09375
vt 0.6875 0.09375
vt 0.6875 0.171875
vt 0.53125 0.171875
vt 0.6875 0.171875
vt 0.84375 0.171875
vt 0.84375 0.09375
vt 0.6875 0.09375
vn -0.06864262511683183 0.9826407383413046 -0.1723524568119819
vn 0.5937720747968244 0.17906925127165063 0.7844545407099667
vn 0.06864262511683183 -0.9826407383413046 0.1723524568119819
vn -0.5937720747968244 -0.17906925127165063 -0.7844545407099667
vn -0.801700014474582 0.0484910569184299 0.5957564134697914
vn 0.801700014474582 -0.0484910569184299 -0.5957564134697914
usemtl m_32106622-412d-50ea-c58d-eafbf6f5adea
f 1860/5572/1393 1863/5571/1393 1861/5570/1393 1858/5569/1393
f 1859/5576/1394 1860/5575/1394 1858/5574/1394 1857/5573/1394
f 1864/5580/1395 1859/5579/1395 1857/5578/1395 1862/5577/1395
f 1863/5584/1396 1864/5583/1396 1862/5582/1396 1861/5581/1396
f 1862/5588/1397 1857/5587/1397 1858/5586/1397 1861/5585/1397
f 1863/5592/1398 1860/5591/1398 1859/5590/1398 1864/5589/1398
o cube
v -3.20760506600114 2.1348426418231803 2.197927985412899
v -3.237636214489754 2.5647479648475016 2.1225237855576564
v -2.606330055145206 2.0984743491343583 1.7511106753105565
v -2.63636120363382 2.528379672158679 1.6757064754553141
v -3.6829652705873746 2.4304460263937626 1.5341828800251784
v -3.6529341220987606 2.000540703369442 1.6095870798804208
v -3.0816902597314404 2.3940777337049406 1.0873655699228362
v -3.0516591112428264 1.9641724106806193 1.1627697697780786
vt 0.296875 0.890625
vt 0.109375 0.890625
vt 0.109375 0.703125
vt 0.296875 0.703125
vt 0.40625 0.890625
vt 0.296875 0.890625
vt 0.296875 0.703125
vt 0.40625 0.703125
vt 0.59375 0.890625
vt 0.40625 0.890625
vt 0.40625 0.703125
vt 0.59375 0.703125
vt 0.109375 0.890625
vt 0 0.890625
vt 0 0.703125
vt 0.109375 0.703125
vt 0.109375 0.890625
vt 0.296875 0.890625
vt 0.296875 1
vt 0.109375 1
vt 0.296875 1
vt 0.484375 1
vt 0.484375 0.890625
vt 0.296875 0.890625
vn -0.06864262511683183 0.9826407383413046 -0.1723524568119819
vn 0.5937720747968244 0.17906925127165063 0.7844545407099667
vn 0.06864262511683183 -0.9826407383413046 0.1723524568119819
vn -0.5937720747968244 -0.17906925127165063 -0.7844545407099667
vn -0.801700014474582 0.0484910569184299 0.5957564134697914
vn 0.801700014474582 -0.0484910569184299 -0.5957564134697914
usemtl m_32106622-412d-50ea-c58d-eafbf6f5adea
f 1868/5596/1399 1871/5595/1399 1869/5594/1399 1866/5593/1399
f 1867/5600/1400 1868/5599/1400 1866/5598/1400 1865/5597/1400
f 1872/5604/1401 1867/5603/1401 1865/5602/1401 1870/5601/1401
f 1871/5608/1402 1872/5607/1402 1870/5606/1402 1869/5605/1402
f 1870/5612/1403 1865/5611/1403 1866/5610/1403 1869/5609/1403
f 1871/5616/1404 1868/5615/1404 1867/5614/1404 1872/5613/1404
o cube
v -2.928623740597347 2.498019048312158 2.1668132923443277
v -2.8557140865629345 2.3254524354001602 2.1589904759293015
v -3.972796970893365 2.0225030448522916 2.924580931919116
v -3.899887316858952 1.8499364319402933 2.9167581155040896
v -2.9535215551689094 2.2912122892519555 2.002729279605192
v -3.026431209203322 2.463778902163954 2.010552096020218
v -3.997694785464927 1.8156962857920886 2.76049691917998
v -4.0706044394993395 1.988262898704087 2.768319735595006
vt 0.265625 0.375
vt 0.3125 0.375
vt 0.3125 0.03125
vt 0.265625 0.03125
vt 0.21875 0.375
vt 0.265625 0.375
vt 0.265625 0.03125
vt 0.21875 0.03125
vt 0.3125 0.375
vt 0.265625 0.375
vt 0.265625 0.03125
vt 0.3125 0.03125
vt 0.3125 0.375
vt 0.359375 0.375
vt 0.359375 0.03125
vt 0.3125 0.03125
vt 0.3125 0.375
vt 0.265625 0.375
vt 0.265625 0.421875
vt 0.3125 0.421875
vt 0.359375 0.421875
vt 0.3125 0.421875
vt 0.3125 0.375
vt 0.359375 0.375
vn 0.3888514881835332 -0.9203552688639851 -0.04172168754680555
vn 0.5216398325651914 0.18261411279042164 0.8333930470619049
vn -0.3888514881835332 0.9203552688639851 0.04172168754680555
vn -0.5216398325651914 -0.18261411279042164 -0.8333930470619049
vn 0.7593987129425561 0.3458298206980839 -0.5511037378725718
vn -0.7593987129425561 -0.3458298206980839 0.5511037378725718
usemtl m_32106622-412d-50ea-c58d-eafbf6f5adea
f 1876/5620/1405 1879/5619/1405 1877/5618/1405 1874/5617/1405
f 1875/5624/1406 1876/5623/1406 1874/5622/1406 1873/5621/1406
f 1880/5628/1407 1875/5627/1407 1873/5626/1407 1878/5625/1407
f 1879/5632/1408 1880/5631/1408 1878/5630/1408 1877/5629/1408
f 1878/5636/1409 1873/5635/1409 1874/5634/1409 1877/5633/1409
f 1879/5640/1410 1876/5639/1410 1875/5638/1410 1880/5637/1410
o cube
v -1.705732628695526 1.8849180135109096 2.5003442916142884
v -1.6103813728922831 2.0380165722025425 2.551581185970691
v -0.5337009811586084 1.166781356018797 2.465037658555384
v -0.4383497253553656 1.31987991471043 2.5162745529117867
v -1.5875525020415118 2.084138603844404 2.371281849164074
v -1.6829037578447545 1.9310400451527712 2.3200449548076714
v -0.41552085450459425 1.3660019463522919 2.3359752161051697
v -0.5108721103078371 1.2129033876606587 2.284738321748767
vt 0.265625 0.375
vt 0.3125 0.375
vt 0.3125 0.03125
vt 0.265625 0.03125
vt 0.21875 0.375
vt 0.265625 0.375
vt 0.265625 0.03125
vt 0.21875 0.03125
vt 0.3125 0.375
vt 0.265625 0.375
vt 0.265625 0.03125
vt 0.3125 0.03125
vt 0.3125 0.375
vt 0.359375 0.375
vt 0.359375 0.03125
vt 0.3125 0.03125
vt 0.3125 0.375
vt 0.265625 0.375
vt 0.265625 0.421875
vt 0.3125 0.421875
vt 0.359375 0.421875
vt 0.3125 0.421875
vt 0.3125 0.375
vt 0.359375 0.375
vn 0.5085400309506285 0.8165256463553765 0.273263436567479
vn -0.12175397787078035 -0.24598416875659654 0.9615964629686238
vn -0.5085400309506285 -0.8165256463553765 -0.273263436567479
vn 0.12175397787078035 0.24598416875659654 -0.9615964629686238
vn -0.8523866527541214 0.5222812054488092 0.025677551315566934
vn 0.8523866527541214 -0.5222812054488092 -0.025677551315566934
usemtl m_32106622-412d-50ea-c58d-eafbf6f5adea
f 1884/5644/1411 1887/5643/1411 1885/5642/1411 1882/5641/1411
f 1883/5648/1412 1884/5647/1412 1882/5646/1412 1881/5645/1412
f 1888/5652/1413 1883/5651/1413 1881/5650/1413 1886/5649/1413
f 1887/5656/1414 1888/5655/1414 1886/5654/1414 1885/5653/1414
f 1886/5660/1415 1881/5659/1415 1882/5658/1415 1885/5657/1415
f 1887/5664/1416 1884/5663/1416 1883/5662/1416 1888/5661/1416
o cube
v -1.931089099448089 1.872224981862559 2.6068343360114437
v -1.8528321802369137 1.9692999654605765 2.746864876091171
v -1.7943844325580702 0.713216873579884 3.333908636881379
v -1.716127513346895 0.8102918571779016 3.4739391769611063
v -1.6834669022797533 1.9418412261968152 2.6712495981340107
v -1.7617238214909285 1.8447662425987976 2.5312190580542833
v -1.5467622353897346 0.7828331179141405 3.398323899003946
v -1.6250191546009098 0.6857581343161228 3.2582933589242185
vt 0.3125 0.375
vt 0.265625 0.375
vt 0.265625 0.03125
vt 0.3125 0.03125
vt 0.21875 0.375
vt 0.265625 0.375
vt 0.265625 0.03125
vt 0.21875 0.03125
vt 0.265625 0.375
vt 0.3125 0.375
vt 0.3125 0.03125
vt 0.265625 0.03125
vt 0.3125 0.375
vt 0.359375 0.375
vt 0.359375 0.03125
vt 0.3125 0.03125
vt 0.3125 0.375
vt 0.265625 0.375
vt 0.265625 0.421875
vt 0.3125 0.421875
vt 0.359375 0.421875
vt 0.3125 0.421875
vt 0.3125 0.375
vt 0.359375 0.375
vn 0.4173702357929348 0.5177332458560945 0.7468295470918803
vn -0.9032814824381883 0.14644660940672624 0.40328148243818823
vn -0.4173702357929348 -0.5177332458560945 -0.7468295470918803
vn 0.9032814824381883 -0.14644660940672624 -0.40328148243818823
vn -0.09942157592001385 0.8429149878419453 -0.5287813097235889
vn 0.09942157592001385 -0.8429149878419453 0.5287813097235889
usemtl m_32106622-412d-50ea-c58d-eafbf6f5adea
f 1892/5668/1417 1895/5667/1417 1893/5666/1417 1890/5665/1417
f 1891/5672/1418 1892/5671/1418 1890/5670/1418 1889/5669/1418
f 1896/5676/1419 1891/5675/1419 1889/5674/1419 1894/5673/1419
f 1895/5680/1420 1896/5679/1420 1894/5678/1420 1893/5677/1420
f 1894/5684/1421 1889/5683/1421 1890/5682/1421 1893/5681/1421
f 1895/5688/1422 1892/5687/1422 1891/5686/1422 1896/5685/1422
o cube
v -3.34316650293087 2.685736974781962 1.3544608959785083
v -3.3645753844120705 2.8379483779480807 1.8955520144973075
v -2.976541135013896 2.279072235193338 1.483363491666339
v -2.9979500164950967 2.4312836383594565 2.0244546101851384
v -2.891166744871203 3.235256804214276 1.8025182871402683
v -2.8697578633900025 3.0830454010481576 1.261427168621469
v -2.5245413769542293 2.828592064625653 1.931420882828099
v -2.5031324954730287 2.6763806614595342 1.3903297643092998
vt 0.140625 0.5625
vt 0.296875 0.5625
vt 0.296875 0.421875
vt 0.140625 0.421875
vt 0 0.5625
vt 0.140625 0.5625
vt 0.140625 0.421875
vt 0 0.421875
vt 0.4375 0.5625
vt 0.59375 0.5625
vt 0.59375 0.421875
vt 0.4375 0.421875
vt 0.296875 0.5625
vt 0.4375 0.5625
vt 0.4375 0.421875
vt 0.296875 0.421875
vt 0.296875 0.5625
vt 0.140625 0.5625
vt 0.140625 0.703125
vt 0.296875 0.703125
vt 0.453125 0.703125
vt 0.296875 0.703125
vt 0.296875 0.5625
vt 0.453125 0.5625
vn -0.038060233744356464 0.27059805007310017 0.961939766255643
vn -0.757453823265388 -0.6356934820259134 0.14885396377126262
vn 0.038060233744356464 -0.27059805007310017 -0.961939766255643
vn 0.757453823265388 0.6356934820259134 -0.14885396377126262
vn -0.6517784318523981 0.7229595370464422 -0.22916017011169876
vn 0.6517784318523981 -0.7229595370464422 0.22916017011169876
usemtl m_32106622-412d-50ea-c58d-eafbf6f5adea
f 1900/5692/1423 1903/5691/1423 1901/5690/1423 1898/5689/1423
f 1899/5696/1424 1900/5695/1424 1898/5694/1424 1897/5693/1424
f 1904/5700/1425 1899/5699/1425 1897/5698/1425 1902/5697/1425
f 1903/5704/1426 1904/5703/1426 1902/5702/1426 1901/5701/1426
f 1902/5708/1427 1897/5707/1427 1898/5706/1427 1901/5705/1427
f 1903/5712/1428 1900/5711/1428 1899/5710/1428 1904/5709/1428
o cube
v -2.893753230150834 2.4430958110944205 1.7653629231498194
v -2.9032682885869234 2.5107453236126958 2.00584786471373
v -2.7308086221877343 2.26235592683281 1.8226529656777442
v -2.7403236806238236 2.330005439351085 2.063137907241655
v -2.6192231048624026 2.7491303793724136 1.9500276282995066
v -2.6097080464263134 2.6814808668541383 1.7095426867355958
v -2.4562784968993028 2.568390495110803 2.0073176708274314
v -2.4467634384632135 2.5007409825925278 1.7668327292635206
vt 0.65625 0.9375
vt 0.75 0.9375
vt 0.75 0.875
vt 0.65625 0.875
vt 0.59375 0.9375
vt 0.65625 0.9375
vt 0.65625 0.875
vt 0.59375 0.875
vt 0.8125 0.9375
vt 0.90625 0.9375
vt 0.90625 0.875
vt 0.8125 0.875
vt 0.75 0.9375
vt 0.8125 0.9375
vt 0.8125 0.875
vt 0.75 0.875
vt 0.75 0.9375
vt 0.65625 0.9375
vt 0.65625 1
vt 0.75 1
vt 0.84375 1
vt 0.75 1
vt 0.75 0.9375
vt 0.84375 0.9375
vn -0.038060233744356464 0.27059805007310017 0.961939766255643
vn -0.757453823265388 -0.6356934820259134 0.14885396377126262
vn 0.038060233744356464 -0.27059805007310017 -0.961939766255643
vn 0.757453823265388 0.6356934820259134 -0.14885396377126262
vn -0.6517784318523981 0.7229595370464422 -0.22916017011169876
vn 0.6517784318523981 -0.7229595370464422 0.22916017011169876
usemtl m_32106622-412d-50ea-c58d-eafbf6f5adea
f 1908/5716/1429 1911/5715/1429 1909/5714/1429 1906/5713/1429
f 1907/5720/1430 1908/5719/1430 1906/5718/1430 1905/5717/1430
f 1912/5724/1431 1907/5723/1431 1905/5722/1431 1910/5721/1431
f 1911/5728/1432 1912/5727/1432 1910/5726/1432 1909/5725/1432
f 1910/5732/1433 1905/5731/1433 1906/5730/1433 1909/5729/1433
f 1911/5736/1434 1908/5735/1434 1907/5734/1434 1912/5733/1434
o cube
v -2.3903915435766545 2.720117037702821 1.9022703099943268
v -2.3396544091879483 2.893344450048687 1.953007444383033
v -1.4921295052241463 2.1939273182008225 2.8005323483468363
v -1.4413923708354401 2.3671547305466887 2.8512694827355425
v -2.2070718877154714 2.893344450048687 1.820424922910556
v -2.2578090221041776 2.720117037702821 1.7696877885218498
v -1.3088098493629632 2.3671547305466887 2.7186869612630655
v -1.3595469837516694 2.1939273182008225 2.6679498268743593
vt 0.265625 0.375
vt 0.3125 0.375
vt 0.3125 0.03125
vt 0.265625 0.03125
vt 0.21875 0.375
vt 0.265625 0.375
vt 0.265625 0.03125
vt 0.21875 0.03125
vt 0.3125 0.375
vt 0.265625 0.375
vt 0.265625 0.03125
vt 0.3125 0.03125
vt 0.3125 0.375
vt 0.359375 0.375
vt 0.359375 0.03125
vt 0.3125 0.03125
vt 0.3125 0.375
vt 0.265625 0.375
vt 0.265625 0.421875
vt 0.3125 0.421875
vt 0.359375 0.421875
vt 0.3125 0.421875
vt 0.3125 0.375
vt 0.359375 0.375
vn 0.27059805007309856 0.9238795325112867 0.2705980500730985
vn -0.7071067811865478 8.326672684688674e-17 0.7071067811865475
vn -0.27059805007309856 -0.9238795325112867 -0.2705980500730985
vn 0.7071067811865478 -8.326672684688674e-17 -0.7071067811865475
vn -0.653281482438188 0.38268343236509 -0.6532814824381884
vn 0.653281482438188 -0.38268343236509 0.6532814824381884
usemtl m_32106622-412d-50ea-c58d-eafbf6f5adea
f 1916/5740/1435 1919/5739/1435 1917/5738/1435 1914/5737/1435
f 1915/5744/1436 1916/5743/1436 1914/5742/1436 1913/5741/1436
f 1920/5748/1437 1915/5747/1437 1913/5746/1437 1918/5745/1437
f 1919/5752/1438 1920/5751/1438 1918/5750/1438 1917/5749/1438
f 1918/5756/1439 1913/5755/1439 1914/5754/1439 1917/5753/1439
f 1919/5760/1440 1916/5759/1440 1915/5758/1440 1920/5757/1440
o cube
v -2.917260545840641 2.200423758271916 1.837030325263823
v -2.9211226802293466 2.360465019008155 1.934642459652529
v -1.8150534638156677 1.7919259052635161 2.550398429696256
v -1.8189155982043737 1.9519671659997548 2.6480105640849616
v -2.7717479620448704 2.467465173483539 1.7651191264221082
v -2.767885827656164 2.3074239127473 1.667506992033402
v -1.6695408800198974 2.058967320475139 2.4784872308545407
v -1.6656787456311912 1.8989260597389 2.380875096465835
vt 0.046875 0.375
vt 0.109375 0.375
vt 0.109375 0.03125
vt 0.046875 0.03125
vt 0.15625 0.375
vt 0.109375 0.375
vt 0.109375 0.03125
vt 0.15625 0.03125
vt 0.046875 0.375
vt 0.109375 0.375
vt 0.109375 0.03125
vt 0.046875 0.03125
vt 0.109375 0.375
vt 0.15625 0.375
vt 0.15625 0.03125
vt 0.109375 0.03125
vt 0.109375 0.375
vt 0.046875 0.375
vt 0.046875 0.421875
vt 0.109375 0.421875
vt 0.171875 0.421875
vt 0.109375 0.421875
vt 0.109375 0.375
vt 0.171875 0.375
vn -0.020598050073098333 0.8535533905932741 0.5205980500730982
vn -0.5974988727379055 -0.4280006179015354 0.6780933329216831
vn 0.020598050073098333 -0.8535533905932741 -0.5205980500730982
vn 0.5974988727379055 0.4280006179015354 -0.6780933329216831
vn -0.8016051505636167 0.29708934764247297 -0.5188131668599512
vn 0.8016051505636167 -0.29708934764247297 0.5188131668599512
usemtl m_32106622-412d-50ea-c58d-eafbf6f5adea
f 1924/5764/1441 1927/5763/1441 1925/5762/1441 1922/5761/1441
f 1923/5768/1442 1924/5767/1442 1922/5766/1442 1921/5765/1442
f 1928/5772/1443 1923/5771/1443 1921/5770/1443 1926/5769/1443
f 1927/5776/1444 1928/5775/1444 1926/5774/1444 1925/5773/1444
f 1926/5780/1445 1921/5779/1445 1922/5778/1445 1925/5777/1445
f 1927/5784/1446 1924/5783/1446 1923/5782/1446 1928/5781/1446
o cube
v -2.2276864339153812 1.8230842947729056 2.4829859920465895
v -2.2341233245632246 2.0898197293333034 2.645672882694433
v -1.927084502454025 1.711675789406978 2.677540929619071
v -1.9335213931018682 1.9784112239673763 2.8402278202669144
v -1.8606865291020336 2.3573201155217633 2.221864549618381
v -1.8542496384541904 2.090584680961365 2.0591776589705377
v -1.5600845976406772 2.2459116101558356 2.4164194871908626
v -1.553647706992834 1.9791761755954376 2.2537325965430193
vt 0.53125 0.09375
vt 0.6875 0.09375
vt 0.6875 0
vt 0.53125 0
vt 0.453125 0.09375
vt 0.53125 0.09375
vt 0.53125 0
vt 0.453125 0
vt 0.765625 0.09375
vt 0.921875 0.09375
vt 0.921875 0
vt 0.765625 0
vt 0.53125 0.09375
vt 0.453125 0.09375
vt 0.453125 0
vt 0.53125 0
vt 0.6875 0.09375
vt 0.53125 0.09375
vt 0.53125 0.171875
vt 0.6875 0.171875
vt 0.84375 0.171875
vt 0.6875 0.171875
vt 0.6875 0.09375
vt 0.84375 0.09375
vn -0.020598050073098333 0.8535533905932741 0.5205980500730982
vn -0.5974988727379055 -0.4280006179015354 0.6780933329216831
vn 0.020598050073098333 -0.8535533905932741 -0.5205980500730982
vn 0.5974988727379055 0.4280006179015354 -0.6780933329216831
vn -0.8016051505636167 0.29708934764247297 -0.5188131668599512
vn 0.8016051505636167 -0.29708934764247297 0.5188131668599512
usemtl m_32106622-412d-50ea-c58d-eafbf6f5adea
f 1932/5788/1447 1935/5787/1447 1933/5786/1447 1930/5785/1447
f 1931/5792/1448 1932/5791/1448 1930/5790/1448 1929/5789/1448
f 1936/5796/1449 1931/5795/1449 1929/5794/1449 1934/5793/1449
f 1935/5800/1450 1936/5799/1450 1934/5798/1450 1933/5797/1450
f 1934/5804/1451 1929/5803/1451 1930/5802/1451 1933/5801/1451
f 1935/5808/1452 1932/5807/1452 1931/5806/1452 1936/5805/1452
o cube
v -2.866233976384213 2.019151266885914 2.1362569502092317
v -2.8752456232911934 2.392580875270472 2.364018597116212
v -2.2650301134615005 1.7963342561540596 2.5253668253541948
v -2.274041760368481 2.169763864538617 2.7531284722611753
v -2.4271214687377642 2.713581338696623 1.8554485974249497
v -2.4181098218307837 2.3401517303120656 1.6276869505179692
v -1.825917605815052 2.490764327964768 2.244558472569913
v -1.8169059589080712 2.117334719580211 2.0167968256629325
vt 0.109375 0.890625
vt 0.296875 0.890625
vt 0.296875 0.703125
vt 0.109375 0.703125
vt 0 0.890625
vt 0.109375 0.890625
vt 0.109375 0.703125
vt 0 0.703125
vt 0.40625 0.890625
vt 0.59375 0.890625
vt 0.59375 0.703125
vt 0.40625 0.703125
vt 0.296875 0.890625
vt 0.40625 0.890625
vt 0.40625 0.703125
vt 0.296875 0.703125
vt 0.296875 0.890625
vt 0.109375 0.890625
vt 0.109375 1
vt 0.296875 1
vt 0.484375 1
vt 0.296875 1
vt 0.296875 0.890625
vt 0.484375 0.890625
vn -0.020598050073098333 0.8535533905932741 0.5205980500730982
vn -0.5974988727379055 -0.4280006179015354 0.6780933329216831
vn 0.020598050073098333 -0.8535533905932741 -0.5205980500730982
vn 0.5974988727379055 0.4280006179015354 -0.6780933329216831
vn -0.8016051505636167 0.29708934764247297 -0.5188131668599512
vn 0.8016051505636167 -0.29708934764247297 0.5188131668599512
usemtl m_32106622-412d-50ea-c58d-eafbf6f5adea
f 1940/5812/1453 1943/5811/1453 1941/5810/1453 1938/5809/1453
f 1939/5816/1454 1940/5815/1454 1938/5814/1454 1937/5813/1454
f 1944/5820/1455 1939/5819/1455 1937/5818/1455 1942/5817/1455
f 1943/5824/1456 1944/5823/1456 1942/5822/1456 1941/5821/1456
f 1942/5828/1457 1937/5827/1457 1938/5826/1457 1941/5825/1457
f 1943/5832/1458 1940/5831/1458 1939/5830/1458 1944/5829/1458
o cube
v -1.173494260326465 2.2252163701594583 2.7985645281109344
v -1.1376776389047176 2.3975631008010447 2.863140251622852
v -0.11726052507632367 1.7323929441471178 3.5280303376544606
v -0.08144390365457621 1.9047396747887044 3.592606061166378
v -0.9849062675708868 2.438368004472263 2.669501753546764
v -1.0207228889926343 2.2660212738306766 2.6049260300348465
v 0.07132746767925546 1.9455445784599226 3.3989675630902902
v 0.035510846257508 1.7731978478183361 3.3343918395783727
vt 0.109375 0.375
vt 0.046875 0.375
vt 0.046875 0.03125
vt 0.109375 0.03125
vt 0.15625 0.375
vt 0.109375 0.375
vt 0.109375 0.03125
vt 0.15625 0.03125
vt 0.109375 0.375
vt 0.046875 0.375
vt 0.046875 0.03125
vt 0.109375 0.03125
vt 0.109375 0.375
vt 0.15625 0.375
vt 0.15625 0.03125
vt 0.109375 0.03125
vt 0.046875 0.375
vt 0.109375 0.375
vt 0.109375 0.421875
vt 0.046875 0.421875
vt 0.109375 0.421875
vt 0.171875 0.421875
vt 0.171875 0.375
vt 0.109375 0.375
vn 0.19102198091598782 0.9191825634217949 0.3444038587302268
vn -0.6110854853353263 -0.16321961468487314 0.7745539923043522
vn -0.19102198091598782 -0.9191825634217949 -0.3444038587302268
vn 0.6110854853353263 0.16321961468487314 -0.7745539923043522
vn -0.7681699892728311 0.3584170370998837 -0.5305205887589278
vn 0.7681699892728311 -0.3584170370998837 0.5305205887589278
usemtl m_32106622-412d-50ea-c58d-eafbf6f5adea
f 1948/5836/1459 1951/5835/1459 1949/5834/1459 1946/5833/1459
f 1947/5840/1460 1948/5839/1460 1946/5838/1460 1945/5837/1460
f 1952/5844/1461 1947/5843/1461 1945/5842/1461 1950/5841/1461
f 1951/5848/1462 1952/5847/1462 1950/5846/1462 1949/5845/1462
f 1950/5852/1463 1945/5851/1463 1946/5850/1463 1949/5849/1463
f 1951/5856/1464 1948/5855/1464 1947/5854/1464 1952/5853/1464
o cube
v -0.519902799554008 1.8361956553061605 3.4743139904269285
v -0.4602084305177616 2.1234402063754714 3.581940196280124
v -0.23183905357669676 1.7017892663937042 3.6732592112115268
v -0.1721446845404504 1.9890338174630149 3.7808854170647224
v -0.07828000218318287 2.2254524655535173 3.097843951089904
v -0.13797437121942924 1.9382079144842064 2.9902177452367082
v 0.20978374379412834 2.0910460766410606 3.296789171874502
v 0.15008937475788198 1.8038015255717499 3.1891629660213066
vt 0.6875 0.09375
vt 0.53125 0.09375
vt 0.53125 0
vt 0.6875 0
vt 0.453125 0.09375
vt 0.53125 0.09375
vt 0.53125 0
vt 0.453125 0
vt 0.921875 0.09375
vt 0.765625 0.09375
vt 0.765625 0
vt 0.921875 0
vt 0.53125 0.09375
vt 0.453125 0.09375
vt 0.453125 0
vt 0.53125 0
vt 0.53125 0.09375
vt 0.6875 0.09375
vt 0.6875 0.171875
vt 0.53125 0.171875
vt 0.6875 0.171875
vt 0.84375 0.171875
vt 0.84375 0.09375
vt 0.6875 0.09375
vn 0.19102198091598782 0.9191825634217949 0.3444038587302268
vn -0.6110854853353263 -0.16321961468487314 0.7745539923043522
vn -0.19102198091598782 -0.9191825634217949 -0.3444038587302268
vn 0.6110854853353263 0.16321961468487314 -0.7745539923043522
vn -0.7681699892728311 0.3584170370998837 -0.5305205887589278
vn 0.7681699892728311 -0.3584170370998837 0.5305205887589278
usemtl m_32106622-412d-50ea-c58d-eafbf6f5adea
f 1956/5860/1465 1959/5859/1465 1957/5858/1465 1954/5857/1465
f 1955/5864/1466 1956/5863/1466 1954/5862/1466 1953/5861/1466
f 1960/5868/1467 1955/5867/1467 1953/5866/1467 1958/5865/1467
f 1959/5872/1468 1960/5871/1468 1958/5870/1468 1957/5869/1468
f 1958/5876/1469 1953/5875/1469 1954/5874/1469 1957/5873/1469
f 1959/5880/1470 1956/5879/1470 1955/5878/1470 1960/5877/1470
o cube
v -1.134223134342089 2.0948072072132686 3.124833173376754
v -1.0506510176913446 2.496949578710304 3.275509861571228
v -0.5580956423874666 1.8259944293883559 3.52272361494595
v -0.4745235257367222 2.228136800885391 3.6734003031404243
v -0.5923369036898505 2.6193642897239586 2.6945943673429644
v -0.6759090203405949 2.2172219182269237 2.5439176791484903
v -0.016209411735228052 2.350551511899046 3.0924848089121606
v -0.09978152838597243 1.9484091404020107 2.9418081207176865
vt 0.296875 0.890625
vt 0.109375 0.890625
vt 0.109375 0.703125
vt 0.296875 0.703125
vt 0.40625 0.890625
vt 0.296875 0.890625
vt 0.296875 0.703125
vt 0.40625 0.703125
vt 0.59375 0.890625
vt 0.40625 0.890625
vt 0.40625 0.703125
vt 0.59375 0.703125
vt 0.109375 0.890625
vt 0 0.890625
vt 0 0.703125
vt 0.109375 0.703125
vt 0.109375 0.890625
vt 0.296875 0.890625
vt 0.296875 1
vt 0.109375 1
vt 0.296875 1
vt 0.484375 1
vt 0.484375 0.890625
vt 0.296875 0.890625
vn 0.19102198091598782 0.9191825634217949 0.3444038587302268
vn -0.6110854853353263 -0.16321961468487314 0.7745539923043522
vn -0.19102198091598782 -0.9191825634217949 -0.3444038587302268
vn 0.6110854853353263 0.16321961468487314 -0.7745539923043522
vn -0.7681699892728311 0.3584170370998837 -0.5305205887589278
vn 0.7681699892728311 -0.3584170370998837 0.5305205887589278
usemtl m_32106622-412d-50ea-c58d-eafbf6f5adea
f 1964/5884/1471 1967/5883/1471 1965/5882/1471 1962/5881/1471
f 1963/5888/1472 1964/5887/1472 1962/5886/1472 1961/5885/1472
f 1968/5892/1473 1963/5891/1473 1961/5890/1473 1966/5889/1473
f 1967/5896/1474 1968/5895/1474 1966/5894/1474 1965/5893/1474
f 1966/5900/1475 1961/5899/1475 1962/5898/1475 1965/5897/1475
f 1967/5904/1476 1964/5903/1476 1963/5902/1476 1968/5901/1476
o cube
v 3.1560419424744897 1.3133034650836297 2.478045309271184
v 3.1272461906932305 0.7612467792322692 2.374071897832661
v 2.739078507218826 1.4040750266090987 2.111564385786723
v 2.710282755437567 0.8520183407577382 2.0075909743482
v 3.5455297916018447 0.8260369364736171 1.914217502686136
v 3.574325543383104 1.3780936223249776 2.0181909141246592
v 3.128566356346181 0.916808497999086 1.547736579201675
v 3.1573621081274403 1.4688651838504465 1.6517099906401982
vt 0.140625 0.5625
vt 0.296875 0.5625
vt 0.296875 0.421875
vt 0.140625 0.421875
vt 0 0.5625
vt 0.140625 0.5625
vt 0.140625 0.421875
vt 0 0.421875
vt 0.4375 0.5625
vt 0.59375 0.5625
vt 0.59375 0.421875
vt 0.4375 0.421875
vt 0.296875 0.5625
vt 0.4375 0.5625
vt 0.4375 0.421875
vt 0.296875 0.421875
vt 0.296875 0.5625
vt 0.140625 0.5625
vt 0.140625 0.703125
vt 0.296875 0.703125
vt 0.453125 0.703125
vt 0.296875 0.703125
vt 0.296875 0.5625
vt 0.453125 0.5625
vn -0.05119244761112794 -0.9814341081801964 -0.1848416203351525
vn -0.6692537614537725 -0.10366425158615514 0.7357670322344292
vn 0.05119244761112794 0.9814341081801964 0.1848416203351525
vn 0.6692537614537725 0.10366425158615514 -0.7357670322344292
vn 0.7412683293434027 -0.16137166493416696 0.651521641750154
vn -0.7412683293434027 0.16137166493416696 -0.651521641750154
usemtl m_32106622-412d-50ea-c58d-eafbf6f5adea
f 1972/5908/1477 1975/5907/1477 1973/5906/1477 1970/5905/1477
f 1971/5912/1478 1972/5911/1478 1970/5910/1478 1969/5909/1478
f 1976/5916/1479 1971/5915/1479 1969/5914/1479 1974/5913/1479
f 1975/5920/1480 1976/5919/1480 1974/5918/1480 1973/5917/1480
f 1974/5924/1481 1969/5923/1481 1970/5922/1481 1973/5921/1481
f 1975/5928/1482 1972/5927/1482 1971/5926/1482 1976/5925/1482
o cube
v 2.8067375875220737 1.1103348992510567 1.9618305004026804
v 2.7939394756192923 0.8649763722060076 1.9156200953188922
v 2.621420505186223 1.1506778154845985 1.7989500899651416
v 2.608622393283442 0.9053192884395493 1.752739684881354
v 3.0449096361644594 0.9038504665508162 1.6397074582309785
v 3.0577077480672408 1.1492089935958654 1.6859178633147662
v 2.859592553828609 0.9441933827843579 1.47682704779344
v 2.8723906657313902 1.189551909829407 1.5230374528772277
vt 0.65625 0.9375
vt 0.75 0.9375
vt 0.75 0.875
vt 0.65625 0.875
vt 0.59375 0.9375
vt 0.65625 0.9375
vt 0.65625 0.875
vt 0.59375 0.875
vt 0.8125 0.9375
vt 0.90625 0.9375
vt 0.90625 0.875
vt 0.8125 0.875
vt 0.75 0.9375
vt 0.8125 0.9375
vt 0.8125 0.875
vt 0.75 0.875
vt 0.75 0.9375
vt 0.65625 0.9375
vt 0.65625 1
vt 0.75 1
vt 0.84375 1
vt 0.75 1
vt 0.75 0.9375
vt 0.84375 0.9375
vn -0.05119244761112794 -0.9814341081801964 -0.1848416203351525
vn -0.6692537614537725 -0.10366425158615514 0.7357670322344292
vn 0.05119244761112794 0.9814341081801964 0.1848416203351525
vn 0.6692537614537725 0.10366425158615514 -0.7357670322344292
vn 0.7412683293434027 -0.16137166493416696 0.651521641750154
vn -0.7412683293434027 0.16137166493416696 -0.651521641750154
usemtl m_32106622-412d-50ea-c58d-eafbf6f5adea
f 1980/5932/1483 1983/5931/1483 1981/5930/1483 1978/5929/1483
f 1979/5936/1484 1980/5935/1484 1978/5934/1484 1977/5933/1484
f 1984/5940/1485 1979/5939/1485 1977/5938/1485 1982/5937/1485
f 1983/5944/1486 1984/5943/1486 1982/5942/1486 1981/5941/1486
f 1982/5948/1487 1977/5947/1487 1978/5946/1487 1981/5945/1487
f 1983/5952/1488 1980/5951/1488 1979/5950/1488 1984/5949/1488
o cube
v -0.06297336746759397 2.3467876712009916 3.0905852090492747
v 0.03932039767166878 2.453028970926143 3.2063652671177687
v 0.9709284774129888 1.4443572220652028 3.00519633609088
v 1.0732222425522515 1.550598521790354 3.1209763941593742
v 0.13184076126784144 2.577576815729352 3.0103351248566668
v 0.029546996128578695 2.471335516004201 2.8945550667881728
v 1.1657426061484242 1.6751463665935624 2.9249462518982723
v 1.0634488410091616 1.5689050668684112 2.8091661938297783
vt 0.046875 0.375
vt 0.109375 0.375
vt 0.109375 0.03125
vt 0.046875 0.03125
vt 0.15625 0.375
vt 0.109375 0.375
vt 0.109375 0.03125
vt 0.15625 0.03125
vt 0.046875 0.375
vt 0.109375 0.375
vt 0.109375 0.03125
vt 0.046875 0.03125
vt 0.109375 0.375
vt 0.15625 0.375
vt 0.15625 0.03125
vt 0.109375 0.03125
vt 0.109375 0.375
vt 0.046875 0.375
vt 0.046875 0.421875
vt 0.109375 0.421875
vt 0.171875 0.421875
vt 0.109375 0.421875
vt 0.109375 0.375
vt 0.171875 0.375
vn 0.5455667474094013 0.5666202652008084 0.6174936430319687
vn -0.3700814543846912 -0.4981913792128366 0.7841205690444062
vn -0.5455667474094013 -0.5666202652008084 -0.6174936430319687
vn 0.3700814543846912 0.4981913792128366 -0.7841205690444062
vn -0.7519286144586055 0.6563130539169378 0.062100998515196196
vn 0.7519286144586055 -0.6563130539169378 -0.062100998515196196
usemtl m_32106622-412d-50ea-c58d-eafbf6f5adea
f 1988/5956/1489 1991/5955/1489 1989/5954/1489 1986/5953/1489
f 1987/5960/1490 1988/5959/1490 1986/5958/1490 1985/5957/1490
f 1992/5964/1491 1987/5963/1491 1985/5962/1491 1990/5961/1491
f 1991/5968/1492 1992/5967/1492 1990/5966/1492 1989/5965/1492
f 1990/5972/1493 1985/5971/1493 1986/5970/1493 1989/5969/1493
f 1991/5976/1494 1988/5975/1494 1987/5974/1494 1992/5973/1494
o cube
v 0.6195649742938821 1.5970637336816482 3.1755068172299046
v 0.79005458285932 1.7741325665569008 3.368473580677395
v 0.9015382047158592 1.350946338462796 3.152218942786706
v 1.0720278132812973 1.5280151713380485 3.3451857062341963
v 1.0213554918497523 2.0855021785649237 2.8783982250246405
v 0.8508658832843145 1.9084333456896712 2.68543146157715
v 1.3033287222717296 1.8393847833460715 2.855110350581442
v 1.1328391137062916 1.662315950470819 2.6621435871339516
vt 0.53125 0.09375
vt 0.6875 0.09375
vt 0.6875 0
vt 0.53125 0
vt 0.453125 0.09375
vt 0.53125 0.09375
vt 0.53125 0
vt 0.453125 0
vt 0.765625 0.09375
vt 0.921875 0.09375
vt 0.921875 0
vt 0.765625 0
vt 0.53125 0.09375
vt 0.453125 0.09375
vt 0.453125 0
vt 0.53125 0
vt 0.6875 0.09375
vt 0.53125 0.09375
vt 0.53125 0.171875
vt 0.6875 0.171875
vt 0.84375 0.171875
vt 0.6875 0.171875
vt 0.6875 0.09375
vt 0.84375 0.09375
vn 0.5455667474094013 0.5666202652008084 0.6174936430319687
vn -0.3700814543846912 -0.4981913792128366 0.7841205690444062
vn -0.5455667474094013 -0.5666202652008084 -0.6174936430319687
vn 0.3700814543846912 0.4981913792128366 -0.7841205690444062
vn -0.7519286144586055 0.6563130539169378 0.062100998515196196
vn 0.7519286144586055 -0.6563130539169378 -0.062100998515196196
usemtl m_32106622-412d-50ea-c58d-eafbf6f5adea
f 1996/5980/1495 1999/5979/1495 1997/5978/1495 1994/5977/1495
f 1995/5984/1496 1996/5983/1496 1994/5982/1496 1993/5981/1496
f 2000/5988/1497 1995/5987/1497 1993/5986/1497 1998/5985/1497
f 1999/5992/1498 2000/5991/1498 1998/5990/1498 1997/5989/1498
f 1998/5996/1499 1993/5995/1499 1994/5994/1499 1997/5993/1499
f 1999/6000/1500 1996/5999/1500 1995/5998/1500 2000/5997/1500
o cube
v 0.03248842255088469 2.0581615629185483 3.2710901016815774
v 0.27117387454249775 2.3060579289439023 3.5412435705080636
v 0.5964348833948389 1.5659267724808457 3.2245143527951807
v 0.8351203353864519 1.8138231385061996 3.494667821621667
v 0.5487349653310168 2.6797014633535303 2.9531531437247587
v 0.3100495133394038 2.4318050973281764 2.682999674898272
v 1.1126814261749711 2.1874666729158267 2.9065773948383615
v 0.873995974183358 1.9395703068904728 2.636423926011875
vt 0.109375 0.890625
vt 0.296875 0.890625
vt 0.296875 0.703125
vt 0.109375 0.703125
vt 0 0.890625
vt 0.109375 0.890625
vt 0.109375 0.703125
vt 0 0.703125
vt 0.40625 0.890625
vt 0.59375 0.890625
vt 0.59375 0.703125
vt 0.40625 0.703125
vt 0.296875 0.890625
vt 0.40625 0.890625
vt 0.40625 0.703125
vt 0.296875 0.703125
vt 0.296875 0.890625
vt 0.109375 0.890625
vt 0.109375 1
vt 0.296875 1
vt 0.484375 1
vt 0.296875 1
vt 0.296875 0.890625
vt 0.484375 0.890625
vn 0.5455667474094013 0.5666202652008084 0.6174936430319687
vn -0.3700814543846912 -0.4981913792128366 0.7841205690444062
vn -0.5455667474094013 -0.5666202652008084 -0.6174936430319687
vn 0.3700814543846912 0.4981913792128366 -0.7841205690444062
vn -0.7519286144586055 0.6563130539169378 0.062100998515196196
vn 0.7519286144586055 -0.6563130539169378 -0.062100998515196196
usemtl m_32106622-412d-50ea-c58d-eafbf6f5adea
f 2004/6004/1501 2007/6003/1501 2005/6002/1501 2002/6001/1501
f 2003/6008/1502 2004/6007/1502 2002/6006/1502 2001/6005/1502
f 2008/6012/1503 2003/6011/1503 2001/6010/1503 2006/6009/1503
f 2007/6016/1504 2008/6015/1504 2006/6014/1504 2005/6013/1504
f 2006/6020/1505 2001/6019/1505 2002/6018/1505 2005/6017/1505
f 2007/6024/1506 2004/6023/1506 2003/6022/1506 2008/6021/1506
o cube
v 2.2673076418023506 2.45836188440522 3.0487578544757614
v 2.286554357691654 1.997945812780893 3.3713301020692303
v 2.0644844320976743 2.1516519691915614 2.6230842429907137
v 2.0837311479869776 1.6912358975672341 2.9456564905841827
v 2.869118463773148 1.8848943173601875 3.175209165684019
v 2.849871747883845 2.345310388984515 2.8526369180905506
v 2.666295254068472 1.5781844021465283 2.7495355541989714
v 2.6470485381791686 2.038600473770856 2.4269633066055025
vt 0.140625 0.5625
vt 0.296875 0.5625
vt 0.296875 0.421875
vt 0.140625 0.421875
vt 0 0.5625
vt 0.140625 0.5625
vt 0.140625 0.421875
vt 0 0.421875
vt 0.4375 0.5625
vt 0.59375 0.5625
vt 0.59375 0.421875
vt 0.4375 0.421875
vt 0.296875 0.5625
vt 0.4375 0.5625
vt 0.4375 0.421875
vt 0.296875 0.421875
vt 0.296875 0.5625
vt 0.140625 0.5625
vt 0.140625 0.703125
vt 0.296875 0.703125
vt 0.453125 0.703125
vt 0.296875 0.703125
vt 0.296875 0.5625
vt 0.453125 0.5625
vn 0.0342163838032051 -0.8185174606654664 0.573461773499497
vn -0.9321025697303906 0.18088239267312903 0.3137934982163374
vn -0.0342163838032051 0.8185174606654664 -0.573461773499497
vn 0.9321025697303906 -0.18088239267312903 -0.3137934982163374
vn 0.3605745950305351 0.5452620714909487 0.7567530870845293
vn -0.3605745950305351 -0.5452620714909487 -0.7567530870845293
usemtl m_32106622-412d-50ea-c58d-eafbf6f5adea
f 2012/6028/1507 2015/6027/1507 2013/6026/1507 2010/6025/1507
f 2011/6032/1508 2012/6031/1508 2010/6030/1508 2009/6029/1508
f 2016/6036/1509 2011/6035/1509 2009/6034/1509 2014/6033/1509
f 2015/6040/1510 2016/6039/1510 2014/6038/1510 2013/6037/1510
f 2014/6044/1511 2009/6043/1511 2010/6042/1511 2013/6041/1511
f 2015/6048/1512 2012/6047/1512 2011/6046/1512 2016/6045/1512
o cube
v 2.191689873252476 1.8732549636494602 2.7630668599322656
v 2.200243969203277 1.6686255984830929 2.9064323033071404
v 2.101546224494842 1.7369394457767233 2.5738785881611337
v 2.1101003204456434 1.532310080610356 2.7172440315360085
v 2.549782432852175 1.6007947012306691 2.7887597414760132
v 2.5412283369013737 1.8054240663970367 2.6453942981011385
v 2.4596387840945413 1.4644791833579323 2.5995714697048813
v 2.45108468814374 1.6691085485242998 2.4562060263300065
vt 0.65625 0.9375
vt 0.75 0.9375
vt 0.75 0.875
vt 0.65625 0.875
vt 0.59375 0.9375
vt 0.65625 0.9375
vt 0.65625 0.875
vt 0.59375 0.875
vt 0.8125 0.9375
vt 0.90625 0.9375
vt 0.90625 0.875
vt 0.8125 0.875
vt 0.75 0.9375
vt 0.8125 0.9375
vt 0.8125 0.875
vt 0.75 0.875
vt 0.75 0.9375
vt 0.65625 0.9375
vt 0.65625 1
vt 0.75 1
vt 0.84375 1
vt 0.75 1
vt 0.75 0.9375
vt 0.84375 0.9375
vn 0.0342163838032051 -0.8185174606654664 0.573461773499497
vn -0.9321025697303906 0.18088239267312903 0.3137934982163374
vn -0.0342163838032051 0.8185174606654664 -0.573461773499497
vn 0.9321025697303906 -0.18088239267312903 -0.3137934982163374
vn 0.3605745950305351 0.5452620714909487 0.7567530870845293
vn -0.3605745950305351 -0.5452620714909487 -0.7567530870845293
usemtl m_32106622-412d-50ea-c58d-eafbf6f5adea
f 2020/6052/1513 2023/6051/1513 2021/6050/1513 2018/6049/1513
f 2019/6056/1514 2020/6055/1514 2018/6054/1514 2017/6053/1514
f 2024/6060/1515 2019/6059/1515 2017/6058/1515 2022/6057/1515
f 2023/6064/1516 2024/6063/1516 2022/6062/1516 2021/6061/1516
f 2022/6068/1517 2017/6067/1517 2018/6066/1517 2021/6065/1517
f 2023/6072/1518 2020/6071/1518 2019/6070/1518 2024/6069/1518
o cube
v 2.4307616445768403 1.7153881276056229 1.9471441444627375
v 2.3920379331187425 1.8000284104363962 2.1099100705444496
v 3.4943901386676206 1.0719598665700456 2.534783063748145
v 3.4556664272095237 1.156600149400819 2.697548989829857
v 2.504376930286223 1.942485164472422 2.0625574260045334
v 2.5431006417443207 1.8578448816416486 1.8997914999228214
v 3.568005424377004 1.2990569034368447 2.6501963452899404
v 3.606729135835101 1.2144166206060714 2.4874304192082284
vt 0.265625 0.375
vt 0.3125 0.375
vt 0.3125 0.03125
vt 0.265625 0.03125
vt 0.21875 0.375
vt 0.265625 0.375
vt 0.265625 0.03125
vt 0.21875 0.03125
vt 0.3125 0.375
vt 0.265625 0.375
vt 0.265625 0.03125
vt 0.3125 0.03125
vt 0.3125 0.375
vt 0.359375 0.375
vt 0.359375 0.03125
vt 0.3125 0.03125
vt 0.3125 0.375
vt 0.265625 0.375
vt 0.265625 0.421875
vt 0.3125 0.421875
vt 0.359375 0.421875
vt 0.3125 0.421875
vt 0.3125 0.375
vt 0.359375 0.375
vn -0.2065264611098509 0.4514148417641191 0.8680849391024572
vn -0.5991413182265648 -0.7597693548588096 0.2525474375462213
vn 0.2065264611098509 -0.4514148417641191 -0.8680849391024572
vn 0.5991413182265648 0.7597693548588096 -0.2525474375462213
vn -0.773547995702384 0.4679478262076914 -0.42737375948029505
vn 0.773547995702384 -0.4679478262076914 0.42737375948029505
usemtl m_32106622-412d-50ea-c58d-eafbf6f5adea
f 2028/6076/1519 2031/6075/1519 2029/6074/1519 2026/6073/1519
f 2027/6080/1520 2028/6079/1520 2026/6078/1520 2025/6077/1520
f 2032/6084/1521 2027/6083/1521 2025/6082/1521 2030/6081/1521
f 2031/6088/1522 2032/6087/1522 2030/6086/1522 2029/6085/1522
f 2030/6092/1523 2025/6091/1523 2026/6090/1523 2029/6089/1523
f 2031/6096/1524 2028/6095/1524 2027/6094/1524 2032/6093/1524
o cube
v 2.058588960882641 1.9863208986632608 2.5159236984095985
v 2.157268626230192 1.9009368883801474 2.6505644962194346
v 2.0580002961736708 0.8249345826641656 1.7798486489180938
v 2.1566799615212218 0.7395505723810523 1.9144894467279299
v 2.369844645378285 1.9712945914283373 2.5393834290140234
v 2.271164980030734 2.0566786017114507 2.4047426312041873
v 2.369255980669315 0.8099082754292426 1.8033083795225187
v 2.270576315321764 0.895292285712356 1.6686675817126826
vt 0.046875 0.375
vt 0.109375 0.375
vt 0.109375 0.03125
vt 0.046875 0.03125
vt 0.15625 0.375
vt 0.109375 0.375
vt 0.109375 0.03125
vt 0.15625 0.03125
vt 0.046875 0.375
vt 0.109375 0.375
vt 0.109375 0.03125
vt 0.046875 0.03125
vt 0.109375 0.375
vt 0.15625 0.375
vt 0.15625 0.03125
vt 0.109375 0.03125
vt 0.109375 0.375
vt 0.046875 0.375
vt 0.046875 0.421875
vt 0.109375 0.421875
vt 0.171875 0.421875
vt 0.109375 0.421875
vt 0.109375 0.375
vt 0.171875 0.375
vn 0.5262915485202688 -0.45538138817660007 0.7180842549857852
vn -0.8503040765923591 -0.2814308121927559 0.4447242688216391
vn -0.5262915485202688 0.45538138817660007 -0.7180842549857852
vn 0.8503040765923591 0.2814308121927559 -0.4447242688216391
vn 0.0004281197883418686 0.8446445934538849 0.5353273087210929
vn -0.0004281197883418686 -0.8446445934538849 -0.5353273087210929
usemtl m_32106622-412d-50ea-c58d-eafbf6f5adea
f 2036/6100/1525 2039/6099/1525 2037/6098/1525 2034/6097/1525
f 2035/6104/1526 2036/6103/1526 2034/6102/1526 2033/6101/1526
f 2040/6108/1527 2035/6107/1527 2033/6106/1527 2038/6105/1527
f 2039/6112/1528 2040/6111/1528 2038/6110/1528 2037/6109/1528
f 2038/6116/1529 2033/6115/1529 2034/6114/1529 2037/6113/1529
f 2039/6120/1530 2036/6119/1530 2035/6118/1530 2040/6117/1530
o cube
v 1.8987288267332318 1.0889080279232322 2.063982190092561
v 2.0631949356458175 0.9466013441180436 2.288383519775621
v 1.898568281812604 0.7721663053780241 1.8632344493221509
v 2.0630343907251896 0.6298596215728356 2.0876357790052107
v 2.5946349835160425 1.1224956017385157 2.0104308517620963
v 2.430168874603457 1.2648022855437042 1.7860295220790365
v 2.5944744385954146 0.8057538791933081 1.8096831109916862
v 2.430008329682829 0.9480605629984966 1.5852817813086264
vt 0.53125 0.09375
vt 0.6875 0.09375
vt 0.6875 0
vt 0.53125 0
vt 0.453125 0.09375
vt 0.53125 0.09375
vt 0.53125 0
vt 0.453125 0
vt 0.765625 0.09375
vt 0.921875 0.09375
vt 0.921875 0
vt 0.765625 0
vt 0.53125 0.09375
vt 0.453125 0.09375
vt 0.453125 0
vt 0.53125 0
vt 0.6875 0.09375
vt 0.53125 0.09375
vt 0.53125 0.171875
vt 0.6875 0.171875
vt 0.84375 0.171875
vt 0.6875 0.171875
vt 0.6875 0.09375
vt 0.84375 0.09375
vn 0.5262915485202688 -0.45538138817660007 0.7180842549857852
vn -0.8503040765923591 -0.2814308121927559 0.4447242688216391
vn -0.5262915485202688 0.45538138817660007 -0.7180842549857852
vn 0.8503040765923591 0.2814308121927559 -0.4447242688216391
vn 0.0004281197883418686 0.8446445934538849 0.5353273087210929
vn -0.0004281197883418686 -0.8446445934538849 -0.5353273087210929
usemtl m_32106622-412d-50ea-c58d-eafbf6f5adea
f 2044/6124/1531 2047/6123/1531 2045/6122/1531 2042/6121/1531
f 2043/6128/1532 2044/6127/1532 2042/6126/1532 2041/6125/1532
f 2048/6132/1533 2043/6131/1533 2041/6130/1533 2046/6129/1533
f 2047/6136/1534 2048/6135/1534 2046/6134/1534 2045/6133/1534
f 2046/6140/1535 2041/6139/1535 2042/6138/1535 2045/6137/1535
f 2047/6144/1536 2044/6143/1536 2043/6142/1536 2048/6141/1536
o cube
v 1.8459059117874665 1.7048020472516012 2.4932729384347345
v 2.076158464265086 1.5055726899243371 2.807434799991018
v 1.8455848219462099 1.0713186021611847 2.0917774568939134
v 2.075837374423829 0.8720892448339206 2.405939318450197
v 2.713886521709354 1.7166457990689037 2.47389159837479
v 2.4836339692317346 1.9158751563961673 2.159729736818506
v 2.7135654318680973 1.0831623539784871 2.0723961168339686
v 2.483312879390478 1.2823917113057512 1.758234255277685
vt 0.109375 0.890625
vt 0.296875 0.890625
vt 0.296875 0.703125
vt 0.109375 0.703125
vt 0 0.890625
vt 0.109375 0.890625
vt 0.109375 0.703125
vt 0 0.703125
vt 0.40625 0.890625
vt 0.59375 0.890625
vt 0.59375 0.703125
vt 0.40625 0.703125
vt 0.296875 0.890625
vt 0.40625 0.890625
vt 0.40625 0.703125
vt 0.296875 0.703125
vt 0.296875 0.890625
vt 0.109375 0.890625
vt 0.109375 1
vt 0.296875 1
vt 0.484375 1
vt 0.296875 1
vt 0.296875 0.890625
vt 0.484375 0.890625
vn 0.5262915485202688 -0.45538138817660007 0.7180842549857852
vn -0.8503040765923591 -0.2814308121927559 0.4447242688216391
vn -0.5262915485202688 0.45538138817660007 -0.7180842549857852
vn 0.8503040765923591 0.2814308121927559 -0.4447242688216391
vn 0.0004281197883418686 0.8446445934538849 0.5353273087210929
vn -0.0004281197883418686 -0.8446445934538849 -0.5353273087210929
usemtl m_32106622-412d-50ea-c58d-eafbf6f5adea
f 2052/6148/1537 2055/6147/1537 2053/6146/1537 2050/6145/1537
f 2051/6152/1538 2052/6151/1538 2050/6150/1538 2049/6149/1538
f 2056/6156/1539 2051/6155/1539 2049/6154/1539 2054/6153/1539
f 2055/6160/1540 2056/6159/1540 2054/6158/1540 2053/6157/1540
f 2054/6164/1541 2049/6163/1541 2050/6162/1541 2053/6161/1541
f 2055/6168/1542 2052/6167/1542 2051/6166/1542 2056/6165/1542
o cube
v 2.8891642762108116 1.99347283310812 1.3096247166426918
v 2.879898458475596 1.8597390897380617 1.4407188832021895
v 4.002637196671898 1.3907225192933703 0.7734390075865121
v 3.9933713789366836 1.2569887759233125 0.9045331741460099
v 3.0260542616723303 1.9964679192576487 1.5905311269278655
v 3.0353200794075454 2.130201662627707 1.4594369603683677
v 4.139527182133417 1.3937176054428995 1.0543454178716858
v 4.148792999868633 1.5274513488129573 0.923251251312188
vt 0.046875 0.375
vt 0.109375 0.375
vt 0.109375 0.03125
vt 0.046875 0.03125
vt 0.15625 0.375
vt 0.109375 0.375
vt 0.109375 0.03125
vt 0.15625 0.03125
vt 0.046875 0.375
vt 0.109375 0.375
vt 0.109375 0.03125
vt 0.046875 0.03125
vt 0.109375 0.375
vt 0.15625 0.375
vt 0.15625 0.03125
vt 0.109375 0.03125
vt 0.109375 0.375
vt 0.046875 0.375
vt 0.046875 0.421875
vt 0.109375 0.421875
vt 0.171875 0.421875
vt 0.109375 0.421875
vt 0.109375 0.375
vt 0.171875 0.375
vn -0.049417694587815725 -0.7132466313069754 0.6991688883173199
vn -0.5846232127869355 -0.5469153180783479 -0.5992489749027038
vn 0.049417694587815725 0.7132466313069754 -0.6991688883173199
vn 0.5846232127869355 0.5469153180783479 0.5992489749027038
vn -0.8097984876080637 0.438363864592545 0.38995324294994876
vn 0.8097984876080637 -0.438363864592545 -0.38995324294994876
usemtl m_32106622-412d-50ea-c58d-eafbf6f5adea
f 2060/6172/1543 2063/6171/1543 2061/6170/1543 2058/6169/1543
f 2059/6176/1544 2060/6175/1544 2058/6174/1544 2057/6173/1544
f 2064/6180/1545 2059/6179/1545 2057/6178/1545 2062/6177/1545
f 2063/6184/1546 2064/6183/1546 2062/6182/1546 2061/6181/1546
f 2062/6188/1547 2057/6187/1547 2058/6186/1547 2061/6185/1547
f 2063/6192/1548 2060/6191/1548 2059/6190/1548 2064/6189/1548
o cube
v 3.589345911421325 1.4525623463758848 0.8073122908984858
v 3.573902881862632 1.229672774092455 1.0258025684976482
v 3.8930203442743485 1.28817589715368 0.6610798247922549
v 3.877577314715656 1.0652863248702502 0.8795701023914178
v 3.939292389854467 1.5714948478914224 1.4003331778118384
v 3.9547354194131596 1.7943844201748522 1.181842900212676
v 4.242966822707491 1.4071083986692177 1.254100711705607
v 4.258409852266183 1.6299979709526475 1.0356104341064447
vt 0.53125 0.09375
vt 0.6875 0.09375
vt 0.6875 0
vt 0.53125 0
vt 0.453125 0.09375
vt 0.53125 0.09375
vt 0.53125 0
vt 0.453125 0
vt 0.765625 0.09375
vt 0.921875 0.09375
vt 0.921875 0
vt 0.765625 0
vt 0.53125 0.09375
vt 0.453125 0.09375
vt 0.453125 0
vt 0.53125 0
vt 0.6875 0.09375
vt 0.53125 0.09375
vt 0.53125 0.171875
vt 0.6875 0.171875
vt 0.84375 0.171875
vt 0.6875 0.171875
vt 0.6875 0.09375
vt 0.84375 0.09375
vn -0.049417694587815725 -0.7132466313069754 0.6991688883173199
vn -0.5846232127869355 -0.5469153180783479 -0.5992489749027038
vn 0.049417694587815725 0.7132466313069754 -0.6991688883173199
vn 0.5846232127869355 0.5469153180783479 0.5992489749027038
vn -0.8097984876080637 0.438363864592545 0.38995324294994876
vn 0.8097984876080637 -0.438363864592545 -0.38995324294994876
usemtl m_32106622-412d-50ea-c58d-eafbf6f5adea
f 2068/6196/1549 2071/6195/1549 2069/6194/1549 2066/6193/1549
f 2067/6200/1550 2068/6199/1550 2066/6198/1550 2065/6197/1550
f 2072/6204/1551 2067/6203/1551 2065/6202/1551 2070/6201/1551
f 2071/6208/1552 2072/6207/1552 2070/6206/1552 2069/6205/1552
f 2070/6212/1553 2065/6211/1553 2066/6210/1553 2069/6209/1553
f 2071/6216/1554 2068/6215/1554 2067/6214/1554 2072/6213/1554
o cube
v 2.9454580949160936 1.7471530374403965 1.0623241621795283
v 2.9238378535339242 1.4351076362435946 1.3682105508183562
v 3.5528069606221413 1.418380138995988 0.7698592299670666
v 3.5311867192399715 1.1063347377991861 1.0757456186058936
v 3.3623052631241257 1.845294124802356 1.817647281995383
v 3.383925504506295 2.1573395259991575 1.511760893356556
v 3.9696541288301734 1.5165212263579475 1.5251823497829222
v 3.9912743702123423 1.828566627554749 1.2192959611440952
vt 0.109375 0.890625
vt 0.296875 0.890625
vt 0.296875 0.703125
vt 0.109375 0.703125
vt 0 0.890625
vt 0.109375 0.890625
vt 0.109375 0.703125
vt 0 0.703125
vt 0.40625 0.890625
vt 0.59375 0.890625
vt 0.59375 0.703125
vt 0.40625 0.703125
vt 0.296875 0.890625
vt 0.40625 0.890625
vt 0.40625 0.703125
vt 0.296875 0.703125
vt 0.296875 0.890625
vt 0.109375 0.890625
vt 0.109375 1
vt 0.296875 1
vt 0.484375 1
vt 0.296875 1
vt 0.296875 0.890625
vt 0.484375 0.890625
vn -0.049417694587815725 -0.7132466313069754 0.6991688883173199
vn -0.5846232127869355 -0.5469153180783479 -0.5992489749027038
vn 0.049417694587815725 0.7132466313069754 -0.6991688883173199
vn 0.5846232127869355 0.5469153180783479 0.5992489749027038
vn -0.8097984876080637 0.438363864592545 0.38995324294994876
vn 0.8097984876080637 -0.438363864592545 -0.38995324294994876
usemtl m_32106622-412d-50ea-c58d-eafbf6f5adea
f 2076/6220/1555 2079/6219/1555 2077/6218/1555 2074/6217/1555
f 2075/6224/1556 2076/6223/1556 2074/6222/1556 2073/6221/1556
f 2080/6228/1557 2075/6227/1557 2073/6226/1557 2078/6225/1557
f 2079/6232/1558 2080/6231/1558 2078/6230/1558 2077/6229/1558
f 2078/6236/1559 2073/6235/1559 2074/6234/1559 2077/6233/1559
f 2079/6240/1560 2076/6239/1560 2075/6238/1560 2080/6237/1560
o cube
v -0.5670542060482786 2.77973675142845 2.4824639273260134
v -0.6044887218922176 2.955953801672992 2.534449100468386
v -1.718272444069713 2.3526312987869917 3.101255088195942
v -1.7557069599136519 2.528848349031534 3.153240261338315
v -0.47722113014287226 2.9203832495153907 2.7466699663358245
v -0.4397866142989333 2.7441661992708486 2.694684793193452
v -1.6284393681643066 2.4932777968739326 3.3654611272057533
v -1.5910048523203677 2.3170607466293904 3.3134759540633807
vt 0.109375 0.375
vt 0.046875 0.375
vt 0.046875 0.03125
vt 0.109375 0.03125
vt 0.15625 0.375
vt 0.109375 0.375
vt 0.109375 0.03125
vt 0.15625 0.03125
vt 0.109375 0.375
vt 0.046875 0.375
vt 0.046875 0.03125
vt 0.109375 0.03125
vt 0.109375 0.375
vt 0.15625 0.375
vt 0.15625 0.03125
vt 0.109375 0.03125
vt 0.046875 0.375
vt 0.109375 0.375
vt 0.109375 0.421875
vt 0.046875 0.421875
vt 0.109375 0.421875
vt 0.171875 0.421875
vt 0.171875 0.375
vt 0.109375 0.375
vn -0.19965075116767433 0.939824267970891 0.27725425675931936
vn -0.5090703669973818 0.14228220863040558 -0.8488834634697539
vn 0.19965075116767433 -0.939824267970891 -0.27725425675931936
vn 0.5090703669973818 -0.14228220863040558 0.8488834634697539
vn 0.8372496276519533 0.31062214737560667 -0.450029935178131
vn -0.8372496276519533 -0.31062214737560667 0.450029935178131
usemtl m_32106622-412d-50ea-c58d-eafbf6f5adea
f 2084/6244/1561 2087/6243/1561 2085/6242/1561 2082/6241/1561
f 2083/6248/1562 2084/6247/1562 2082/6246/1562 2081/6245/1562
f 2088/6252/1563 2083/6251/1563 2081/6250/1563 2086/6249/1563
f 2087/6256/1564 2088/6255/1564 2086/6254/1564 2085/6253/1564
f 2086/6260/1565 2081/6259/1565 2082/6258/1565 2085/6257/1565
f 2087/6264/1566 2084/6263/1566 2083/6262/1566 2088/6261/1566
o cube
v -1.4997545275122413 2.495792518171045 2.7733282131035644
v -1.5621453872521396 2.789487601911948 2.859970168340852
v -1.8137231378817222 2.379309212905193 2.942089438795363
v -1.8761139976216206 2.6730042966460963 3.0287313940326506
v -1.2439764078787758 2.700561221517945 3.390522333009449
v -1.1815855481388775 2.4068661377770413 3.3038803777721615
v -1.5579450182482568 2.5840779162520926 3.559283558701247
v -1.4955541585083585 2.2903828325111895 3.472641603463959
vt 0.6875 0.09375
vt 0.53125 0.09375
vt 0.53125 0
vt 0.6875 0
vt 0.453125 0.09375
vt 0.53125 0.09375
vt 0.53125 0
vt 0.453125 0
vt 0.921875 0.09375
vt 0.765625 0.09375
vt 0.765625 0
vt 0.921875 0
vt 0.53125 0.09375
vt 0.453125 0.09375
vt 0.453125 0
vt 0.53125 0
vt 0.53125 0.09375
vt 0.6875 0.09375
vt 0.6875 0.171875
vt 0.53125 0.171875
vt 0.6875 0.171875
vt 0.84375 0.171875
vt 0.84375 0.09375
vt 0.6875 0.09375
vn -0.19965075116767433 0.939824267970891 0.27725425675931936
vn -0.5090703669973818 0.14228220863040558 -0.8488834634697539
vn 0.19965075116767433 -0.939824267970891 -0.27725425675931936
vn 0.5090703669973818 -0.14228220863040558 0.8488834634697539
vn 0.8372496276519533 0.31062214737560667 -0.450029935178131
vn -0.8372496276519533 -0.31062214737560667 0.450029935178131
usemtl m_32106622-412d-50ea-c58d-eafbf6f5adea
f 2092/6268/1567 2095/6267/1567 2093/6266/1567 2090/6265/1567
f 2091/6272/1568 2092/6271/1568 2090/6270/1568 2089/6269/1568
f 2096/6276/1569 2091/6275/1569 2089/6274/1569 2094/6273/1569
f 2095/6280/1570 2096/6279/1570 2094/6278/1570 2093/6277/1570
f 2094/6284/1571 2089/6283/1571 2090/6282/1571 2093/6281/1571
f 2095/6288/1572 2092/6287/1572 2091/6286/1572 2096/6285/1572
o cube
v -0.9036342047106127 2.73765176674215 2.3827505452531073
v -0.9909814083464703 3.1488248839794144 2.504049282585309
v -1.5315714254495778 2.5046851562104453 2.720272996636705
v -1.6189186290854354 2.91585827344771 2.841571733968907
v -0.6091786330984339 3.0421132275066105 3.1407118801876246
v -0.5218314294625763 2.6309401102693455 3.0194131428554227
v -1.237115853837399 2.809146616974906 3.4782343315712225
v -1.1497686502015414 2.397973499737641 3.3569355942390207
vt 0.296875 0.890625
vt 0.109375 0.890625
vt 0.109375 0.703125
vt 0.296875 0.703125
vt 0.40625 0.890625
vt 0.296875 0.890625
vt 0.296875 0.703125
vt 0.40625 0.703125
vt 0.59375 0.890625
vt 0.40625 0.890625
vt 0.40625 0.703125
vt 0.59375 0.703125
vt 0.109375 0.890625
vt 0 0.890625
vt 0 0.703125
vt 0.109375 0.703125
vt 0.109375 0.890625
vt 0.296875 0.890625
vt 0.296875 1
vt 0.109375 1
vt 0.296875 1
vt 0.484375 1
vt 0.484375 0.890625
vt 0.296875 0.890625
vn -0.19965075116767433 0.939824267970891 0.27725425675931936
vn -0.5090703669973818 0.14228220863040558 -0.8488834634697539
vn 0.19965075116767433 -0.939824267970891 -0.27725425675931936
vn 0.5090703669973818 -0.14228220863040558 0.8488834634697539
vn 0.8372496276519533 0.31062214737560667 -0.450029935178131
vn -0.8372496276519533 -0.31062214737560667 0.450029935178131
usemtl m_32106622-412d-50ea-c58d-eafbf6f5adea
f 2100/6292/1573 2103/6291/1573 2101/6290/1573 2098/6289/1573
f 2099/6296/1574 2100/6295/1574 2098/6294/1574 2097/6293/1574
f 2104/6300/1575 2099/6299/1575 2097/6298/1575 2102/6297/1575
f 2103/6304/1576 2104/6303/1576 2102/6302/1576 2101/6301/1576
f 2102/6308/1577 2097/6307/1577 2098/6306/1577 2101/6305/1577
f 2103/6312/1578 2100/6311/1578 2099/6310/1578 2104/6309/1578
o cube
v 2.6168203145178413 2.5585272671987562 1.2279751540075008
v 2.577984904531764 2.6408219707219773 1.3919130773298316
v 3.145140584836449 1.4785933148964023 1.8952422299486782
v 3.1063051748503723 1.5608880184196234 2.059180153271009
v 2.8029106506176893 2.749937431017261 1.390421409726795
v 2.8417460606037666 2.66764272749404 1.2264834864044643
v 3.3312309209362976 1.6700034787149072 2.0576884856679727
v 3.3700663309223744 1.587708775191686 1.8937505623456419
vt 0.046875 0.375
vt 0.109375 0.375
vt 0.109375 0.03125
vt 0.046875 0.03125
vt 0.15625 0.375
vt 0.109375 0.375
vt 0.109375 0.03125
vt 0.15625 0.03125
vt 0.046875 0.375
vt 0.109375 0.375
vt 0.109375 0.03125
vt 0.046875 0.03125
vt 0.109375 0.375
vt 0.15625 0.375
vt 0.15625 0.03125
vt 0.109375 0.03125
vt 0.109375 0.375
vt 0.046875 0.375
vt 0.046875 0.421875
vt 0.109375 0.421875
vt 0.171875 0.421875
vt 0.109375 0.421875
vt 0.109375 0.375
vt 0.171875 0.375
vn -0.20712218659241144 0.4389050854571786 0.8743355910524319
vn -0.899702984343703 -0.43646184118113607 0.0059666704121453555
vn 0.20712218659241144 -0.4389050854571786 -0.8743355910524319
vn 0.899702984343703 0.43646184118113607 -0.0059666704121453555
vn -0.3842329238680786 0.7854065107653484 -0.4852851461390384
vn 0.3842329238680786 -0.7854065107653484 0.4852851461390384
usemtl m_32106622-412d-50ea-c58d-eafbf6f5adea
f 2108/6316/1579 2111/6315/1579 2109/6314/1579 2106/6313/1579
f 2107/6320/1580 2108/6319/1580 2106/6318/1580 2105/6317/1580
f 2112/6324/1581 2107/6323/1581 2105/6322/1581 2110/6321/1581
f 2111/6328/1582 2112/6327/1582 2110/6326/1582 2109/6325/1582
f 2110/6332/1583 2105/6331/1583 2106/6330/1583 2109/6329/1583
f 2111/6336/1584 2108/6335/1584 2107/6334/1584 2112/6333/1584
o cube
v 2.832358928821475 1.6912841612119447 1.7143790508488161
v 2.7676332455113464 1.8284420004173132 1.987608923052701
v 2.9764462752720044 1.396756719674939 1.8963609806509556
v 2.911720591961876 1.5339145588803076 2.1695908528548404
v 3.329947610726161 2.1012306511555234 1.98387975404511
v 3.3946732940362896 1.964072811950155 1.7106498818412252
v 3.4740349571766904 1.8067032096185178 2.1658616838472495
v 3.538760640486819 1.6695453704131493 1.8926318116433647
vt 0.53125 0.09375
vt 0.6875 0.09375
vt 0.6875 0
vt 0.53125 0
vt 0.453125 0.09375
vt 0.53125 0.09375
vt 0.53125 0
vt 0.453125 0
vt 0.765625 0.09375
vt 0.921875 0.09375
vt 0.921875 0
vt 0.765625 0
vt 0.53125 0.09375
vt 0.453125 0.09375
vt 0.453125 0
vt 0.53125 0
vt 0.6875 0.09375
vt 0.53125 0.09375
vt 0.53125 0.171875
vt 0.6875 0.171875
vt 0.84375 0.171875
vt 0.6875 0.171875
vt 0.6875 0.09375
vt 0.84375 0.09375
vn -0.20712218659241144 0.4389050854571786 0.8743355910524319
vn -0.899702984343703 -0.43646184118113607 0.0059666704121453555
vn 0.20712218659241144 -0.4389050854571786 -0.8743355910524319
vn 0.899702984343703 0.43646184118113607 -0.0059666704121453555
vn -0.3842329238680786 0.7854065107653484 -0.4852851461390384
vn 0.3842329238680786 -0.7854065107653484 0.4852851461390384
usemtl m_32106622-412d-50ea-c58d-eafbf6f5adea
f 2116/6340/1585 2119/6339/1585 2117/6338/1585 2114/6337/1585
f 2115/6344/1586 2116/6343/1586 2114/6342/1586 2113/6341/1586
f 2120/6348/1587 2115/6347/1587 2113/6346/1587 2118/6345/1587
f 2119/6352/1588 2120/6351/1588 2118/6350/1588 2117/6349/1588
f 2118/6356/1589 2113/6355/1589 2114/6354/1589 2117/6353/1589
f 2119/6360/1590 2116/6359/1590 2115/6358/1590 2120/6357/1590
o cube
v 2.4879527993989345 2.2530601792121354 1.3507881081452966
v 2.3973368427647546 2.4450811540996513 1.7333099292307352
v 2.7761274922999934 1.6640052961381242 1.7147519677495753
v 2.6855115356658135 1.85602627102564 2.0972737888350137
v 3.0721140810225327 2.7724275349855034 1.728834926421626
v 3.1627300376567122 2.5804065600979875 1.3463131053361874
v 3.3602887739235916 2.1833726519114913 2.092798786025905
v 3.450904730557771 1.9913516770239754 1.710276964940466
vt 0.109375 0.890625
vt 0.296875 0.890625
vt 0.296875 0.703125
vt 0.109375 0.703125
vt 0 0.890625
vt 0.109375 0.890625
vt 0.109375 0.703125
vt 0 0.703125
vt 0.40625 0.890625
vt 0.59375 0.890625
vt 0.59375 0.703125
vt 0.40625 0.703125
vt 0.296875 0.890625
vt 0.40625 0.890625
vt 0.40625 0.703125
vt 0.296875 0.703125
vt 0.296875 0.890625
vt 0.109375 0.890625
vt 0.109375 1
vt 0.296875 1
vt 0.484375 1
vt 0.296875 1
vt 0.296875 0.890625
vt 0.484375 0.890625
vn -0.20712218659241144 0.4389050854571786 0.8743355910524319
vn -0.899702984343703 -0.43646184118113607 0.0059666704121453555
vn 0.20712218659241144 -0.4389050854571786 -0.8743355910524319
vn 0.899702984343703 0.43646184118113607 -0.0059666704121453555
vn -0.3842329238680786 0.7854065107653484 -0.4852851461390384
vn 0.3842329238680786 -0.7854065107653484 0.4852851461390384
usemtl m_32106622-412d-50ea-c58d-eafbf6f5adea
f 2124/6364/1591 2127/6363/1591 2125/6362/1591 2122/6361/1591
f 2123/6368/1592 2124/6367/1592 2122/6366/1592 2121/6365/1592
f 2128/6372/1593 2123/6371/1593 2121/6370/1593 2126/6369/1593
f 2127/6376/1594 2128/6375/1594 2126/6374/1594 2125/6373/1594
f 2126/6380/1595 2121/6379/1595 2122/6378/1595 2125/6377/1595
f 2127/6384/1596 2124/6383/1596 2123/6382/1596 2128/6381/1596
o cube
v -0.6237710611552807 2.8524248888509653 2.4437716146592674
v -0.6142208434753273 2.756349303559454 2.997923692389884
v -0.17278015323272178 2.522585653267014 2.3788137079767058
v -0.16322993555276843 2.426510067975503 2.9329657857073226
v -0.2408441192881403 3.2512390039283545 3.077289971778712
v -0.25039433696809366 3.3473145892198657 2.523137894048095
v 0.2101467886344186 2.9213997683444033 3.01233206509615
v 0.20059657095446526 3.0174753536359145 2.458179987365533
vt 0.140625 0.5625
vt 0.296875 0.5625
vt 0.296875 0.421875
vt 0.140625 0.421875
vt 0 0.5625
vt 0.140625 0.5625
vt 0.140625 0.421875
vt 0 0.421875
vt 0.4375 0.5625
vt 0.59375 0.5625
vt 0.59375 0.421875
vt 0.4375 0.421875
vt 0.296875 0.5625
vt 0.4375 0.5625
vt 0.4375 0.421875
vt 0.296875 0.421875
vt 0.296875 0.5625
vt 0.140625 0.5625
vt 0.140625 0.703125
vt 0.296875 0.703125
vt 0.453125 0.703125
vt 0.296875 0.703125
vt 0.296875 0.5625
vt 0.453125 0.5625
vn 0.01697816476436143 -0.17080104051824252 0.9851592492988734
vn -0.5974027586994993 -0.7918235205902403 -0.12698604702212382
vn -0.01697816476436143 0.17080104051824252 -0.9851592492988734
vn 0.5974027586994993 0.7918235205902403 0.12698604702212382
vn -0.8017616140845498 0.5863808632603581 0.11548072299122092
vn 0.8017616140845498 -0.5863808632603581 -0.11548072299122092
usemtl m_32106622-412d-50ea-c58d-eafbf6f5adea
f 2132/6388/1597 2135/6387/1597 2133/6386/1597 2130/6385/1597
f 2131/6392/1598 2132/6391/1598 2130/6390/1598 2129/6389/1598
f 2136/6396/1599 2131/6395/1599 2129/6394/1599 2134/6393/1599
f 2135/6400/1600 2136/6399/1600 2134/6398/1600 2133/6397/1600
f 2134/6404/1601 2129/6403/1601 2130/6402/1601 2133/6401/1601
f 2135/6408/1602 2132/6407/1602 2131/6406/1602 2136/6405/1602
o cube
v -0.09279913190642108 2.5681882681788437 2.7025492292603692
v -0.08855459071533067 2.525488008049283 2.9488390415850882
v 0.10764127161471626 2.421593052363754 2.6736790485125637
v 0.11188581280580667 2.3788927922341934 2.919968860837283
v 0.13547144379698128 2.822421828270623 2.9964588092183844
v 0.13122690260589087 2.8651220884001836 2.7501689968936653
v 0.33591184731811863 2.675826612455533 2.9675886284705797
v 0.3316673061270283 2.7185268725850937 2.7212988161458602
vt 0.65625 0.9375
vt 0.75 0.9375
vt 0.75 0.875
vt 0.65625 0.875
vt 0.59375 0.9375
vt 0.65625 0.9375
vt 0.65625 0.875
vt 0.59375 0.875
vt 0.8125 0.9375
vt 0.90625 0.9375
vt 0.90625 0.875
vt 0.8125 0.875
vt 0.75 0.9375
vt 0.8125 0.9375
vt 0.8125 0.875
vt 0.75 0.875
vt 0.75 0.9375
vt 0.65625 0.9375
vt 0.65625 1
vt 0.75 1
vt 0.84375 1
vt 0.75 1
vt 0.75 0.9375
vt 0.84375 0.9375
vn 0.01697816476436143 -0.17080104051824252 0.9851592492988734
vn -0.5974027586994993 -0.7918235205902403 -0.12698604702212382
vn -0.01697816476436143 0.17080104051824252 -0.9851592492988734
vn 0.5974027586994993 0.7918235205902403 0.12698604702212382
vn -0.8017616140845498 0.5863808632603581 0.11548072299122092
vn 0.8017616140845498 -0.5863808632603581 -0.11548072299122092
usemtl m_32106622-412d-50ea-c58d-eafbf6f5adea
f 2140/6412/1603 2143/6411/1603 2141/6410/1603 2138/6409/1603
f 2139/6416/1604 2140/6415/1604 2138/6414/1604 2137/6413/1604
f 2144/6420/1605 2139/6419/1605 2137/6418/1605 2142/6417/1605
f 2143/6424/1606 2144/6423/1606 2142/6422/1606 2141/6421/1606
f 2142/6428/1607 2137/6427/1607 2138/6426/1607 2141/6425/1607
f 2143/6432/1608 2140/6431/1608 2139/6430/1608 2144/6429/1608
o cube
v 2.0837552055818973 1.9950875545404392 2.8280158273281963
v 1.736890241380178 2.0822387658904153 2.393855012687385
v 2.0660048319268274 1.4412958206216322 2.731031861239432
v 1.719139867725108 1.5284470319716084 2.296871046598621
v 1.2452617170034923 2.0310114607264524 2.776349662617082
v 1.5921266812052117 1.9438602493764763 3.210510477257893
v 1.2275113433484224 1.4772197268076455 2.6793656965283166
v 1.5743763075501418 1.3900685154576693 3.1135265111691277
vt 0.140625 0.5625
vt 0.296875 0.5625
vt 0.296875 0.421875
vt 0.140625 0.421875
vt 0 0.5625
vt 0.140625 0.5625
vt 0.140625 0.421875
vt 0 0.421875
vt 0.4375 0.5625
vt 0.59375 0.5625
vt 0.59375 0.421875
vt 0.4375 0.421875
vt 0.296875 0.5625
vt 0.4375 0.5625
vt 0.4375 0.421875
vt 0.296875 0.421875
vt 0.296875 0.5625
vt 0.140625 0.5625
vt 0.140625 0.703125
vt 0.296875 0.703125
vt 0.453125 0.703125
vt 0.296875 0.703125
vt 0.296875 0.5625
vt 0.453125 0.5625
vn -0.6166488252475003 0.15493548684440145 -0.7718414482503294
vn 0.7866056390026968 0.08196368826234099 -0.6119914398875145
vn 0.6166488252475003 -0.15493548684440145 0.7718414482503294
vn -0.7866056390026968 -0.08196368826234099 0.6119914398875145
vn 0.03155621983123452 0.9845186380778792 0.17241593971335922
vn -0.03155621983123452 -0.9845186380778792 -0.17241593971335922
usemtl m_32106622-412d-50ea-c58d-eafbf6f5adea
f 2148/6436/1609 2151/6435/1609 2149/6434/1609 2146/6433/1609
f 2147/6440/1610 2148/6439/1610 2146/6438/1610 2145/6437/1610
f 2152/6444/1611 2147/6443/1611 2145/6442/1611 2150/6441/1611
f 2151/6448/1612 2152/6447/1612 2150/6446/1612 2149/6445/1612
f 2150/6452/1613 2145/6451/1613 2146/6450/1613 2149/6449/1613
f 2151/6456/1614 2148/6455/1614 2147/6454/1614 2152/6453/1614
o cube
v 1.7749763691616458 1.4794676992277154 2.5663303386471434
v 1.6208141628497703 1.5182015709388161 2.37336997658456
v 1.7670873142038372 1.2333380397082454 2.5232263537188033
v 1.6129251078919618 1.2720719114193462 2.33026599165622
v 1.3258370482237591 1.4874651878404381 2.6028667665423777
v 1.4799992545356346 1.4487313161293374 2.795827128604961
v 1.3179479932659506 1.2413355283209682 2.5597627816140385
v 1.472110199577826 1.2026016566098674 2.7527231436766217
vt 0.65625 0.9375
vt 0.75 0.9375
vt 0.75 0.875
vt 0.65625 0.875
vt 0.59375 0.9375
vt 0.65625 0.9375
vt 0.65625 0.875
vt 0.59375 0.875
vt 0.8125 0.9375
vt 0.90625 0.9375
vt 0.90625 0.875
vt 0.8125 0.875
vt 0.75 0.9375
vt 0.8125 0.9375
vt 0.8125 0.875
vt 0.75 0.875
vt 0.75 0.9375
vt 0.65625 0.9375
vt 0.65625 1
vt 0.75 1
vt 0.84375 1
vt 0.75 1
vt 0.75 0.9375
vt 0.84375 0.9375
vn -0.6166488252475003 0.15493548684440145 -0.7718414482503294
vn 0.7866056390026968 0.08196368826234099 -0.6119914398875145
vn 0.6166488252475003 -0.15493548684440145 0.7718414482503294
vn -0.7866056390026968 -0.08196368826234099 0.6119914398875145
vn 0.03155621983123452 0.9845186380778792 0.17241593971335922
vn -0.03155621983123452 -0.9845186380778792 -0.17241593971335922
usemtl m_32106622-412d-50ea-c58d-eafbf6f5adea
f 2156/6460/1615 2159/6459/1615 2157/6458/1615 2154/6457/1615
f 2155/6464/1616 2156/6463/1616 2154/6462/1616 2153/6461/1616
f 2160/6468/1617 2155/6467/1617 2153/6466/1617 2158/6465/1617
f 2159/6472/1618 2160/6471/1618 2158/6470/1618 2157/6469/1618
f 2158/6476/1619 2153/6475/1619 2154/6474/1619 2157/6473/1619
f 2159/6480/1620 2156/6479/1620 2155/6478/1620 2160/6477/1620
o cube
v 1.136332552367524 2.29604368440998 2.4260435552436594
v 1.2212710962981084 2.5944374447440257 2.4634982952462323
v 0.8673668560219139 2.340279010644978 2.6835813002485565
v 0.9523053999524982 2.6386727709790234 2.7210360402511293
v 1.6222888750549092 2.4240431978420647 2.911578133828237
v 1.5373503311243248 2.1256494375080193 2.874123393825664
v 1.3533231787092999 2.4682785240770633 3.169115878833134
v 1.2683846347787155 2.1698847637430174 3.131661138830561
vt 0.53125 0.09375
vt 0.6875 0.09375
vt 0.6875 0
vt 0.53125 0
vt 0.453125 0.09375
vt 0.53125 0.09375
vt 0.53125 0
vt 0.453125 0
vt 0.765625 0.09375
vt 0.921875 0.09375
vt 0.921875 0
vt 0.765625 0
vt 0.53125 0.09375
vt 0.453125 0.09375
vt 0.453125 0
vt 0.53125 0
vt 0.6875 0.09375
vt 0.53125 0.09375
vt 0.53125 0.171875
vt 0.6875 0.171875
vt 0.84375 0.171875
vt 0.6875 0.171875
vt 0.6875 0.09375
vt 0.84375 0.09375
vn 0.2718033405778698 0.9548600330689461 0.11985516800823395
vn -0.6416284460108816 0.27263079504313675 -0.7169277417312072
vn -0.2718033405778698 -0.9548600330689461 -0.11985516800823395
vn 0.6416284460108816 -0.27263079504313675 0.7169277417312072
vn 0.7172418569216187 -0.11796086995999425 -0.6867673200130519
vn -0.7172418569216187 0.11796086995999425 0.6867673200130519
usemtl m_32106622-412d-50ea-c58d-eafbf6f5adea
f 2164/6484/1621 2167/6483/1621 2165/6482/1621 2162/6481/1621
f 2163/6488/1622 2164/6487/1622 2162/6486/1622 2161/6485/1622
f 2168/6492/1623 2163/6491/1623 2161/6490/1623 2166/6489/1623
f 2167/6496/1624 2168/6495/1624 2166/6494/1624 2165/6493/1624
f 2166/6500/1625 2161/6499/1625 2162/6498/1625 2165/6497/1625
f 2167/6504/1626 2164/6503/1626 2163/6502/1626 2168/6501/1626
o cube
v 1.634162167183058 2.2246124566301804 1.86616008137567
v 1.7530761286858758 2.642363721097844 1.9185967173792724
v 1.0962307744918438 2.313083109100176 2.3812355713854587
v 1.2151447359946617 2.7308343735678395 2.433672207389061
v 2.234297463194038 2.4378906248154912 2.456292523677678
v 2.11538350169122 2.0201393603478275 2.4038558876740757
v 1.696366070502823 2.5263612772854867 2.9713680136874667
v 1.577452109000005 2.108610012817823 2.9189313776838643
vt 0.109375 0.890625
vt 0.296875 0.890625
vt 0.296875 0.703125
vt 0.109375 0.703125
vt 0 0.890625
vt 0.109375 0.890625
vt 0.109375 0.703125
vt 0 0.703125
vt 0.40625 0.890625
vt 0.59375 0.890625
vt 0.59375 0.703125
vt 0.40625 0.703125
vt 0.296875 0.890625
vt 0.40625 0.890625
vt 0.40625 0.703125
vt 0.296875 0.703125
vt 0.296875 0.890625
vt 0.109375 0.890625
vt 0.109375 1
vt 0.296875 1
vt 0.484375 1
vt 0.296875 1
vt 0.296875 0.890625
vt 0.484375 0.890625
vn 0.2718033405778698 0.9548600330689461 0.11985516800823395
vn -0.6416284460108816 0.27263079504313675 -0.7169277417312072
vn -0.2718033405778698 -0.9548600330689461 -0.11985516800823395
vn 0.6416284460108816 -0.27263079504313675 0.7169277417312072
vn 0.7172418569216187 -0.11796086995999425 -0.6867673200130519
vn -0.7172418569216187 0.11796086995999425 0.6867673200130519
usemtl m_32106622-412d-50ea-c58d-eafbf6f5adea
f 2172/6508/1627 2175/6507/1627 2173/6506/1627 2170/6505/1627
f 2171/6512/1628 2172/6511/1628 2170/6510/1628 2169/6509/1628
f 2176/6516/1629 2171/6515/1629 2169/6514/1629 2174/6513/1629
f 2175/6520/1630 2176/6519/1630 2174/6518/1630 2173/6517/1630
f 2174/6524/1631 2169/6523/1631 2170/6522/1631 2173/6521/1631
f 2175/6528/1632 2172/6527/1632 2171/6526/1632 2176/6525/1632
o cube
v 1.9738797429161825 2.1269645403793973 1.8737001868052094
v 2.0248428692745333 2.3060007965798244 1.8961730308067533
v 0.9876721896489546 2.28916073657439 2.818005251823158
v 1.0386353160073054 2.468196992774817 2.840478095824702
v 2.1852499807772543 2.2378430978190407 2.075404966239555
v 2.1342868544189035 2.058806841618613 2.052932122238011
v 1.1990424275100255 2.4000392940140327 3.0197100312575036
v 1.1480793011516748 2.221003037813605 2.99723718725596
vt 0.046875 0.375
vt 0.109375 0.375
vt 0.109375 0.03125
vt 0.046875 0.03125
vt 0.15625 0.375
vt 0.109375 0.375
vt 0.109375 0.03125
vt 0.15625 0.03125
vt 0.046875 0.375
vt 0.109375 0.375
vt 0.109375 0.03125
vt 0.046875 0.03125
vt 0.109375 0.375
vt 0.15625 0.375
vt 0.15625 0.03125
vt 0.109375 0.03125
vt 0.109375 0.375
vt 0.046875 0.375
vt 0.046875 0.421875
vt 0.109375 0.421875
vt 0.171875 0.421875
vt 0.109375 0.421875
vt 0.109375 0.375
vt 0.171875 0.375
vn 0.2718033405778698 0.9548600330689461 0.11985516800823395
vn -0.6416284460108816 0.27263079504313675 -0.7169277417312072
vn -0.2718033405778698 -0.9548600330689461 -0.11985516800823395
vn 0.6416284460108816 -0.27263079504313675 0.7169277417312072
vn 0.7172418569216187 -0.11796086995999425 -0.6867673200130519
vn -0.7172418569216187 0.11796086995999425 0.6867673200130519
usemtl m_32106622-412d-50ea-c58d-eafbf6f5adea
f 2180/6532/1633 2183/6531/1633 2181/6530/1633 2178/6529/1633
f 2179/6536/1634 2180/6535/1634 2178/6534/1634 2177/6533/1634
f 2184/6540/1635 2179/6539/1635 2177/6538/1635 2182/6537/1635
f 2183/6544/1636 2184/6543/1636 2182/6542/1636 2181/6541/1636
f 2182/6548/1637 2177/6547/1637 2178/6546/1637 2181/6545/1637
f 2183/6552/1638 2180/6551/1638 2179/6550/1638 2184/6549/1638
o cube
v -2.165866073702866 2.8044392415391606 2.744522621133841
v -2.1400860814569183 2.990110592964898 2.7487405897846413
v -1.1130152935129987 2.678138502626893 1.8692064736740885
v -1.087235301267051 2.8638098540526307 1.8734244423248887
v -2.2971657415454696 3.016298748193094 2.5560227626066423
v -2.3229457337914172 2.8306273967673565 2.551804793955842
v -1.2443149613556024 2.8899980092808266 1.6807066151468897
v -1.27009495360155 2.704326657855089 1.6764886464960895
vt 0.109375 0.375
vt 0.046875 0.375
vt 0.046875 0.03125
vt 0.109375 0.03125
vt 0.15625 0.375
vt 0.109375 0.375
vt 0.109375 0.03125
vt 0.15625 0.03125
vt 0.109375 0.375
vt 0.046875 0.375
vt 0.046875 0.03125
vt 0.109375 0.03125
vt 0.109375 0.375
vt 0.15625 0.375
vt 0.15625 0.03125
vt 0.109375 0.03125
vt 0.046875 0.375
vt 0.109375 0.375
vt 0.109375 0.421875
vt 0.046875 0.421875
vt 0.109375 0.421875
vt 0.171875 0.421875
vt 0.171875 0.375
vt 0.109375 0.375
vn 0.13749329197838717 0.9902472076039339 0.022495832804269148
vn 0.6283186403542051 -0.1047526209127834 0.770871308711996
vn -0.13749329197838717 -0.9902472076039339 -0.022495832804269148
vn -0.6283186403542051 0.1047526209127834 -0.770871308711996
vn -0.7657096583199072 0.09185508284528585 0.6365935617889147
vn 0.7657096583199072 -0.09185508284528585 -0.6365935617889147
usemtl m_32106622-412d-50ea-c58d-eafbf6f5adea
f 2188/6556/1639 2191/6555/1639 2189/6554/1639 2186/6553/1639
f 2187/6560/1640 2188/6559/1640 2186/6558/1640 2185/6557/1640
f 2192/6564/1641 2187/6563/1641 2185/6562/1641 2190/6561/1641
f 2191/6568/1642 2192/6567/1642 2190/6566/1642 2189/6565/1642
f 2190/6572/1643 2185/6571/1643 2186/6570/1643 2189/6569/1643
f 2191/6576/1644 2188/6575/1644 2187/6574/1644 2192/6573/1644
o cube
v -1.2823466703165474 2.692943042272728 2.25246742972843
v -1.239380016573301 3.002395294648958 2.2594973774797644
v -0.995205548446584 2.658497386205746 2.013744844057589
v -0.952238894703338 2.967949638581976 2.0207747918089236
v -1.632079166794681 3.067865682719448 1.7777028095347651
v -1.675045820537927 2.758413430343218 1.7706728617834306
v -1.3449380449247177 3.033420026652466 1.5389802238639234
v -1.3879046986679637 2.723967774276236 1.531950276112589
vt 0.6875 0.09375
vt 0.53125 0.09375
vt 0.53125 0
vt 0.6875 0
vt 0.453125 0.09375
vt 0.53125 0.09375
vt 0.53125 0
vt 0.453125 0
vt 0.921875 0.09375
vt 0.765625 0.09375
vt 0.765625 0
vt 0.921875 0
vt 0.53125 0.09375
vt 0.453125 0.09375
vt 0.453125 0
vt 0.53125 0
vt 0.53125 0.09375
vt 0.6875 0.09375
vt 0.6875 0.171875
vt 0.53125 0.171875
vt 0.6875 0.171875
vt 0.84375 0.171875
vt 0.84375 0.09375
vt 0.6875 0.09375
vn 0.13749329197838717 0.9902472076039339 0.022495832804269148
vn 0.6283186403542051 -0.1047526209127834 0.770871308711996
vn -0.13749329197838717 -0.9902472076039339 -0.022495832804269148
vn -0.6283186403542051 0.1047526209127834 -0.770871308711996
vn -0.7657096583199072 0.09185508284528585 0.6365935617889147
vn 0.7657096583199072 -0.09185508284528585 -0.6365935617889147
usemtl m_32106622-412d-50ea-c58d-eafbf6f5adea
f 2196/6580/1645 2199/6579/1645 2197/6578/1645 2194/6577/1645
f 2195/6584/1646 2196/6583/1646 2194/6582/1646 2193/6581/1646
f 2200/6588/1647 2195/6587/1647 2193/6586/1647 2198/6585/1647
f 2199/6592/1648 2200/6591/1648 2198/6590/1648 2197/6589/1648
f 2198/6596/1649 2193/6595/1649 2194/6594/1649 2197/6593/1649
f 2199/6600/1650 2196/6599/1650 2195/6598/1650 2200/6597/1650
o cube
v -1.8173589990343375 2.7552873155996433 2.7780920578646144
v -1.757205683793793 3.1885204689263653 2.7879339847164823
v -1.243076755294409 2.686396003465679 2.30064688652293
v -1.1829234400538646 3.119629156792401 2.310488813374798
v -2.2284446640594484 3.2670849346109527 2.2097805031824835
v -2.288597979299993 2.833851781284231 2.1999385763306156
v -1.6541624203195202 3.198193622476989 1.7323353318407992
v -1.7143157355600647 2.764960469150267 1.7224934049889313
vt 0.296875 0.890625
vt 0.109375 0.890625
vt 0.109375 0.703125
vt 0.296875 0.703125
vt 0.40625 0.890625
vt 0.296875 0.890625
vt 0.296875 0.703125
vt 0.40625 0.703125
vt 0.59375 0.890625
vt 0.40625 0.890625
vt 0.40625 0.703125
vt 0.59375 0.703125
vt 0.109375 0.890625
vt 0 0.890625
vt 0 0.703125
vt 0.109375 0.703125
vt 0.109375 0.890625
vt 0.296875 0.890625
vt 0.296875 1
vt 0.109375 1
vt 0.296875 1
vt 0.484375 1
vt 0.484375 0.890625
vt 0.296875 0.890625
vn 0.13749329197838717 0.9902472076039339 0.022495832804269148
vn 0.6283186403542051 -0.1047526209127834 0.770871308711996
vn -0.13749329197838717 -0.9902472076039339 -0.022495832804269148
vn -0.6283186403542051 0.1047526209127834 -0.770871308711996
vn -0.7657096583199072 0.09185508284528585 0.6365935617889147
vn 0.7657096583199072 -0.09185508284528585 -0.6365935617889147
usemtl m_32106622-412d-50ea-c58d-eafbf6f5adea
f 2204/6604/1651 2207/6603/1651 2205/6602/1651 2202/6601/1651
f 2203/6608/1652 2204/6607/1652 2202/6606/1652 2201/6605/1652
f 2208/6612/1653 2203/6611/1653 2201/6610/1653 2206/6609/1653
f 2207/6616/1654 2208/6615/1654 2206/6614/1654 2205/6613/1654
f 2206/6620/1655 2201/6619/1655 2202/6618/1655 2205/6617/1655
f 2207/6624/1656 2204/6623/1656 2203/6622/1656 2208/6621/1656
o cube
v -1.468612355413867 3.052788541610075 2.8018534838488147
v -1.4337676433833837 2.8740296783265347 2.7572736134913374
v -2.579531267576913 2.6595711698884577 3.510277275921627
v -2.5446865555464298 2.4808123066049173 3.46569740556415
v -1.5386160879271011 2.8920949860004104 2.6028822331120782
v -1.5734607999575845 3.0708538492839503 2.6474621034695556
v -2.649535000090147 2.4988776142787925 3.3113060251848907
v -2.6843797121206303 2.6776364775623334 3.355885895542368
vt 0.265625 0.375
vt 0.3125 0.375
vt 0.3125 0.03125
vt 0.265625 0.03125
vt 0.21875 0.375
vt 0.265625 0.375
vt 0.265625 0.03125
vt 0.21875 0.03125
vt 0.3125 0.375
vt 0.265625 0.375
vt 0.265625 0.03125
vt 0.3125 0.03125
vt 0.3125 0.375
vt 0.359375 0.375
vt 0.359375 0.03125
vt 0.3125 0.03125
vt 0.3125 0.375
vt 0.265625 0.375
vt 0.265625 0.421875
vt 0.3125 0.421875
vt 0.359375 0.421875
vt 0.3125 0.421875
vt 0.3125 0.375
vt 0.359375 0.375
vn 0.18583846416257674 -0.9533806041788782 -0.23775930857321273
vn 0.5591917042331466 -0.09634830759400086 0.8234206953560259
vn -0.18583846416257674 0.9533806041788782 0.23775930857321273
vn -0.5591917042331466 0.09634830759400086 -0.8234206953560259
vn 0.8079410270276685 0.2859762703429942 -0.515217303325681
vn -0.8079410270276685 -0.2859762703429942 0.515217303325681
usemtl m_32106622-412d-50ea-c58d-eafbf6f5adea
f 2212/6628/1657 2215/6627/1657 2213/6626/1657 2210/6625/1657
f 2211/6632/1658 2212/6631/1658 2210/6630/1658 2209/6629/1658
f 2216/6636/1659 2211/6635/1659 2209/6634/1659 2214/6633/1659
f 2215/6640/1660 2216/6639/1660 2214/6638/1660 2213/6637/1660
f 2214/6644/1661 2209/6643/1661 2210/6642/1661 2213/6641/1661
f 2215/6648/1662 2212/6647/1662 2211/6646/1662 2216/6645/1662
o cube
v -1.4148607211886652 1.659538069252736 1.9511944883330123
v -1.4358137848148358 1.7381609922316001 2.252915642889562
v -1.720492409437079 1.4450335808534014 1.9858657385984224
v -1.7414454730632496 1.5236565038322656 2.287586893154972
v -1.076099134486265 1.2502192485805703 2.4050446182420178
v -1.0551460708600944 1.1715963256017061 2.1033234636854683
v -1.3817308227346796 1.0357147601812358 2.4397158685074283
v -1.360777759108509 0.9570918372023716 2.137994713950879
vt 0.53125 0.09375
vt 0.6875 0.09375
vt 0.6875 0
vt 0.53125 0
vt 0.453125 0.09375
vt 0.53125 0.09375
vt 0.53125 0
vt 0.453125 0
vt 0.765625 0.09375
vt 0.921875 0.09375
vt 0.921875 0
vt 0.765625 0
vt 0.53125 0.09375
vt 0.453125 0.09375
vt 0.453125 0
vt 0.53125 0
vt 0.6875 0.09375
vt 0.53125 0.09375
vt 0.53125 0.171875
vt 0.6875 0.171875
vt 0.84375 0.171875
vt 0.6875 0.171875
vt 0.6875 0.09375
vt 0.84375 0.09375
vn -0.06704980360374614 0.2515933535323659 0.9655076945809582
vn -0.5755434405257116 0.7807067898416468 -0.24340636056392975
vn 0.06704980360374614 -0.2515933535323659 -0.9655076945809582
vn 0.5755434405257116 -0.7807067898416468 0.24340636056392975
vn 0.8150178353290962 0.5720119690648867 -0.09245666737442607
vn -0.8150178353290962 -0.5720119690648867 0.09245666737442607
usemtl m_32106622-412d-50ea-c58d-eafbf6f5adea
f 2220/6652/1663 2223/6651/1663 2221/6650/1663 2218/6649/1663
f 2219/6656/1664 2220/6655/1664 2218/6654/1664 2217/6653/1664
f 2224/6660/1665 2219/6659/1665 2217/6658/1665 2222/6657/1665
f 2223/6664/1666 2224/6663/1666 2222/6662/1666 2221/6661/1666
f 2222/6668/1667 2217/6667/1667 2218/6666/1667 2221/6665/1667
f 2223/6672/1668 2220/6671/1668 2219/6670/1668 2224/6669/1668
o cube
v -0.8395688097246996 2.137341220416504 1.8666390902669472
v -0.8689030988013382 2.247413312586914 2.289048706646116
v -1.4508321862215219 1.7083322436178388 1.9359815907977667
v -1.4801664752981605 1.818404335788249 2.358391207176936
v -0.43724551840705494 1.6618832202056786 2.4716034770690634
v -0.40791122933041635 1.5518111280352684 2.0491938606898943
v -1.0485088949038763 1.2328742434070135 2.5409459775998835
v -1.0191746058272377 1.1228021512366033 2.1185363612207144
vt 0.109375 0.890625
vt 0.296875 0.890625
vt 0.296875 0.703125
vt 0.109375 0.703125
vt 0 0.890625
vt 0.109375 0.890625
vt 0.109375 0.703125
vt 0 0.703125
vt 0.40625 0.890625
vt 0.59375 0.890625
vt 0.59375 0.703125
vt 0.40625 0.703125
vt 0.296875 0.890625
vt 0.40625 0.890625
vt 0.40625 0.703125
vt 0.296875 0.703125
vt 0.296875 0.890625
vt 0.109375 0.890625
vt 0.109375 1
vt 0.296875 1
vt 0.484375 1
vt 0.296875 1
vt 0.296875 0.890625
vt 0.484375 0.890625
vn -0.06704980360374614 0.2515933535323659 0.9655076945809582
vn -0.5755434405257116 0.7807067898416468 -0.24340636056392975
vn 0.06704980360374614 -0.2515933535323659 -0.9655076945809582
vn 0.5755434405257116 -0.7807067898416468 0.24340636056392975
vn 0.8150178353290962 0.5720119690648867 -0.09245666737442607
vn -0.8150178353290962 -0.5720119690648867 0.09245666737442607
usemtl m_32106622-412d-50ea-c58d-eafbf6f5adea
f 2228/6676/1669 2231/6675/1669 2229/6674/1669 2226/6673/1669
f 2227/6680/1670 2228/6679/1670 2226/6678/1670 2225/6677/1670
f 2232/6684/1671 2227/6683/1671 2225/6682/1671 2230/6681/1671
f 2231/6688/1672 2232/6687/1672 2230/6686/1672 2229/6685/1672
f 2230/6692/1673 2225/6691/1673 2226/6690/1673 2229/6689/1673
f 2231/6696/1674 2228/6695/1674 2227/6694/1674 2232/6693/1674
o cube
v -0.49192849076099776 2.0851675152223135 1.9043765135643234
v -0.5045003289367003 2.132341269009632 2.085409206298253
v -1.6125780143385082 1.298651057758092 2.0315044312041595
v -1.6251498525142107 1.3458248115454108 2.2125371239380893
v -0.3606144688052719 1.93716457154922 2.1462607964392353
v -0.3480426306295694 1.8899908177619014 1.9652281037053057
v -1.4812639923827824 1.1506481140849987 2.273388714079071
v -1.4686921542070799 1.10347436029768 2.0923560213451418
vt 0.046875 0.375
vt 0.109375 0.375
vt 0.109375 0.03125
vt 0.046875 0.03125
vt 0.15625 0.375
vt 0.109375 0.375
vt 0.109375 0.03125
vt 0.15625 0.03125
vt 0.046875 0.375
vt 0.109375 0.375
vt 0.109375 0.03125
vt 0.046875 0.03125
vt 0.109375 0.375
vt 0.15625 0.375
vt 0.15625 0.03125
vt 0.109375 0.03125
vt 0.109375 0.375
vt 0.046875 0.375
vt 0.046875 0.421875
vt 0.109375 0.421875
vt 0.171875 0.421875
vt 0.109375 0.421875
vt 0.109375 0.375
vt 0.171875 0.375
vn -0.06704980360374614 0.2515933535323659 0.9655076945809582
vn -0.5755434405257116 0.7807067898416468 -0.24340636056392975
vn 0.06704980360374614 -0.2515933535323659 -0.9655076945809582
vn 0.5755434405257116 -0.7807067898416468 0.24340636056392975
vn 0.8150178353290962 0.5720119690648867 -0.09245666737442607
vn -0.8150178353290962 -0.5720119690648867 0.09245666737442607
usemtl m_32106622-412d-50ea-c58d-eafbf6f5adea
f 2236/6700/1675 2239/6699/1675 2237/6698/1675 2234/6697/1675
f 2235/6704/1676 2236/6703/1676 2234/6702/1676 2233/6701/1676
f 2240/6708/1677 2235/6707/1677 2233/6706/1677 2238/6705/1677
f 2239/6712/1678 2240/6711/1678 2238/6710/1678 2237/6709/1678
f 2238/6716/1679 2233/6715/1679 2234/6714/1679 2237/6713/1679
f 2239/6720/1680 2236/6719/1680 2235/6718/1680 2240/6717/1680
o cube
v -1.1183102196266885 3.2499896662282186 -0.9744926151905675
v -1.1536337274150492 3.372818342048468 -1.1116845107010875
v -0.9889460735633184 2.24683670095453 -1.9059291648148013
v -1.0242695813516791 2.369665376774779 -2.043121060325322
v -1.3369294181741935 3.3359824739578867 -1.0974697799213193
v -1.3016059103858328 3.213153798137638 -0.9602778844107993
v -1.2075652721108234 2.3328295086841977 -2.0289063295455536
v -1.1722417643224627 2.210000832863949 -1.8917144340350336
vt 0.3125 0.375
vt 0.265625 0.375
vt 0.265625 0.03125
vt 0.3125 0.03125
vt 0.359375 0.375
vt 0.3125 0.375
vt 0.3125 0.03125
vt 0.359375 0.03125
vt 0.265625 0.375
vt 0.3125 0.375
vt 0.3125 0.03125
vt 0.265625 0.03125
vt 0.265625 0.375
vt 0.21875 0.375
vt 0.21875 0.03125
vt 0.265625 0.03125
vt 0.265625 0.375
vt 0.3125 0.375
vt 0.3125 0.421875
vt 0.265625 0.421875
vt 0.3125 0.421875
vt 0.359375 0.421875
vt 0.359375 0.375
vt 0.3125 0.375
vn -0.18839204153792283 0.6550862710413305 -0.7316901093894449
vn 0.9775770173821055 0.1964579631497656 -0.07581189749209595
vn 0.18839204153792283 -0.6550862710413305 0.7316901093894449
vn -0.9775770173821055 -0.1964579631497656 0.07581189749209595
vn -0.09408301531881476 0.7295657929263196 0.6774083997267161
vn 0.09408301531881476 -0.7295657929263196 -0.6774083997267161
usemtl m_32106622-412d-50ea-c58d-eafbf6f5adea
f 2244/6724/1681 2247/6723/1681 2245/6722/1681 2242/6721/1681
f 2243/6728/1682 2244/6727/1682 2242/6726/1682 2241/6725/1682
f 2248/6732/1683 2243/6731/1683 2241/6730/1683 2246/6729/1683
f 2247/6736/1684 2248/6735/1684 2246/6734/1684 2245/6733/1684
f 2246/6740/1685 2241/6739/1685 2242/6738/1685 2245/6737/1685
f 2247/6744/1686 2244/6743/1686 2243/6742/1686 2248/6741/1686
o cube
v -0.822133458312166 3.1753956793451916 -1.2376874654237127
v -0.8096736556896307 3.36004713303498 -1.2677680898995303
v -1.3403291736330543 3.414161923637221 0.013347658467599666
v -1.327869371010519 3.5988133773270095 -0.016732966008218053
v -0.5787037725618092 3.3600471330349806 -1.1720972318082579
v -0.5911635751843445 3.175395679345192 -1.1420166073324403
v -1.0968994878826974 3.5988133773270103 0.07893789208305435
v -1.1093592905052327 3.414161923637222 0.10901851655887207
vt 0.046875 0.375
vt 0.109375 0.375
vt 0.109375 0.03125
vt 0.046875 0.03125
vt 0.15625 0.375
vt 0.109375 0.375
vt 0.109375 0.03125
vt 0.15625 0.03125
vt 0.046875 0.375
vt 0.109375 0.375
vt 0.109375 0.03125
vt 0.046875 0.03125
vt 0.109375 0.375
vt 0.15625 0.375
vt 0.15625 0.03125
vt 0.109375 0.03125
vt 0.109375 0.375
vt 0.046875 0.375
vt 0.046875 0.421875
vt 0.109375 0.421875
vt 0.171875 0.421875
vt 0.109375 0.421875
vt 0.109375 0.375
vt 0.171875 0.375
vn 0.06645228065352161 0.984807753012208 -0.16042999720436166
vn -0.9238795325112866 -2.5812685322534894e-15 -0.3826834323650899
vn -0.06645228065352161 -0.984807753012208 0.16042999720436166
vn 0.9238795325112866 2.5812685322534894e-15 0.3826834323650899
vn 0.37686961114246387 -0.17364817766693058 -0.9098437264664093
vn -0.37686961114246387 0.17364817766693058 0.9098437264664093
usemtl m_32106622-412d-50ea-c58d-eafbf6f5adea
f 2252/6748/1687 2255/6747/1687 2253/6746/1687 2250/6745/1687
f 2251/6752/1688 2252/6751/1688 2250/6750/1688 2249/6749/1688
f 2256/6756/1689 2251/6755/1689 2249/6754/1689 2254/6753/1689
f 2255/6760/1690 2256/6759/1690 2254/6758/1690 2253/6757/1690
f 2254/6764/1691 2249/6763/1691 2250/6762/1691 2253/6761/1691
f 2255/6768/1692 2252/6767/1692 2251/6766/1692 2256/6765/1692
o cube
v -1.3722304818004956 3.3490438570121217 -0.39959688252575754
v -1.35146414409627 3.6567962798284364 -0.44973125665212044
v -1.51355658597892 3.4141619236372205 -0.05840548510085408
v -1.4927902482746944 3.721914346453535 -0.10853985922721701
v -0.7740394362767162 3.6567962798284377 -0.21055411142393968
v -0.7948057739809418 3.3490438570121235 -0.16041973729757675
v -0.9153655404551406 3.721914346453537 0.13063728600096375
v -0.9361318781593662 3.4141619236372223 0.1807716601273267
vt 0.53125 0.09375
vt 0.6875 0.09375
vt 0.6875 0
vt 0.53125 0
vt 0.453125 0.09375
vt 0.53125 0.09375
vt 0.53125 0
vt 0.453125 0
vt 0.765625 0.09375
vt 0.921875 0.09375
vt 0.921875 0
vt 0.765625 0
vt 0.53125 0.09375
vt 0.453125 0.09375
vt 0.453125 0
vt 0.53125 0
vt 0.6875 0.09375
vt 0.53125 0.09375
vt 0.53125 0.171875
vt 0.6875 0.171875
vt 0.84375 0.171875
vt 0.6875 0.171875
vt 0.6875 0.09375
vt 0.84375 0.09375
vn 0.06645228065352161 0.984807753012208 -0.16042999720436166
vn -0.9238795325112866 -2.5812685322534894e-15 -0.3826834323650899
vn -0.06645228065352161 -0.984807753012208 0.16042999720436166
vn 0.9238795325112866 2.5812685322534894e-15 0.3826834323650899
vn 0.37686961114246387 -0.17364817766693058 -0.9098437264664093
vn -0.37686961114246387 0.17364817766693058 0.9098437264664093
usemtl m_32106622-412d-50ea-c58d-eafbf6f5adea
f 2260/6772/1693 2263/6771/1693 2261/6770/1693 2258/6769/1693
f 2259/6776/1694 2260/6775/1694 2258/6774/1694 2257/6773/1694
f 2264/6780/1695 2259/6779/1695 2257/6778/1695 2262/6777/1695
f 2263/6784/1696 2264/6783/1696 2262/6782/1696 2261/6781/1696
f 2262/6788/1697 2257/6787/1697 2258/6786/1697 2261/6785/1697
f 2263/6792/1698 2260/6791/1698 2259/6790/1698 2264/6789/1698
o cube
v -1.1473207442256035 3.2188077237619233 -1.1058973918983832
v -1.1182478714396877 3.649661115704764 -1.1760855156752914
v -1.4299729525824514 3.3490438570121213 -0.4235145970485762
v -1.4009000797965356 3.779897248954962 -0.49370272082548433
v -0.4253382220562223 3.649661115704766 -0.8890729414014741
v -0.45441109484213804 3.2188077237619255 -0.8188848176245659
v -0.7079904304130702 3.779897248954964 -0.20669014655166712
v -0.7370633031989859 3.3490438570121235 -0.13650202277475898
vt 0.109375 0.890625
vt 0.296875 0.890625
vt 0.296875 0.703125
vt 0.109375 0.703125
vt 0 0.890625
vt 0.109375 0.890625
vt 0.109375 0.703125
vt 0 0.703125
vt 0.40625 0.890625
vt 0.59375 0.890625
vt 0.59375 0.703125
vt 0.40625 0.703125
vt 0.296875 0.890625
vt 0.40625 0.890625
vt 0.40625 0.703125
vt 0.296875 0.703125
vt 0.296875 0.890625
vt 0.109375 0.890625
vt 0.109375 1
vt 0.296875 1
vt 0.484375 1
vt 0.296875 1
vt 0.296875 0.890625
vt 0.484375 0.890625
vn 0.06645228065352161 0.984807753012208 -0.16042999720436166
vn -0.9238795325112866 -2.5812685322534894e-15 -0.3826834323650899
vn -0.06645228065352161 -0.984807753012208 0.16042999720436166
vn 0.9238795325112866 2.5812685322534894e-15 0.3826834323650899
vn 0.37686961114246387 -0.17364817766693058 -0.9098437264664093
vn -0.37686961114246387 0.17364817766693058 0.9098437264664093
usemtl m_32106622-412d-50ea-c58d-eafbf6f5adea
f 2268/6796/1699 2271/6795/1699 2269/6794/1699 2266/6793/1699
f 2267/6800/1700 2268/6799/1700 2266/6798/1700 2265/6797/1700
f 2272/6804/1701 2267/6803/1701 2265/6802/1701 2270/6801/1701
f 2271/6808/1702 2272/6807/1702 2270/6806/1702 2269/6805/1702
f 2270/6812/1703 2265/6811/1703 2266/6810/1703 2269/6809/1703
f 2271/6816/1704 2268/6815/1704 2267/6814/1704 2272/6813/1704
o cube
v -2.6296439147693964 3.4297134363684254 -1.0697580810007503
v -2.7203817206979797 2.9815518351253636 -0.7421545405032122
v -2.0843860678515935 3.295429197854618 -1.1024364172700407
v -2.175123873780177 2.847267596611556 -0.7748328767725026
v -2.6045552170366597 3.3285409523596647 -0.2353924922295132
v -2.5138174111080764 3.7767025536027266 -0.5629960327270513
v -2.059297370118857 3.1942567138458577 -0.2680708284988036
v -1.9685595641902736 3.6424183150889196 -0.5956743689963417
vt 0.140625 0.5625
vt 0.296875 0.5625
vt 0.296875 0.421875
vt 0.140625 0.421875
vt 0 0.5625
vt 0.140625 0.5625
vt 0.140625 0.421875
vt 0 0.421875
vt 0.4375 0.5625
vt 0.59375 0.5625
vt 0.59375 0.421875
vt 0.4375 0.421875
vt 0.296875 0.5625
vt 0.4375 0.5625
vt 0.4375 0.421875
vt 0.296875 0.421875
vt 0.296875 0.5625
vt 0.140625 0.5625
vt 0.140625 0.703125
vt 0.296875 0.703125
vt 0.453125 0.703125
vt 0.296875 0.703125
vt 0.296875 0.5625
vt 0.453125 0.5625
vn -0.16131165498414782 -0.7967317355432205 0.5824062942178452
vn -0.18532240585811235 -0.5551825875748815 -0.8108192772379182
vn 0.16131165498414782 0.7967317355432205 -0.5824062942178452
vn 0.18532240585811235 0.5551825875748815 0.8108192772379182
vn -0.9693472834094272 0.23872753513565764 0.0580948200342931
vn 0.9693472834094272 -0.23872753513565764 -0.0580948200342931
usemtl m_32106622-412d-50ea-c58d-eafbf6f5adea
f 2276/6820/1705 2279/6819/1705 2277/6818/1705 2274/6817/1705
f 2275/6824/1706 2276/6823/1706 2274/6822/1706 2273/6821/1706
f 2280/6828/1707 2275/6827/1707 2273/6826/1707 2278/6825/1707
f 2279/6832/1708 2280/6831/1708 2278/6830/1708 2277/6829/1708
f 2278/6836/1709 2273/6835/1709 2274/6834/1709 2277/6833/1709
f 2279/6840/1710 2276/6839/1710 2275/6838/1710 2280/6837/1710
o cube
v -2.111630659301876 3.115848353944222 -0.8190820406722246
v -2.151958573047913 2.9166654200584166 -0.6734804671177628
v -1.8692938384495192 3.0561664701603077 -0.8336057456807975
v -1.909621752195556 2.856983536274502 -0.6880041721263357
v -2.082462670851121 3.1248588903989973 -0.3694232381535434
v -2.042134757105084 3.324041824284803 -0.5150248117080052
v -1.8401258499987643 3.0651770066150825 -0.3839469431621163
v -1.7997979362527272 3.264359940500888 -0.5295485167165781
vt 0.65625 0.9375
vt 0.75 0.9375
vt 0.75 0.875
vt 0.65625 0.875
vt 0.59375 0.9375
vt 0.65625 0.9375
vt 0.65625 0.875
vt 0.59375 0.875
vt 0.8125 0.9375
vt 0.90625 0.9375
vt 0.90625 0.875
vt 0.8125 0.875
vt 0.75 0.9375
vt 0.8125 0.9375
vt 0.8125 0.875
vt 0.75 0.875
vt 0.75 0.9375
vt 0.65625 0.9375
vt 0.65625 1
vt 0.75 1
vt 0.84375 1
vt 0.75 1
vt 0.75 0.9375
vt 0.84375 0.9375
vn -0.16131165498414782 -0.7967317355432205 0.5824062942178452
vn -0.18532240585811235 -0.5551825875748815 -0.8108192772379182
vn 0.16131165498414782 0.7967317355432205 -0.5824062942178452
vn 0.18532240585811235 0.5551825875748815 0.8108192772379182
vn -0.9693472834094272 0.23872753513565764 0.0580948200342931
vn 0.9693472834094272 -0.23872753513565764 -0.0580948200342931
usemtl m_32106622-412d-50ea-c58d-eafbf6f5adea
f 2284/6844/1711 2287/6843/1711 2285/6842/1711 2282/6841/1711
f 2283/6848/1712 2284/6847/1712 2282/6846/1712 2281/6845/1712
f 2288/6852/1713 2283/6851/1713 2281/6850/1713 2286/6849/1713
f 2287/6856/1714 2288/6855/1714 2286/6854/1714 2285/6853/1714
f 2286/6860/1715 2281/6859/1715 2282/6858/1715 2285/6857/1715
f 2287/6864/1716 2284/6863/1716 2283/6862/1716 2288/6861/1716
o cube
v -2.11295650483075 3.5762241005595246 0.08700560727859497
v -2.236962407706882 3.7168491005595237 0.08884827569022935
v -3.062212669599803 2.746338188493771 -0.4614714720991495
v -3.1862185724759353 2.88696318849377 -0.45962880368751513
v -2.291944505693843 3.6661119661708175 0.2607754756760796
v -2.167938602817711 3.5254869661708184 0.25893280726444523
v -3.241200670462896 2.836226054105064 -0.28770160370166487
v -3.1171947675867635 2.695601054105065 -0.28954427211329925
vt 0.3125 0.375
vt 0.265625 0.375
vt 0.265625 0.03125
vt 0.3125 0.03125
vt 0.359375 0.375
vt 0.3125 0.375
vt 0.3125 0.03125
vt 0.359375 0.03125
vt 0.265625 0.375
vt 0.3125 0.375
vt 0.3125 0.03125
vt 0.265625 0.03125
vt 0.265625 0.375
vt 0.21875 0.375
vt 0.21875 0.03125
vt 0.265625 0.03125
vt 0.265625 0.375
vt 0.3125 0.375
vt 0.3125 0.421875
vt 0.265625 0.421875
vt 0.3125 0.421875
vt 0.359375 0.421875
vt 0.359375 0.375
vt 0.3125 0.375
vn -0.6613648153393742 0.7499999999999986 0.009827564862051556
vn 0.29323785593045687 0.27059805007309917 -0.9169450665912027
vn 0.6613648153393742 -0.7499999999999986 -0.009827564862051556
vn -0.29323785593045687 -0.27059805007309917 0.9169450665912027
vn 0.6903681198320389 0.6035533905932754 0.398892421365632
vn -0.6903681198320389 -0.6035533905932754 -0.398892421365632
usemtl m_32106622-412d-50ea-c58d-eafbf6f5adea
f 2292/6868/1717 2295/6867/1717 2293/6866/1717 2290/6865/1717
f 2291/6872/1718 2292/6871/1718 2290/6870/1718 2289/6869/1718
f 2296/6876/1719 2291/6875/1719 2289/6874/1719 2294/6873/1719
f 2295/6880/1720 2296/6879/1720 2294/6878/1720 2293/6877/1720
f 2294/6884/1721 2289/6883/1721 2290/6882/1721 2293/6881/1721
f 2295/6888/1722 2292/6887/1722 2291/6886/1722 2296/6885/1722
o cube
v -2.2645372333145133 3.5646693343020575 -0.2864194001059923
v -2.2645372333145133 3.7521693343020575 -0.2864194001059923
v -1.2507808952005925 3.564669334302058 0.6425171353655408
v -1.2507808952005925 3.7521693343020575 0.6425171353655408
v -2.0956396814105984 3.7521693343020575 -0.4707387343085232
v -2.0956396814105984 3.564669334302058 -0.4707387343085232
v -1.0818833432966777 3.752169334302058 0.4581978011630099
v -1.0818833432966777 3.5646693343020583 0.4581978011630099
vt 0.046875 0.375
vt 0.109375 0.375
vt 0.109375 0.03125
vt 0.046875 0.03125
vt 0.15625 0.375
vt 0.109375 0.375
vt 0.109375 0.03125
vt 0.15625 0.03125
vt 0.046875 0.375
vt 0.109375 0.375
vt 0.109375 0.03125
vt 0.046875 0.03125
vt 0.109375 0.375
vt 0.15625 0.375
vt 0.15625 0.03125
vt 0.109375 0.03125
vt 0.109375 0.375
vt 0.046875 0.375
vt 0.046875 0.421875
vt 0.109375 0.421875
vt 0.171875 0.421875
vt 0.109375 0.421875
vt 0.109375 0.375
vt 0.171875 0.375
vn -6.342054940674235e-16 1 3.2236280908265556e-16
vn -0.6755902076156604 -7.842990392835562e-16 0.7372773368101242
vn 6.342054940674235e-16 -1 -3.2236280908265556e-16
vn 0.6755902076156604 7.842990392835562e-16 -0.7372773368101242
vn -0.7372773368101242 -3.4243235577360246e-17 -0.6755902076156604
vn 0.7372773368101242 3.4243235577360246e-17 0.6755902076156604
usemtl m_32106622-412d-50ea-c58d-eafbf6f5adea
f 2300/6892/1723 2303/6891/1723 2301/6890/1723 2298/6889/1723
f 2299/6896/1724 2300/6895/1724 2298/6894/1724 2297/6893/1724
f 2304/6900/1725 2299/6899/1725 2297/6898/1725 2302/6897/1725
f 2303/6904/1726 2304/6903/1726 2302/6902/1726 2301/6901/1726
f 2302/6908/1727 2297/6907/1727 2298/6906/1727 2301/6905/1727
f 2303/6912/1728 2300/6911/1728 2299/6910/1728 2304/6909/1728
o cube
v -1.653933060432325 3.564669334302058 0.5274103081615671
v -1.6539330604323252 3.8771693343020575 0.5274103081615671
v -1.3774540591285285 3.564669334302058 0.7807566360174389
v -1.3774540591285285 3.8771693343020575 0.7807566360174389
v -1.2316891806725376 3.877169334302058 0.06661197265523988
v -1.2316891806725376 3.5646693343020583 0.06661197265523988
v -0.9552101793687409 3.877169334302058 0.31995830051111174
v -0.9552101793687409 3.5646693343020583 0.31995830051111174
vt 0.53125 0.09375
vt 0.6875 0.09375
vt 0.6875 0
vt 0.53125 0
vt 0.453125 0.09375
vt 0.53125 0.09375
vt 0.53125 0
vt 0.453125 0
vt 0.765625 0.09375
vt 0.921875 0.09375
vt 0.921875 0
vt 0.765625 0
vt 0.53125 0.09375
vt 0.453125 0.09375
vt 0.453125 0
vt 0.53125 0
vt 0.6875 0.09375
vt 0.53125 0.09375
vt 0.53125 0.171875
vt 0.6875 0.171875
vt 0.84375 0.171875
vt 0.6875 0.171875
vt 0.6875 0.09375
vt 0.84375 0.09375
vn -6.342054940674235e-16 1 3.2236280908265556e-16
vn -0.6755902076156604 -7.842990392835562e-16 0.7372773368101242
vn 6.342054940674235e-16 -1 -3.2236280908265556e-16
vn 0.6755902076156604 7.842990392835562e-16 -0.7372773368101242
vn -0.7372773368101242 -3.4243235577360246e-17 -0.6755902076156604
vn 0.7372773368101242 3.4243235577360246e-17 0.6755902076156604
usemtl m_32106622-412d-50ea-c58d-eafbf6f5adea
f 2308/6916/1729 2311/6915/1729 2309/6914/1729 2306/6913/1729
f 2307/6920/1730 2308/6919/1730 2306/6918/1730 2305/6917/1730
f 2312/6924/1731 2307/6923/1731 2305/6922/1731 2310/6921/1731
f 2311/6928/1732 2312/6927/1732 2310/6926/1732 2309/6925/1732
f 2310/6932/1733 2305/6931/1733 2306/6930/1733 2309/6929/1733
f 2311/6936/1734 2308/6935/1734 2307/6934/1734 2312/6933/1734
o cube
v -2.2491154510158973 3.5646693343020575 0.06679748600045343
v -2.2491154510158973 4.0021693343020575 0.06679748600045343
v -1.6961574484083035 3.564669334302058 0.5734901417121998
v -1.6961574484083037 4.0021693343020575 0.5734901417121998
v -1.7424227953041524 4.0021693343020575 -0.4861605166071392
v -1.7424227953041522 3.564669334302058 -0.4861605166071392
v -1.1894647926965587 4.0021693343020575 0.020532139104606273
v -1.1894647926965582 3.5646693343020583 0.020532139104606273
vt 0.109375 0.890625
vt 0.296875 0.890625
vt 0.296875 0.703125
vt 0.109375 0.703125
vt 0 0.890625
vt 0.109375 0.890625
vt 0.109375 0.703125
vt 0 0.703125
vt 0.40625 0.890625
vt 0.59375 0.890625
vt 0.59375 0.703125
vt 0.40625 0.703125
vt 0.296875 0.890625
vt 0.40625 0.890625
vt 0.40625 0.703125
vt 0.296875 0.703125
vt 0.296875 0.890625
vt 0.109375 0.890625
vt 0.109375 1
vt 0.296875 1
vt 0.484375 1
vt 0.296875 1
vt 0.296875 0.890625
vt 0.484375 0.890625
vn -6.342054940674235e-16 1 3.2236280908265556e-16
vn -0.6755902076156604 -7.842990392835562e-16 0.7372773368101242
vn 6.342054940674235e-16 -1 -3.2236280908265556e-16
vn 0.6755902076156604 7.842990392835562e-16 -0.7372773368101242
vn -0.7372773368101242 -3.4243235577360246e-17 -0.6755902076156604
vn 0.7372773368101242 3.4243235577360246e-17 0.6755902076156604
usemtl m_32106622-412d-50ea-c58d-eafbf6f5adea
f 2316/6940/1735 2319/6939/1735 2317/6938/1735 2314/6937/1735
f 2315/6944/1736 2316/6943/1736 2314/6942/1736 2313/6941/1736
f 2320/6948/1737 2315/6947/1737 2313/6946/1737 2318/6945/1737
f 2319/6952/1738 2320/6951/1738 2318/6950/1738 2317/6949/1738
f 2318/6956/1739 2313/6955/1739 2314/6954/1739 2317/6953/1739
f 2319/6960/1740 2316/6959/1740 2315/6958/1740 2320/6957/1740
o cube
v 0.9091778678635887 3.0362353223465117 -0.8994675220808235
v 0.9324416437703364 3.1843438985448733 -1.0120681277055477
v 1.9669050116713995 2.405303389765511 -1.5108292690864502
v 1.9901687875781473 2.553411965963873 -1.6234298747111744
v 0.8149207451465221 3.1080688917825663 -1.1366763607002461
v 0.7916569692397744 2.9599603155842047 -1.024075755075522
v 1.872647888954333 2.4771369592015655 -1.7480381077058729
v 1.8493841130475852 2.329028383003204 -1.6354375020811487
vt 0.265625 0.375
vt 0.3125 0.375
vt 0.3125 0.03125
vt 0.265625 0.03125
vt 0.21875 0.375
vt 0.265625 0.375
vt 0.265625 0.03125
vt 0.21875 0.03125
vt 0.3125 0.375
vt 0.265625 0.375
vt 0.265625 0.03125
vt 0.3125 0.03125
vt 0.3125 0.375
vt 0.359375 0.375
vt 0.359375 0.03125
vt 0.3125 0.03125
vt 0.3125 0.375
vt 0.265625 0.375
vt 0.265625 0.421875
vt 0.3125 0.421875
vt 0.359375 0.421875
vt 0.3125 0.421875
vt 0.3125 0.375
vt 0.359375 0.375
vn 0.1240734715026573 0.7899124063912628 -0.6005365633318624
vn 0.6267781259936771 0.4068000360656382 0.664577242638393
vn -0.1240734715026573 -0.7899124063912628 0.6005365633318624
vn -0.6267781259936771 -0.4068000360656382 -0.664577242638393
vn -0.769256104587499 0.458859587331637 0.44462672509500195
vn 0.769256104587499 -0.458859587331637 -0.44462672509500195
usemtl m_32106622-412d-50ea-c58d-eafbf6f5adea
f 2324/6964/1741 2327/6963/1741 2325/6962/1741 2322/6961/1741
f 2323/6968/1742 2324/6967/1742 2322/6966/1742 2321/6965/1742
f 2328/6972/1743 2323/6971/1743 2321/6970/1743 2326/6969/1743
f 2327/6976/1744 2328/6975/1744 2326/6974/1744 2325/6973/1744
f 2326/6980/1745 2321/6979/1745 2322/6978/1745 2325/6977/1745
f 2327/6984/1746 2324/6983/1746 2323/6982/1746 2328/6981/1746
o cube
v 0.6720559971558955 3.0095985351626338 -0.6712809940497104
v 0.7627900427045455 3.1639206270303655 -0.6155290887912992
v 1.5560843662240686 2.232888143282784 0.03994316880509352
v 1.6468184117727187 2.3872102351505156 0.09569507406350475
v 0.8741069043626823 3.152832641786924 -0.7660012220712664
v 0.7833728588140323 2.9985105499191924 -0.8217531273296776
v 1.7581352734308555 2.376122249907074 -0.054777059216463364
v 1.6674012278822055 2.2218001580393425 -0.11052896447487459
vt 0.3125 0.375
vt 0.265625 0.375
vt 0.265625 0.03125
vt 0.3125 0.03125
vt 0.21875 0.375
vt 0.265625 0.375
vt 0.265625 0.03125
vt 0.21875 0.03125
vt 0.265625 0.375
vt 0.3125 0.375
vt 0.3125 0.03125
vt 0.265625 0.03125
vt 0.3125 0.375
vt 0.359375 0.375
vt 0.359375 0.03125
vt 0.3125 0.03125
vt 0.3125 0.375
vt 0.265625 0.375
vt 0.265625 0.421875
vt 0.3125 0.421875
vt 0.359375 0.421875
vt 0.3125 0.421875
vt 0.3125 0.375
vt 0.359375 0.375
vn 0.4839149095928007 0.823051156627903 0.2973434947115255
vn -0.593689928843397 0.05913592129835391 0.8025180441598291
vn -0.4839149095928007 -0.823051156627903 -0.2973434947115255
vn 0.593689928843397 -0.05913592129835391 -0.8025180441598291
vn -0.6429297229586716 0.5648802850035272 -0.5172539366216751
vn 0.6429297229586716 -0.5648802850035272 0.5172539366216751
usemtl m_32106622-412d-50ea-c58d-eafbf6f5adea
f 2332/6988/1747 2335/6987/1747 2333/6986/1747 2330/6985/1747
f 2331/6992/1748 2332/6991/1748 2330/6990/1748 2329/6989/1748
f 2336/6996/1749 2331/6995/1749 2329/6994/1749 2334/6993/1749
f 2335/7000/1750 2336/6999/1750 2334/6998/1750 2333/6997/1750
f 2334/7004/1751 2329/7003/1751 2330/7002/1751 2333/7001/1751
f 2335/7008/1752 2332/7007/1752 2331/7006/1752 2336/7005/1752
o cube
v -0.9180295854777625 2.783037517174731 -1.0490141201370529
v -1.2764227149049971 3.1999003528657384 -1.1681190780481554
v -0.5151460915667876 3.160351008752974 -0.9407289900077487
v -0.8735392209940223 3.5772138444439814 -1.0598339479188512
v -1.0984870034134626 3.181773390045259 -1.76698074470825
v -0.740093873986228 2.7649105543542514 -1.6478757867971474
v -0.6956035095024877 3.559086881623502 -1.6586956145789458
v -0.33721038007525306 3.1422240459324944 -1.5395906566678432
vt 0.140625 0.5625
vt 0.296875 0.5625
vt 0.296875 0.421875
vt 0.140625 0.421875
vt 0 0.5625
vt 0.140625 0.5625
vt 0.140625 0.421875
vt 0 0.421875
vt 0.4375 0.5625
vt 0.59375 0.5625
vt 0.59375 0.421875
vt 0.4375 0.421875
vt 0.296875 0.5625
vt 0.4375 0.5625
vt 0.4375 0.421875
vt 0.296875 0.421875
vt 0.296875 0.5625
vt 0.140625 0.5625
vt 0.140625 0.703125
vt 0.296875 0.703125
vt 0.453125 0.703125
vt 0.296875 0.703125
vt 0.296875 0.5625
vt 0.453125 0.5625
vn -0.6371433412039728 0.7410894856729024 -0.2117421473975149
vn -0.28469713838645544 0.029003140512766933 0.9581786666561514
vn 0.6371433412039728 -0.7410894856729024 0.2117421473975149
vn 0.28469713838645544 -0.029003140512766933 -0.9581786666561514
vn -0.7162373225083998 -0.6707795405835435 -0.19250689800765278
vn 0.7162373225083998 0.6707795405835435 0.19250689800765278
usemtl m_32106622-412d-50ea-c58d-eafbf6f5adea
f 2340/7012/1753 2343/7011/1753 2341/7010/1753 2338/7009/1753
f 2339/7016/1754 2340/7015/1754 2338/7014/1754 2337/7013/1754
f 2344/7020/1755 2339/7019/1755 2337/7018/1755 2342/7017/1755
f 2343/7024/1756 2344/7023/1756 2342/7022/1756 2341/7021/1756
f 2342/7028/1757 2337/7027/1757 2338/7026/1757 2341/7025/1757
f 2343/7032/1758 2340/7031/1758 2339/7030/1758 2344/7029/1758
o cube
v -0.6786662433947221 3.38831608046166 -1.1266707444014905
v -0.8379520786957153 3.5735884518798855 -1.1796062812508694
v -0.49960691276762215 3.5560109656075456 -1.078544019899577
v -0.6588927480686153 3.7412833370257714 -1.131479556748956
v -0.7311906518007947 3.562712274187598 -1.5389232812469267
v -0.5719048164998015 3.3774399027693724 -1.4859877443975478
v -0.5521313211736947 3.7304071593334838 -1.4907965567450132
v -0.3928454858727015 3.5451347879152584 -1.4378610198956343
vt 0.65625 0.9375
vt 0.75 0.9375
vt 0.75 0.875
vt 0.65625 0.875
vt 0.59375 0.9375
vt 0.65625 0.9375
vt 0.65625 0.875
vt 0.59375 0.875
vt 0.8125 0.9375
vt 0.90625 0.9375
vt 0.90625 0.875
vt 0.8125 0.875
vt 0.75 0.9375
vt 0.8125 0.9375
vt 0.8125 0.875
vt 0.75 0.875
vt 0.75 0.9375
vt 0.65625 0.9375
vt 0.65625 1
vt 0.75 1
vt 0.84375 1
vt 0.75 1
vt 0.75 0.9375
vt 0.84375 0.9375
vn -0.6371433412039728 0.7410894856729024 -0.2117421473975149
vn -0.28469713838645544 0.029003140512766933 0.9581786666561514
vn 0.6371433412039728 -0.7410894856729024 0.2117421473975149
vn 0.28469713838645544 -0.029003140512766933 -0.9581786666561514
vn -0.7162373225083998 -0.6707795405835435 -0.19250689800765278
vn 0.7162373225083998 0.6707795405835435 0.19250689800765278
usemtl m_32106622-412d-50ea-c58d-eafbf6f5adea
f 2348/7036/1759 2351/7035/1759 2349/7034/1759 2346/7033/1759
f 2347/7040/1760 2348/7039/1760 2346/7038/1760 2345/7037/1760
f 2352/7044/1761 2347/7043/1761 2345/7042/1761 2350/7041/1761
f 2351/7048/1762 2352/7047/1762 2350/7046/1762 2349/7045/1762
f 2350/7052/1763 2345/7051/1763 2346/7050/1763 2349/7049/1763
f 2351/7056/1764 2348/7055/1764 2347/7054/1764 2352/7053/1764
o cube
v -0.41173929651357355 3.290674923996388 -0.705325770695195
v -0.3934359696076837 3.47727930263808 -0.7055357609903101
v 0.4838247718209594 3.204002441621438 0.3344231799208002
v 0.5021280987268493 3.3906068202631303 0.334213189625685
v -0.25234251034012223 3.4633019028517644 -0.8282285401059788
v -0.2706458372460121 3.276697524210072 -0.8280185498108636
v 0.6432215579944107 3.3766294204768146 0.21152041051001547
v 0.6249182310885208 3.1900250418351224 0.21173040080513061
vt 0.3125 0.375
vt 0.265625 0.375
vt 0.265625 0.03125
vt 0.3125 0.03125
vt 0.359375 0.375
vt 0.3125 0.375
vt 0.3125 0.03125
vt 0.359375 0.03125
vt 0.265625 0.375
vt 0.3125 0.375
vt 0.3125 0.03125
vt 0.265625 0.03125
vt 0.265625 0.375
vt 0.21875 0.375
vt 0.21875 0.03125
vt 0.265625 0.03125
vt 0.265625 0.375
vt 0.3125 0.375
vt 0.3125 0.421875
vt 0.265625 0.421875
vt 0.3125 0.421875
vt 0.359375 0.421875
vt 0.359375 0.375
vt 0.3125 0.375
vn 0.0976177434980797 0.9952233527556924 -0.0011199482406123598
vn -0.7524984494269954 0.07454613219368487 0.6543614886169029
vn -0.0976177434980797 -0.9952233527556924 0.0011199482406123598
vn 0.7524984494269954 -0.07454613219368487 -0.6543614886169029
vn -0.6513193224251149 0.06303453263632672 -0.7561810549934515
vn 0.6513193224251149 -0.06303453263632672 0.7561810549934515
usemtl m_32106622-412d-50ea-c58d-eafbf6f5adea
f 2356/7060/1765 2359/7059/1765 2357/7058/1765 2354/7057/1765
f 2355/7064/1766 2356/7063/1766 2354/7062/1766 2353/7061/1766
f 2360/7068/1767 2355/7067/1767 2353/7066/1767 2358/7065/1767
f 2359/7072/1768 2360/7071/1768 2358/7070/1768 2357/7069/1768
f 2358/7076/1769 2353/7075/1769 2354/7074/1769 2357/7073/1769
f 2359/7080/1770 2356/7079/1770 2355/7078/1770 2360/7077/1770
o cube
v -0.022526899659982114 3.1831087846862953 -1.4978361272867526
v -0.0679054922332627 3.3195034799725396 -1.6182251651342276
v 1.0929051628334348 2.892521692999721 -2.2474996892309203
v 1.0475265702601542 3.0289163882859653 -2.3678887270783955
v -0.1677117711260765 3.197100228967226 -1.719281589160116
v -0.12233317855279591 3.0607055336809816 -1.598892551312641
v 0.9477202913673421 2.9065131372806516 -2.468945151104284
v 0.9930988839406227 2.7701184419944074 -2.3485561132568087
vt 0.265625 0.375
vt 0.3125 0.375
vt 0.3125 0.03125
vt 0.265625 0.03125
vt 0.21875 0.375
vt 0.265625 0.375
vt 0.265625 0.03125
vt 0.21875 0.03125
vt 0.3125 0.375
vt 0.265625 0.375
vt 0.265625 0.03125
vt 0.3125 0.03125
vt 0.3125 0.375
vt 0.359375 0.375
vt 0.359375 0.03125
vt 0.3125 0.03125
vt 0.3125 0.375
vt 0.265625 0.375
vt 0.265625 0.421875
vt 0.3125 0.421875
vt 0.359375 0.421875
vt 0.3125 0.421875
vt 0.3125 0.375
vt 0.359375 0.375
vn -0.2420191603908315 0.7274383748599688 -0.6420748685198671
vn 0.5323001540950029 0.652817338695006 0.5389675948047395
vn 0.2420191603908315 -0.7274383748599688 0.6420748685198671
vn -0.5323001540950029 -0.652817338695006 -0.5389675948047395
vn -0.8112233181770313 0.211336066681145 0.5452098632321225
vn 0.8112233181770313 -0.211336066681145 -0.5452098632321225
usemtl m_32106622-412d-50ea-c58d-eafbf6f5adea
f 2364/7084/1771 2367/7083/1771 2365/7082/1771 2362/7081/1771
f 2363/7088/1772 2364/7087/1772 2362/7086/1772 2361/7085/1772
f 2368/7092/1773 2363/7091/1773 2361/7090/1773 2366/7089/1773
f 2367/7096/1774 2368/7095/1774 2366/7094/1774 2365/7093/1774
f 2366/7100/1775 2361/7099/1775 2362/7098/1775 2365/7097/1775
f 2367/7104/1776 2364/7103/1776 2363/7102/1776 2368/7101/1776
o cube
v -0.5476700996102759 3.1623346449252563 -1.0957771370172456
v -0.5141620163697156 3.3386671390654237 -1.1500017612008349
v 0.7635770177686911 3.034162104209629 -0.7022955021575621
v 0.7970851010092515 3.2104945983497966 -0.7565201263411513
v -0.453620450093645 3.256934583888503 -1.3783753765268871
v -0.4871285333342053 3.0806020897483357 -1.3241507523432978
v 0.8576266672853222 3.128762043172876 -0.9848937416672036
v 0.8241185840447618 2.9524295490327086 -0.9306691174836144
vt 0.046875 0.375
vt 0.109375 0.375
vt 0.109375 0.03125
vt 0.046875 0.03125
vt 0.15625 0.375
vt 0.109375 0.375
vt 0.109375 0.03125
vt 0.15625 0.03125
vt 0.046875 0.375
vt 0.109375 0.375
vt 0.109375 0.03125
vt 0.046875 0.03125
vt 0.109375 0.375
vt 0.15625 0.375
vt 0.15625 0.03125
vt 0.109375 0.03125
vt 0.109375 0.375
vt 0.046875 0.375
vt 0.046875 0.421875
vt 0.109375 0.421875
vt 0.171875 0.421875
vt 0.109375 0.421875
vt 0.109375 0.375
vt 0.171875 0.375
vn 0.17870977728298892 0.9404399687475599 -0.2891979956458091
vn -0.24216626510428318 0.32693022070768224 0.9134944613042097
vn -0.17870977728298892 -0.9404399687475599 0.2891979956458091
vn 0.24216626510428318 -0.32693022070768224 -0.9134944613042097
vn -0.9536342671847038 0.0932163932477286 -0.28616846171613347
vn 0.9536342671847038 -0.0932163932477286 0.28616846171613347
usemtl m_32106622-412d-50ea-c58d-eafbf6f5adea
f 2372/7108/1777 2375/7107/1777 2373/7106/1777 2370/7105/1777
f 2371/7112/1778 2372/7111/1778 2370/7110/1778 2369/7109/1778
f 2376/7116/1779 2371/7115/1779 2369/7114/1779 2374/7113/1779
f 2375/7120/1780 2376/7119/1780 2374/7118/1780 2373/7117/1780
f 2374/7124/1781 2369/7123/1781 2370/7122/1781 2373/7121/1781
f 2375/7128/1782 2372/7127/1782 2371/7126/1782 2376/7125/1782
o cube
v 0.3605579928673743 3.130417668060218 -0.6383284638065728
v 0.41640479826830823 3.42430515829383 -0.7287028374458882
v 0.718170843061638 3.0954615205923193 -0.5310152906630228
v 0.774017648462572 3.3893490108259314 -0.6213896643023382
v 0.5677587139584851 3.2199737703515288 -1.299636875761019
v 0.5119119085575512 2.9260862801179166 -1.2092625021217036
v 0.9253715641527489 3.1850176228836307 -1.1923237026174691
v 0.8695247587518149 2.891130132650018 -1.1019493289781537
vt 0.53125 0.09375
vt 0.6875 0.09375
vt 0.6875 0
vt 0.53125 0
vt 0.453125 0.09375
vt 0.53125 0.09375
vt 0.53125 0
vt 0.453125 0
vt 0.765625 0.09375
vt 0.921875 0.09375
vt 0.921875 0
vt 0.765625 0
vt 0.53125 0.09375
vt 0.453125 0.09375
vt 0.453125 0
vt 0.53125 0
vt 0.6875 0.09375
vt 0.53125 0.09375
vt 0.53125 0.171875
vt 0.6875 0.171875
vt 0.84375 0.171875
vt 0.6875 0.171875
vt 0.6875 0.09375
vt 0.84375 0.09375
vn 0.17870977728298892 0.9404399687475599 -0.2891979956458091
vn -0.24216626510428318 0.32693022070768224 0.9134944613042097
vn -0.17870977728298892 -0.9404399687475599 0.2891979956458091
vn 0.24216626510428318 -0.32693022070768224 -0.9134944613042097
vn -0.9536342671847038 0.0932163932477286 -0.28616846171613347
vn 0.9536342671847038 -0.0932163932477286 0.28616846171613347
usemtl m_32106622-412d-50ea-c58d-eafbf6f5adea
f 2380/7132/1783 2383/7131/1783 2381/7130/1783 2378/7129/1783
f 2379/7136/1784 2380/7135/1784 2378/7134/1784 2377/7133/1784
f 2384/7140/1785 2379/7139/1785 2377/7138/1785 2382/7137/1785
f 2383/7144/1786 2384/7143/1786 2382/7142/1786 2381/7141/1786
f 2382/7148/1787 2377/7147/1787 2378/7146/1787 2381/7145/1787
f 2383/7152/1788 2380/7151/1788 2379/7150/1788 2384/7149/1788
o cube
v -0.3698030990901709 3.2207631017902445 -0.7958614062621598
v -0.2916175715288634 3.632205588117302 -0.9223855293572014
v 0.3454226012983566 3.150850806854448 -0.5812350599750598
v 0.4236081288596641 3.5622932931815052 -0.7077591830701012
v -0.10999287270065128 3.38700792258654 -1.6075063753353585
v -0.1881784002619587 2.975565436259483 -1.4809822522403169
v 0.6052328276878763 3.317095627650744 -1.3928800290482584
v 0.5270473001265689 2.9056531413236866 -1.2663559059532168
vt 0.109375 0.890625
vt 0.296875 0.890625
vt 0.296875 0.703125
vt 0.109375 0.703125
vt 0 0.890625
vt 0.109375 0.890625
vt 0.109375 0.703125
vt 0 0.703125
vt 0.40625 0.890625
vt 0.59375 0.890625
vt 0.59375 0.703125
vt 0.40625 0.703125
vt 0.296875 0.890625
vt 0.40625 0.890625
vt 0.40625 0.703125
vt 0.296875 0.703125
vt 0.296875 0.890625
vt 0.109375 0.890625
vt 0.109375 1
vt 0.296875 1
vt 0.484375 1
vt 0.296875 1
vt 0.296875 0.890625
vt 0.484375 0.890625
vn 0.17870977728298892 0.9404399687475599 -0.2891979956458091
vn -0.24216626510428318 0.32693022070768224 0.9134944613042097
vn -0.17870977728298892 -0.9404399687475599 0.2891979956458091
vn 0.24216626510428318 -0.32693022070768224 -0.9134944613042097
vn -0.9536342671847038 0.0932163932477286 -0.28616846171613347
vn 0.9536342671847038 -0.0932163932477286 0.28616846171613347
usemtl m_32106622-412d-50ea-c58d-eafbf6f5adea
f 2388/7156/1789 2391/7155/1789 2389/7154/1789 2386/7153/1789
f 2387/7160/1790 2388/7159/1790 2386/7158/1790 2385/7157/1790
f 2392/7164/1791 2387/7163/1791 2385/7162/1791 2390/7161/1791
f 2391/7168/1792 2392/7167/1792 2390/7166/1792 2389/7165/1792
f 2390/7172/1793 2385/7171/1793 2386/7170/1793 2389/7169/1793
f 2391/7176/1794 2388/7175/1794 2387/7174/1794 2392/7173/1794
o cube
v -1.0046439147693964 2.4297134363684254 -1.9447580810007503
v -1.0953817206979797 1.9815518351253631 -1.6171545405032122
v -0.4593860678515935 2.295429197854618 -1.9774364172700407
v -0.5501238737801768 1.8472675966115557 -1.6498328767725026
v -0.9795552170366597 2.3285409523596643 -1.1103924922295132
v -0.8888174111080764 2.7767025536027266 -1.4379960327270513
v -0.43429737011885683 2.1942567138458573 -1.1430708284988036
v -0.34355956419027356 2.6424183150889196 -1.4706743689963417
vt 0.140625 0.5625
vt 0.296875 0.5625
vt 0.296875 0.421875
vt 0.140625 0.421875
vt 0 0.5625
vt 0.140625 0.5625
vt 0.140625 0.421875
vt 0 0.421875
vt 0.4375 0.5625
vt 0.59375 0.5625
vt 0.59375 0.421875
vt 0.4375 0.421875
vt 0.296875 0.5625
vt 0.4375 0.5625
vt 0.4375 0.421875
vt 0.296875 0.421875
vt 0.296875 0.5625
vt 0.140625 0.5625
vt 0.140625 0.703125
vt 0.296875 0.703125
vt 0.453125 0.703125
vt 0.296875 0.703125
vt 0.296875 0.5625
vt 0.453125 0.5625
vn -0.16131165498414782 -0.7967317355432205 0.5824062942178452
vn -0.18532240585811235 -0.5551825875748815 -0.8108192772379182
vn 0.16131165498414782 0.7967317355432205 -0.5824062942178452
vn 0.18532240585811235 0.5551825875748815 0.8108192772379182
vn -0.9693472834094272 0.23872753513565764 0.0580948200342931
vn 0.9693472834094272 -0.23872753513565764 -0.0580948200342931
usemtl m_32106622-412d-50ea-c58d-eafbf6f5adea
f 2396/7180/1795 2399/7179/1795 2397/7178/1795 2394/7177/1795
f 2395/7184/1796 2396/7183/1796 2394/7182/1796 2393/7181/1796
f 2400/7188/1797 2395/7187/1797 2393/7186/1797 2398/7185/1797
f 2399/7192/1798 2400/7191/1798 2398/7190/1798 2397/7189/1798
f 2398/7196/1799 2393/7195/1799 2394/7194/1799 2397/7193/1799
f 2399/7200/1800 2396/7199/1800 2395/7198/1800 2400/7197/1800
o cube
v -0.4866306593018761 2.115848353944222 -1.6940820406722246
v -0.5269585730479132 1.9166654200584161 -1.5484804671177628
v -0.24429383844951924 2.0561664701603077 -1.7086057456807975
v -0.2846217521955561 1.8569835362745017 -1.5630041721263357
v -0.4574626708511209 2.124858890398997 -1.2444232381535434
v -0.41713475710508385 2.324041824284803 -1.3900248117080052
v -0.21512584999876427 2.065177006615082 -1.2589469431621163
v -0.17479793625272722 2.264359940500888 -1.404548516716578
vt 0.65625 0.9375
vt 0.75 0.9375
vt 0.75 0.875
vt 0.65625 0.875
vt 0.59375 0.9375
vt 0.65625 0.9375
vt 0.65625 0.875
vt 0.59375 0.875
vt 0.8125 0.9375
vt 0.90625 0.9375
vt 0.90625 0.875
vt 0.8125 0.875
vt 0.75 0.9375
vt 0.8125 0.9375
vt 0.8125 0.875
vt 0.75 0.875
vt 0.75 0.9375
vt 0.65625 0.9375
vt 0.65625 1
vt 0.75 1
vt 0.84375 1
vt 0.75 1
vt 0.75 0.9375
vt 0.84375 0.9375
vn -0.16131165498414782 -0.7967317355432205 0.5824062942178452
vn -0.18532240585811235 -0.5551825875748815 -0.8108192772379182
vn 0.16131165498414782 0.7967317355432205 -0.5824062942178452
vn 0.18532240585811235 0.5551825875748815 0.8108192772379182
vn -0.9693472834094272 0.23872753513565764 0.0580948200342931
vn 0.9693472834094272 -0.23872753513565764 -0.0580948200342931
usemtl m_32106622-412d-50ea-c58d-eafbf6f5adea
f 2404/7204/1801 2407/7203/1801 2405/7202/1801 2402/7201/1801
f 2403/7208/1802 2404/7207/1802 2402/7206/1802 2401/7205/1802
f 2408/7212/1803 2403/7211/1803 2401/7210/1803 2406/7209/1803
f 2407/7216/1804 2408/7215/1804 2406/7214/1804 2405/7213/1804
f 2406/7220/1805 2401/7219/1805 2402/7218/1805 2405/7217/1805
f 2407/7224/1806 2404/7223/1806 2403/7222/1806 2408/7221/1806
o cube
v 1.0261739812908672 2.316728309460375 1.2620040269903194
v 1.1174583233029232 2.4583842172032577 1.3442051383268818
v 0.6749888642496433 1.8260696780376753 2.4975395873766426
v 0.7662732062616993 1.967725585780558 2.5797406987132048
v 1.2740791204992563 2.355363957153795 1.3478109537583784
v 1.1827947784872004 2.2137080494109123 1.265609842421816
v 0.9228940034580324 1.8647053257310953 2.5833465141447016
v 0.8316096614459765 1.7230494179882125 2.5011454028081395
vt 0.265625 0.375
vt 0.3125 0.375
vt 0.3125 0.03125
vt 0.265625 0.03125
vt 0.21875 0.375
vt 0.265625 0.375
vt 0.265625 0.03125
vt 0.21875 0.03125
vt 0.3125 0.375
vt 0.265625 0.375
vt 0.265625 0.03125
vt 0.3125 0.03125
vt 0.3125 0.375
vt 0.359375 0.375
vt 0.359375 0.03125
vt 0.3125 0.03125
vt 0.3125 0.375
vt 0.265625 0.375
vt 0.265625 0.421875
vt 0.3125 0.421875
vt 0.359375 0.421875
vt 0.3125 0.421875
vt 0.3125 0.375
vt 0.359375 0.375
vn 0.48684982406429855 0.7554981746287076 0.4384059271283323
vn -0.8353109183804448 0.5494413869304694 -0.01923101563464943
vn -0.48684982406429855 -0.7554981746287076 -0.4384059271283323
vn 0.8353109183804448 -0.5494413869304694 0.01923101563464943
vn 0.25540735784816293 0.3568426410346907 -0.8985713166445987
vn -0.25540735784816293 -0.3568426410346907 0.8985713166445987
usemtl m_32106622-412d-50ea-c58d-eafbf6f5adea
f 2412/7228/1807 2415/7227/1807 2413/7226/1807 2410/7225/1807
f 2411/7232/1808 2412/7231/1808 2410/7230/1808 2409/7229/1808
f 2416/7236/1809 2411/7235/1809 2409/7234/1809 2414/7233/1809
f 2415/7240/1810 2416/7239/1810 2414/7238/1810 2413/7237/1810
f 2414/7244/1811 2409/7243/1811 2410/7242/1811 2413/7241/1811
f 2415/7248/1812 2412/7247/1812 2411/7246/1812 2416/7245/1812
o cube
v 1.010796001262079 2.2677176958771534 0.9358646870438472
v 0.9350212940809075 2.4383289636024976 0.9533643749484515
v -0.22012084031156598 1.6979076254552399 1.1612204341996204
v -0.2958955474927374 1.8685188931805843 1.1787201221042247
v 0.9702356417963425 2.435082131012143 1.1374992651596951
v 1.0460103489775139 2.2644708632867987 1.1199995772550908
v -0.26068119977730264 1.8652720605902298 1.3628550123154684
v -0.18490649259613123 1.6946607928648851 1.345355324410864
vt 0.3125 0.375
vt 0.265625 0.375
vt 0.265625 0.03125
vt 0.3125 0.03125
vt 0.21875 0.375
vt 0.265625 0.375
vt 0.265625 0.03125
vt 0.21875 0.03125
vt 0.265625 0.375
vt 0.3125 0.375
vt 0.3125 0.03125
vt 0.265625 0.03125
vt 0.3125 0.375
vt 0.359375 0.375
vt 0.359375 0.03125
vt 0.3125 0.03125
vt 0.3125 0.375
vt 0.265625 0.375
vt 0.265625 0.421875
vt 0.3125 0.421875
vt 0.359375 0.421875
vt 0.3125 0.421875
vt 0.3125 0.375
vt 0.359375 0.375
vn -0.40413177163291475 0.909926761201837 0.09333166882455814
vn -0.18780985448231938 0.017316440481891304 -0.9820527477932981
vn 0.40413177163291475 -0.909926761201837 -0.09333166882455814
vn 0.18780985448231938 -0.017316440481891304 0.9820527477932981
vn 0.8952122484171963 0.4144073239432098 -0.16389508884056256
vn -0.8952122484171963 -0.4144073239432098 0.16389508884056256
usemtl m_32106622-412d-50ea-c58d-eafbf6f5adea
f 2420/7252/1813 2423/7251/1813 2421/7250/1813 2418/7249/1813
f 2419/7256/1814 2420/7255/1814 2418/7254/1814 2417/7253/1814
f 2424/7260/1815 2419/7259/1815 2417/7258/1815 2422/7257/1815
f 2423/7264/1816 2424/7263/1816 2422/7262/1816 2421/7261/1816
f 2422/7268/1817 2417/7267/1817 2418/7266/1817 2421/7265/1817
f 2423/7272/1818 2420/7271/1818 2419/7270/1818 2424/7269/1818
o cube
v 2.442702022203205 1.7135357385426984 0.3584913172351176
v 2.6685124586880313 2.003740679904111 -0.06718107884425173
v 2.031743070128731 2.0952862458876647 0.4007469659901708
v 2.257553506613557 2.3854911872490776 -0.024925430089198564
v 3.013724214214343 2.330441154630986 0.338676831833459
v 2.787913777729517 2.040236213269573 0.7643492279128283
v 2.602765262139868 2.712191661975952 0.38093248058851215
v 2.3769548256550417 2.421986720614539 0.8066048766678815
vt 0.140625 0.5625
vt 0.296875 0.5625
vt 0.296875 0.421875
vt 0.140625 0.421875
vt 0 0.5625
vt 0.140625 0.5625
vt 0.140625 0.421875
vt 0 0.421875
vt 0.4375 0.5625
vt 0.59375 0.5625
vt 0.59375 0.421875
vt 0.4375 0.421875
vt 0.296875 0.5625
vt 0.4375 0.5625
vt 0.4375 0.421875
vt 0.296875 0.421875
vt 0.296875 0.5625
vt 0.140625 0.5625
vt 0.140625 0.703125
vt 0.296875 0.703125
vt 0.453125 0.703125
vt 0.296875 0.703125
vt 0.296875 0.5625
vt 0.453125 0.5625
vn 0.4014407759730241 0.5159198957536225 -0.756750926363323
vn -0.5523388088420987 -0.5227207595629993 -0.6493726570843376
vn -0.4014407759730241 -0.5159198957536225 0.756750926363323
vn 0.5523388088420987 0.5227207595629993 0.6493726570843376
vn 0.7305936925768439 -0.6786675686132736 -0.07512115334231638
vn -0.7305936925768439 0.6786675686132736 0.07512115334231638
usemtl m_32106622-412d-50ea-c58d-eafbf6f5adea
f 2428/7276/1819 2431/7275/1819 2429/7274/1819 2426/7273/1819
f 2427/7280/1820 2428/7279/1820 2426/7278/1820 2425/7277/1820
f 2432/7284/1821 2427/7283/1821 2425/7282/1821 2430/7281/1821
f 2431/7288/1822 2432/7287/1822 2430/7286/1822 2429/7285/1822
f 2430/7292/1823 2425/7291/1823 2426/7290/1823 2429/7289/1823
f 2431/7296/1824 2428/7295/1824 2427/7294/1824 2432/7293/1824
o cube
v 2.2262356637255625 2.321851308256046 0.24543388363717478
v 2.326595857718819 2.450831282194452 0.056246152046343756
v 2.043587240581351 2.4915182004093643 0.26421417197275376
v 2.1439474345746072 2.62049817434777 0.07502644038192274
v 2.533722911034606 2.6468515670305766 0.29976089845297027
v 2.4333627170413497 2.517871593092171 0.4889486300438013
v 2.3510744878903944 2.8165184591838948 0.31854118678854926
v 2.250714293897138 2.687538485245489 0.5077289183793803
vt 0.65625 0.9375
vt 0.75 0.9375
vt 0.75 0.875
vt 0.65625 0.875
vt 0.59375 0.9375
vt 0.65625 0.9375
vt 0.65625 0.875
vt 0.59375 0.875
vt 0.8125 0.9375
vt 0.90625 0.9375
vt 0.90625 0.875
vt 0.8125 0.875
vt 0.75 0.9375
vt 0.8125 0.9375
vt 0.8125 0.875
vt 0.75 0.875
vt 0.75 0.9375
vt 0.65625 0.9375
vt 0.65625 1
vt 0.75 1
vt 0.84375 1
vt 0.75 1
vt 0.75 0.9375
vt 0.84375 0.9375
vn 0.4014407759730241 0.5159198957536225 -0.756750926363323
vn -0.5523388088420987 -0.5227207595629993 -0.6493726570843376
vn -0.4014407759730241 -0.5159198957536225 0.756750926363323
vn 0.5523388088420987 0.5227207595629993 0.6493726570843376
vn 0.7305936925768439 -0.6786675686132736 -0.07512115334231638
vn -0.7305936925768439 0.6786675686132736 0.07512115334231638
usemtl m_32106622-412d-50ea-c58d-eafbf6f5adea
f 2436/7300/1825 2439/7299/1825 2437/7298/1825 2434/7297/1825
f 2435/7304/1826 2436/7303/1826 2434/7302/1826 2433/7301/1826
f 2440/7308/1827 2435/7307/1827 2433/7306/1827 2438/7305/1827
f 2439/7312/1828 2440/7311/1828 2438/7310/1828 2437/7309/1828
f 2438/7316/1829 2433/7315/1829 2434/7314/1829 2437/7313/1829
f 2439/7320/1830 2436/7319/1830 2435/7318/1830 2440/7317/1830
o cube
v 1.7962024534016081 2.364597222052754 0.14306819102337176
v 1.8145057803074984 2.551201600694446 0.14285820072825572
v 0.42831806601484224 2.498723916408241 0.10398708811158919
v 0.4466213929207328 2.685328295049933 0.10377709781647315
v 1.8092224787646953 2.55193073280254 0.33028233228867343
v 1.790919151858805 2.365326354160848 0.33049232258378947
v 0.44133809137792945 2.6860574271580266 0.29120122937689086
v 0.4230347644720389 2.4994530485163344 0.2914112196720069
vt 0.3125 0.375
vt 0.265625 0.375
vt 0.265625 0.03125
vt 0.3125 0.03125
vt 0.359375 0.375
vt 0.3125 0.375
vt 0.3125 0.03125
vt 0.359375 0.03125
vt 0.265625 0.375
vt 0.3125 0.375
vt 0.3125 0.03125
vt 0.265625 0.03125
vt 0.265625 0.375
vt 0.21875 0.375
vt 0.21875 0.03125
vt 0.265625 0.03125
vt 0.265625 0.375
vt 0.3125 0.375
vt 0.3125 0.421875
vt 0.265625 0.421875
vt 0.3125 0.421875
vt 0.359375 0.421875
vt 0.359375 0.375
vt 0.3125 0.375
vn 0.09761774349808247 0.9952233527556922 -0.0011199482406178704
vn 0.02817760822828448 -0.003888704576499673 -0.9995953683222277
vn -0.09761774349808247 -0.9952233527556922 0.0011199482406178704
vn -0.02817760822828448 0.003888704576499673 0.9995953683222277
vn 0.9948250090085572 -0.09754668680399038 0.028422620299478205
vn -0.9948250090085572 0.09754668680399038 -0.028422620299478205
usemtl m_32106622-412d-50ea-c58d-eafbf6f5adea
f 2444/7324/1831 2447/7323/1831 2445/7322/1831 2442/7321/1831
f 2443/7328/1832 2444/7327/1832 2442/7326/1832 2441/7325/1832
f 2448/7332/1833 2443/7331/1833 2441/7330/1833 2446/7329/1833
f 2447/7336/1834 2448/7335/1834 2446/7334/1834 2445/7333/1834
f 2446/7340/1835 2441/7339/1835 2442/7338/1835 2445/7337/1835
f 2447/7344/1836 2444/7343/1836 2443/7342/1836 2448/7341/1836
o cube
v 2.103701614384158 2.2668706049108165 0.971936819813541
v 2.2440830993666836 2.385222996917239 1.0099104946483393
v 1.8710804266026333 2.1108675157746397 2.3181074699077566
v 2.011461911585159 2.2292199077810624 2.3560811447425554
v 2.364262391779463 2.2413605123756986 1.0140060064232634
v 2.2238809067969374 2.123008120369276 0.9760323315884651
v 2.1316412039979395 2.085357423239522 2.360176656517479
v 1.9912597190154138 1.967005031233099 2.322202981682681
vt 0.265625 0.375
vt 0.3125 0.375
vt 0.3125 0.03125
vt 0.265625 0.03125
vt 0.21875 0.375
vt 0.265625 0.375
vt 0.265625 0.03125
vt 0.21875 0.03125
vt 0.3125 0.375
vt 0.265625 0.375
vt 0.265625 0.03125
vt 0.3125 0.03125
vt 0.3125 0.375
vt 0.359375 0.375
vt 0.359375 0.03125
vt 0.3125 0.03125
vt 0.3125 0.375
vt 0.265625 0.375
vt 0.265625 0.421875
vt 0.3125 0.421875
vt 0.359375 0.421875
vt 0.3125 0.421875
vt 0.3125 0.375
vt 0.359375 0.375
vn 0.7487012532401373 0.6312127573675868 0.20252626578559163
vn -0.6409562262014932 0.7672665842215495 -0.021842729466262284
vn -0.7487012532401373 -0.6312127573675868 -0.20252626578559163
vn 0.6409562262014932 -0.7672665842215495 0.021842729466262284
vn 0.1691790456592901 0.11345679209903764 -0.9790332000685205
vn -0.1691790456592901 -0.11345679209903764 0.9790332000685205
usemtl m_32106622-412d-50ea-c58d-eafbf6f5adea
f 2452/7348/1837 2455/7347/1837 2453/7346/1837 2450/7345/1837
f 2451/7352/1838 2452/7351/1838 2450/7350/1838 2449/7349/1838
f 2456/7356/1839 2451/7355/1839 2449/7354/1839 2454/7353/1839
f 2455/7360/1840 2456/7359/1840 2454/7358/1840 2453/7357/1840
f 2454/7364/1841 2449/7363/1841 2450/7362/1841 2453/7361/1841
f 2455/7368/1842 2452/7367/1842 2451/7366/1842 2456/7365/1842
o cube
v 2.1516469342726694 2.188694454868365 0.316613912493257
v 2.1979006505879544 2.3638920314237803 0.36480782181938054
v 0.9771676935250111 2.3046886857810955 1.022141269473671
v 1.0234214098402958 2.4798862623365108 1.0703351787997943
v 2.3123408616808554 2.277360144629645 0.5695409912200893
v 2.2660871453655704 2.10216256807423 0.5213470818939658
v 1.1378616209331969 2.393354375542376 1.275068348200503
v 1.0916079046179121 2.2181567989869606 1.2268744388743795
vt 0.046875 0.375
vt 0.109375 0.375
vt 0.109375 0.03125
vt 0.046875 0.03125
vt 0.15625 0.375
vt 0.109375 0.375
vt 0.109375 0.03125
vt 0.15625 0.03125
vt 0.046875 0.375
vt 0.109375 0.375
vt 0.109375 0.03125
vt 0.046875 0.03125
vt 0.109375 0.375
vt 0.15625 0.375
vt 0.15625 0.03125
vt 0.109375 0.03125
vt 0.109375 0.375
vt 0.046875 0.375
vt 0.046875 0.421875
vt 0.109375 0.421875
vt 0.171875 0.421875
vt 0.109375 0.421875
vt 0.109375 0.375
vt 0.171875 0.375
vn 0.24668648701485207 0.9343870749622142 0.25703418307265874
vn -0.457760844371604 0.34612754717654004 -0.8189326776028347
vn -0.24668648701485207 -0.9343870749622142 -0.25703418307265874
vn 0.457760844371604 -0.34612754717654004 0.8189326776028347
vn 0.8541667205437516 -0.08435944066380392 -0.5131108050766645
vn -0.8541667205437516 0.08435944066380392 0.5131108050766645
usemtl m_32106622-412d-50ea-c58d-eafbf6f5adea
f 2460/7372/1843 2463/7371/1843 2461/7370/1843 2458/7369/1843
f 2459/7376/1844 2460/7375/1844 2458/7374/1844 2457/7373/1844
f 2464/7380/1845 2459/7379/1845 2457/7378/1845 2462/7377/1845
f 2463/7384/1846 2464/7383/1846 2462/7382/1846 2461/7381/1846
f 2462/7388/1847 2457/7387/1847 2458/7386/1847 2461/7385/1847
f 2463/7392/1848 2460/7391/1848 2459/7390/1848 2464/7389/1848
o cube
v 1.2116500554092422 2.3379528106277703 0.6761748405193901
v 1.2887395826013834 2.629948771553462 0.756498022729596
v 0.8913375352053353 2.369587600876697 0.8685913924231393
v 0.9684270623974767 2.661583561802389 0.9489145746333452
v 1.574840110333636 2.413619054568125 1.2683309462313677
v 1.4977505831414948 2.121623093642433 1.1880077640211617
v 1.254527590129729 2.445253844817051 1.4607474981351167
v 1.1774380629375878 2.153257883891359 1.380424315924911
vt 0.53125 0.09375
vt 0.6875 0.09375
vt 0.6875 0
vt 0.53125 0
vt 0.453125 0.09375
vt 0.53125 0.09375
vt 0.53125 0
vt 0.453125 0
vt 0.765625 0.09375
vt 0.921875 0.09375
vt 0.921875 0
vt 0.765625 0
vt 0.53125 0.09375
vt 0.453125 0.09375
vt 0.453125 0
vt 0.53125 0
vt 0.6875 0.09375
vt 0.53125 0.09375
vt 0.53125 0.171875
vt 0.6875 0.171875
vt 0.84375 0.171875
vt 0.6875 0.171875
vt 0.6875 0.09375
vt 0.84375 0.09375
vn 0.24668648701485207 0.9343870749622142 0.25703418307265874
vn -0.457760844371604 0.34612754717654004 -0.8189326776028347
vn -0.24668648701485207 -0.9343870749622142 -0.25703418307265874
vn 0.457760844371604 -0.34612754717654004 0.8189326776028347
vn 0.8541667205437516 -0.08435944066380392 -0.5131108050766645
vn -0.8541667205437516 0.08435944066380392 0.5131108050766645
usemtl m_32106622-412d-50ea-c58d-eafbf6f5adea
f 2468/7396/1849 2471/7395/1849 2469/7394/1849 2466/7393/1849
f 2467/7400/1850 2468/7399/1850 2466/7398/1850 2465/7397/1850
f 2472/7404/1851 2467/7403/1851 2465/7402/1851 2470/7401/1851
f 2471/7408/1852 2472/7407/1852 2470/7406/1852 2469/7405/1852
f 2470/7412/1853 2465/7411/1853 2466/7410/1853 2469/7409/1853
f 2471/7416/1854 2468/7415/1854 2467/7414/1854 2472/7413/1854
o cube
v 1.8236650430438306 2.296316201828451 0.24015844436171463
v 1.9315903811128283 2.70511054712442 0.3526108994560029
v 1.1830400026360168 2.3595857823263042 0.624991548169213
v 1.2909653407050146 2.768380127622273 0.7374440032635012
v 2.2749110143915314 2.4455148867420147 0.9668104076581288
v 2.1669856763225335 2.036720541446046 0.8543579525638405
v 1.6342859739837177 2.5087844672398676 1.3516435114656271
v 1.52636063591472 2.099990121943899 1.2391910563713389
vt 0.109375 0.890625
vt 0.296875 0.890625
vt 0.296875 0.703125
vt 0.109375 0.703125
vt 0 0.890625
vt 0.109375 0.890625
vt 0.109375 0.703125
vt 0 0.703125
vt 0.40625 0.890625
vt 0.59375 0.890625
vt 0.59375 0.703125
vt 0.40625 0.703125
vt 0.296875 0.890625
vt 0.40625 0.890625
vt 0.40625 0.703125
vt 0.296875 0.703125
vt 0.296875 0.890625
vt 0.109375 0.890625
vt 0.109375 1
vt 0.296875 1
vt 0.484375 1
vt 0.296875 1
vt 0.296875 0.890625
vt 0.484375 0.890625
vn 0.24668648701485207 0.9343870749622142 0.25703418307265874
vn -0.457760844371604 0.34612754717654004 -0.8189326776028347
vn -0.24668648701485207 -0.9343870749622142 -0.25703418307265874
vn 0.457760844371604 -0.34612754717654004 0.8189326776028347
vn 0.8541667205437516 -0.08435944066380392 -0.5131108050766645
vn -0.8541667205437516 0.08435944066380392 0.5131108050766645
usemtl m_32106622-412d-50ea-c58d-eafbf6f5adea
f 2476/7420/1855 2479/7419/1855 2477/7418/1855 2474/7417/1855
f 2475/7424/1856 2476/7423/1856 2474/7422/1856 2473/7421/1856
f 2480/7428/1857 2475/7427/1857 2473/7426/1857 2478/7425/1857
f 2479/7432/1858 2480/7431/1858 2478/7430/1858 2477/7429/1858
f 2478/7436/1859 2473/7435/1859 2474/7434/1859 2477/7433/1859
f 2479/7440/1860 2476/7439/1860 2475/7438/1860 2480/7437/1860
o cube
v 1.557856085230604 2.8047134363684254 1.1802419189992497
v 1.4671182793020208 2.3565518351253636 1.5078454594967878
v 2.103113932148407 2.670429197854618 1.1475635827299593
v 2.0123761262198236 2.222267596611556 1.4751671232274974
v 1.5829447829633407 2.7035409523596647 2.014607507770487
v 1.673682588891924 3.1517025536027266 1.6870039672729487
v 2.1282026298811436 2.5692567138458577 1.9819291715011964
v 2.218940435809727 3.0174183150889196 1.6543256310036583
vt 0.140625 0.5625
vt 0.296875 0.5625
vt 0.296875 0.421875
vt 0.140625 0.421875
vt 0 0.5625
vt 0.140625 0.5625
vt 0.140625 0.421875
vt 0 0.421875
vt 0.4375 0.5625
vt 0.59375 0.5625
vt 0.59375 0.421875
vt 0.4375 0.421875
vt 0.296875 0.5625
vt 0.4375 0.5625
vt 0.4375 0.421875
vt 0.296875 0.421875
vt 0.296875 0.5625
vt 0.140625 0.5625
vt 0.140625 0.703125
vt 0.296875 0.703125
vt 0.453125 0.703125
vt 0.296875 0.703125
vt 0.296875 0.5625
vt 0.453125 0.5625
vn -0.16131165498414782 -0.7967317355432205 0.5824062942178452
vn -0.18532240585811235 -0.5551825875748815 -0.8108192772379182
vn 0.16131165498414782 0.7967317355432205 -0.5824062942178452
vn 0.18532240585811235 0.5551825875748815 0.8108192772379182
vn -0.9693472834094272 0.23872753513565764 0.0580948200342931
vn 0.9693472834094272 -0.23872753513565764 -0.0580948200342931
usemtl m_32106622-412d-50ea-c58d-eafbf6f5adea
f 2484/7444/1861 2487/7443/1861 2485/7442/1861 2482/7441/1861
f 2483/7448/1862 2484/7447/1862 2482/7446/1862 2481/7445/1862
f 2488/7452/1863 2483/7451/1863 2481/7450/1863 2486/7449/1863
f 2487/7456/1864 2488/7455/1864 2486/7454/1864 2485/7453/1864
f 2486/7460/1865 2481/7459/1865 2482/7458/1865 2485/7457/1865
f 2487/7464/1866 2484/7463/1866 2483/7462/1866 2488/7461/1866
o cube
v 2.0758693406981243 2.490848353944222 1.4309179593277754
v 2.0355414269520873 2.2916654200584166 1.5765195328822372
v 2.3182061615504814 2.4311664701603077 1.4163942543192025
v 2.2778782478044444 2.231983536274502 1.5619958278736643
v 2.1050373291488795 2.4998588903989973 1.8805767618464566
v 2.1453652428949166 2.699041824284803 1.7349751882919948
v 2.347374150001236 2.4401770066150825 1.8660530568378837
v 2.3877020637472732 2.639359940500888 1.720451483283422
vt 0.65625 0.9375
vt 0.75 0.9375
vt 0.75 0.875
vt 0.65625 0.875
vt 0.59375 0.9375
vt 0.65625 0.9375
vt 0.65625 0.875
vt 0.59375 0.875
vt 0.8125 0.9375
vt 0.90625 0.9375
vt 0.90625 0.875
vt 0.8125 0.875
vt 0.75 0.9375
vt 0.8125 0.9375
vt 0.8125 0.875
vt 0.75 0.875
vt 0.75 0.9375
vt 0.65625 0.9375
vt 0.65625 1
vt 0.75 1
vt 0.84375 1
vt 0.75 1
vt 0.75 0.9375
vt 0.84375 0.9375
vn -0.16131165498414782 -0.7967317355432205 0.5824062942178452
vn -0.18532240585811235 -0.5551825875748815 -0.8108192772379182
vn 0.16131165498414782 0.7967317355432205 -0.5824062942178452
vn 0.18532240585811235 0.5551825875748815 0.8108192772379182
vn -0.9693472834094272 0.23872753513565764 0.0580948200342931
vn 0.9693472834094272 -0.23872753513565764 -0.0580948200342931
usemtl m_32106622-412d-50ea-c58d-eafbf6f5adea
f 2492/7468/1867 2495/7467/1867 2493/7466/1867 2490/7465/1867
f 2491/7472/1868 2492/7471/1868 2490/7470/1868 2489/7469/1868
f 2496/7476/1869 2491/7475/1869 2489/7474/1869 2494/7473/1869
f 2495/7480/1870 2496/7479/1870 2494/7478/1870 2493/7477/1870
f 2494/7484/1871 2489/7483/1871 2490/7482/1871 2493/7481/1871
f 2495/7488/1872 2492/7487/1872 2491/7486/1872 2496/7485/1872
o cube
v 0.8070492197258956 2.650503291872175 3.050501923418466
v 0.9806716083585969 2.7071805252857692 3.008084858715021
v 1.324405079573146 1.5663621486428825 3.7195354770158877
v 1.4980274682058474 1.6230393820564766 3.677118412312444
v 0.9748046162558657 2.606741310280056 2.849864150548539
v 0.8011822276231644 2.5500640768664615 2.892281215251984
v 1.4921604761031162 1.5226001670507636 3.518897704145962
v 1.3185380874704147 1.4659229336371693 3.5613147688494067
vt 0.265625 0.375
vt 0.3125 0.375
vt 0.3125 0.03125
vt 0.265625 0.03125
vt 0.21875 0.375
vt 0.265625 0.375
vt 0.265625 0.03125
vt 0.21875 0.03125
vt 0.3125 0.375
vt 0.265625 0.375
vt 0.265625 0.03125
vt 0.3125 0.03125
vt 0.3125 0.375
vt 0.359375 0.375
vt 0.359375 0.03125
vt 0.3125 0.03125
vt 0.3125 0.375
vt 0.265625 0.375
vt 0.265625 0.421875
vt 0.3125 0.421875
vt 0.359375 0.421875
vt 0.3125 0.421875
vt 0.3125 0.375
vt 0.359375 0.375
vn 0.9259860727077405 0.302278578205836 -0.2262243450850363
vn 0.03129062454790005 0.5356758133638043 0.8438437768878961
vn -0.9259860727077405 -0.302278578205836 0.2262243450850363
vn -0.03129062454790005 -0.5356758133638043 -0.8438437768878961
vn -0.37625880716163645 0.7884662859849402 -0.4865698571617618
vn 0.37625880716163645 -0.7884662859849402 0.4865698571617618
usemtl m_32106622-412d-50ea-c58d-eafbf6f5adea
f 2500/7492/1873 2503/7491/1873 2501/7490/1873 2498/7489/1873
f 2499/7496/1874 2500/7495/1874 2498/7494/1874 2497/7493/1874
f 2504/7500/1875 2499/7499/1875 2497/7498/1875 2502/7497/1875
f 2503/7504/1876 2504/7503/1876 2502/7502/1876 2501/7501/1876
f 2502/7508/1877 2497/7507/1877 2498/7506/1877 2501/7505/1877
f 2503/7512/1878 2500/7511/1878 2499/7510/1878 2504/7509/1878
o cube
v 0.6606151978601709 2.6726123495593646 1.5864177221860065
v 0.7096146876222784 2.853558368716615 1.590137689147845
v 0.40634419917881637 2.713700503064546 2.9370779395875264
v 0.4553436889409239 2.8946465222217963 2.940797906549365
v 0.9464571050761537 2.788464995422942 1.6367050816865607
v 0.8974576153140461 2.607518976265692 1.6329851147247223
v 0.6921861063947992 2.829553148928124 2.9873652990880806
v 0.6431866166326916 2.6486071297708733 2.983645332126242
vt 0.046875 0.375
vt 0.109375 0.375
vt 0.109375 0.03125
vt 0.046875 0.03125
vt 0.15625 0.375
vt 0.109375 0.375
vt 0.109375 0.03125
vt 0.15625 0.03125
vt 0.046875 0.375
vt 0.109375 0.375
vt 0.109375 0.03125
vt 0.046875 0.03125
vt 0.109375 0.375
vt 0.15625 0.375
vt 0.15625 0.03125
vt 0.109375 0.03125
vt 0.109375 0.375
vt 0.046875 0.375
vt 0.046875 0.421875
vt 0.109375 0.421875
vt 0.171875 0.421875
vt 0.109375 0.421875
vt 0.109375 0.375
vt 0.171875 0.375
vn 0.26133061206457314 0.9650454355053344 0.019839823796472065
vn -0.9473696698155014 0.2603734931746907 -0.18626957015486303
vn -0.26133061206457314 -0.9650454355053344 -0.019839823796472065
vn 0.9473696698155014 -0.2603734931746907 0.18626957015486303
vn 0.18492436267734902 -0.029882293458313815 -0.9822983399283782
vn -0.18492436267734902 0.029882293458313815 0.9822983399283782
usemtl m_32106622-412d-50ea-c58d-eafbf6f5adea
f 2508/7516/1879 2511/7515/1879 2509/7514/1879 2506/7513/1879
f 2507/7520/1880 2508/7519/1880 2506/7518/1880 2505/7517/1880
f 2512/7524/1881 2507/7523/1881 2505/7522/1881 2510/7521/1881
f 2511/7528/1882 2512/7527/1882 2510/7526/1882 2509/7525/1882
f 2510/7532/1883 2505/7531/1883 2506/7530/1883 2509/7529/1883
f 2511/7536/1884 2508/7535/1884 2507/7534/1884 2512/7533/1884
o cube
v 0.2980590220924153 2.7513146729879328 2.5337905177103472
v 0.37972483836259485 3.0528913715833497 2.539990462646745
v 0.22871238608840994 2.7625205330348006 2.902152395183489
v 0.3103782023585886 3.0640972316302175 2.9083523401198867
v 0.971830881997283 2.890157938349168 2.6564089439935343
v 0.8901650657271043 2.5885812397537507 2.6502089990571367
v 0.9024842459932785 2.9013637983960354 3.024770821466676
v 0.8208184297230989 2.5997870998006185 3.018570876530279
vt 0.53125 0.09375
vt 0.6875 0.09375
vt 0.6875 0
vt 0.53125 0
vt 0.453125 0.09375
vt 0.53125 0.09375
vt 0.53125 0
vt 0.453125 0
vt 0.765625 0.09375
vt 0.921875 0.09375
vt 0.921875 0
vt 0.765625 0
vt 0.53125 0.09375
vt 0.453125 0.09375
vt 0.453125 0
vt 0.53125 0
vt 0.6875 0.09375
vt 0.53125 0.09375
vt 0.53125 0.171875
vt 0.6875 0.171875
vt 0.84375 0.171875
vt 0.6875 0.171875
vt 0.6875 0.09375
vt 0.84375 0.09375
vn 0.26133061206457314 0.9650454355053344 0.019839823796472065
vn -0.9473696698155014 0.2603734931746907 -0.18626957015486303
vn -0.26133061206457314 -0.9650454355053344 -0.019839823796472065
vn 0.9473696698155014 -0.2603734931746907 0.18626957015486303
vn 0.18492436267734902 -0.029882293458313815 -0.9822983399283782
vn -0.18492436267734902 0.029882293458313815 0.9822983399283782
usemtl m_32106622-412d-50ea-c58d-eafbf6f5adea
f 2516/7540/1885 2519/7539/1885 2517/7538/1885 2514/7537/1885
f 2515/7544/1886 2516/7543/1886 2514/7542/1886 2513/7541/1886
f 2520/7548/1887 2515/7547/1887 2513/7546/1887 2518/7545/1887
f 2519/7552/1888 2520/7551/1888 2518/7550/1888 2517/7549/1888
f 2518/7556/1889 2513/7555/1889 2514/7554/1889 2517/7553/1889
f 2519/7560/1890 2516/7559/1890 2515/7558/1890 2520/7557/1890
o cube
v 0.3775416897369581 2.7451762962176156 1.7854249146293846
v 0.4918738325152088 3.167383674251199 1.794104837540341
v 0.2388484177289465 2.767588016311351 2.5221486695756683
v 0.35318056050719715 3.1897953943449346 2.5308285924866247
v 1.2024010848768363 2.972103554370181 1.9338070151564888
v 1.0880689420985856 2.5498961763365973 1.9251270922455321
v 1.0637078128688238 2.9945152744639163 2.6705307701027725
v 0.9493756700905731 2.572307896430333 2.6618508471918156
vt 0.109375 0.890625
vt 0.296875 0.890625
vt 0.296875 0.703125
vt 0.109375 0.703125
vt 0 0.890625
vt 0.109375 0.890625
vt 0.109375 0.703125
vt 0 0.703125
vt 0.40625 0.890625
vt 0.59375 0.890625
vt 0.59375 0.703125
vt 0.40625 0.703125
vt 0.296875 0.890625
vt 0.40625 0.890625
vt 0.40625 0.703125
vt 0.296875 0.703125
vt 0.296875 0.890625
vt 0.109375 0.890625
vt 0.109375 1
vt 0.296875 1
vt 0.484375 1
vt 0.296875 1
vt 0.296875 0.890625
vt 0.484375 0.890625
vn 0.26133061206457314 0.9650454355053344 0.019839823796472065
vn -0.9473696698155014 0.2603734931746907 -0.18626957015486303
vn -0.26133061206457314 -0.9650454355053344 -0.019839823796472065
vn 0.9473696698155014 -0.2603734931746907 0.18626957015486303
vn 0.18492436267734902 -0.029882293458313815 -0.9822983399283782
vn -0.18492436267734902 0.029882293458313815 0.9822983399283782
usemtl m_32106622-412d-50ea-c58d-eafbf6f5adea
f 2524/7564/1891 2527/7563/1891 2525/7562/1891 2522/7561/1891
f 2523/7568/1892 2524/7567/1892 2522/7566/1892 2521/7565/1892
f 2528/7572/1893 2523/7571/1893 2521/7570/1893 2526/7569/1893
f 2527/7576/1894 2528/7575/1894 2526/7574/1894 2525/7573/1894
f 2526/7580/1895 2521/7579/1895 2522/7578/1895 2525/7577/1895
f 2527/7584/1896 2524/7583/1896 2523/7582/1896 2528/7581/1896
o cube
v -3.1033378450205413 3.3799840386382476 0.24599066329878827
v -3.070451294675868 2.8504729942021543 0.05906078707076112
v -2.541988201309739 3.40613729451791 0.27066523953928634
v -2.5091016509650657 2.8766262500818165 0.08373536331125919
v -3.0866026739382466 2.6415950068179095 0.6479021233696232
v -3.11948922428292 3.171106051254003 0.8348319995976503
v -2.5252530302274443 2.6677482626975717 0.6725766996101212
v -2.5581395805721177 3.197259307133665 0.8595065758381484
vt 0.140625 0.5625
vt 0.296875 0.5625
vt 0.296875 0.421875
vt 0.140625 0.421875
vt 0 0.5625
vt 0.140625 0.5625
vt 0.140625 0.421875
vt 0 0.421875
vt 0.4375 0.5625
vt 0.59375 0.5625
vt 0.59375 0.421875
vt 0.4375 0.421875
vt 0.296875 0.5625
vt 0.4375 0.5625
vt 0.4375 0.421875
vt 0.296875 0.421875
vt 0.296875 0.5625
vt 0.140625 0.5625
vt 0.140625 0.703125
vt 0.296875 0.703125
vt 0.453125 0.703125
vt 0.296875 0.703125
vt 0.296875 0.5625
vt 0.453125 0.5625
vn 0.05846497839053023 -0.9413529678863871 -0.3323197799609366
vn 0.02584220681980563 0.33420477981479174 -0.9421461380781799
vn -0.05846497839053023 0.9413529678863871 0.3323197799609366
vn -0.02584220681980563 -0.33420477981479174 0.9421461380781799
vn -0.9979549221525374 -0.04649467711939961 -0.043865913316441865
vn 0.9979549221525374 0.04649467711939961 0.043865913316441865
usemtl m_32106622-412d-50ea-c58d-eafbf6f5adea
f 2532/7588/1897 2535/7587/1897 2533/7586/1897 2530/7585/1897
f 2531/7592/1898 2532/7591/1898 2530/7590/1898 2529/7589/1898
f 2536/7596/1899 2531/7595/1899 2529/7594/1899 2534/7593/1899
f 2535/7600/1900 2536/7599/1900 2534/7598/1900 2533/7597/1900
f 2534/7604/1901 2529/7603/1901 2530/7602/1901 2533/7601/1901
f 2535/7608/1902 2532/7607/1902 2531/7606/1902 2536/7605/1902
o cube
v -2.526948171415174 3.0701888945765647 0.2845835755612658
v -2.5123319268175415 2.8348506526049677 0.2015036305710316
v -2.2774594408770397 3.0818125638564147 0.29555005389037614
v -2.262843196279407 2.846474321884817 0.21247010890014195
v -2.5220227543749685 2.7095238601744205 0.5548084323503488
v -2.536638998972601 2.944862102146018 0.637888377340583
v -2.272534023836834 2.721147529454271 0.5657749106794592
v -2.2871502684344667 2.956485771425868 0.6488548556696934
vt 0.65625 0.9375
vt 0.75 0.9375
vt 0.75 0.875
vt 0.65625 0.875
vt 0.59375 0.9375
vt 0.65625 0.9375
vt 0.65625 0.875
vt 0.59375 0.875
vt 0.8125 0.9375
vt 0.90625 0.9375
vt 0.90625 0.875
vt 0.8125 0.875
vt 0.75 0.9375
vt 0.8125 0.9375
vt 0.8125 0.875
vt 0.75 0.875
vt 0.75 0.9375
vt 0.65625 0.9375
vt 0.65625 1
vt 0.75 1
vt 0.84375 1
vt 0.75 1
vt 0.75 0.9375
vt 0.84375 0.9375
vn 0.05846497839053023 -0.9413529678863871 -0.3323197799609366
vn 0.02584220681980563 0.33420477981479174 -0.9421461380781799
vn -0.05846497839053023 0.9413529678863871 0.3323197799609366
vn -0.02584220681980563 -0.33420477981479174 0.9421461380781799
vn -0.9979549221525374 -0.04649467711939961 -0.043865913316441865
vn 0.9979549221525374 0.04649467711939961 0.043865913316441865
usemtl m_32106622-412d-50ea-c58d-eafbf6f5adea
f 2540/7612/1903 2543/7611/1903 2541/7610/1903 2538/7609/1903
f 2539/7616/1904 2540/7615/1904 2538/7614/1904 2537/7613/1904
f 2544/7620/1905 2539/7619/1905 2537/7618/1905 2542/7617/1905
f 2543/7624/1906 2544/7623/1906 2542/7622/1906 2541/7621/1906
f 2542/7628/1907 2537/7627/1907 2538/7626/1907 2541/7625/1907
f 2543/7632/1908 2540/7631/1908 2539/7630/1908 2544/7629/1908
o cube
v 0.805653794126314 3.2966497134289785 1.1441670291885506
v 0.8796094798418244 3.4398049230644543 1.0482848488599217
v 2.0193631457594297 2.651074867749431 1.116459117247195
v 2.09331883147494 2.7942300773849067 1.020576936918566
v 0.8317071847788431 3.356660238488119 0.8871992146326546
v 0.7577514990633327 3.2135050288526434 0.9830813949612836
v 2.0454165364119588 2.711085392808571 0.8594913026912989
v 1.9714608506964484 2.5679301831730954 0.9553734830199279
vt 0.265625 0.375
vt 0.3125 0.375
vt 0.3125 0.03125
vt 0.265625 0.03125
vt 0.21875 0.375
vt 0.265625 0.375
vt 0.265625 0.03125
vt 0.21875 0.03125
vt 0.3125 0.375
vt 0.265625 0.375
vt 0.265625 0.03125
vt 0.3125 0.03125
vt 0.3125 0.375
vt 0.359375 0.375
vt 0.359375 0.03125
vt 0.3125 0.03125
vt 0.3125 0.375
vt 0.265625 0.375
vt 0.265625 0.421875
vt 0.3125 0.421875
vt 0.359375 0.421875
vt 0.3125 0.421875
vt 0.3125 0.375
vt 0.359375 0.375
vn 0.39443032381605586 0.7634944513892037 -0.5113716284193526
vn 0.25547890700256604 0.4434383177404563 0.8591233825454225
vn -0.39443032381605586 -0.7634944513892037 0.5113716284193526
vn -0.25547890700256604 -0.4434383177404563 -0.8591233825454225
vn -0.8826977102786298 0.46950897867603447 0.02015120868462243
vn 0.8826977102786298 -0.46950897867603447 -0.02015120868462243
usemtl m_32106622-412d-50ea-c58d-eafbf6f5adea
f 2548/7636/1909 2551/7635/1909 2549/7634/1909 2546/7633/1909
f 2547/7640/1910 2548/7639/1910 2546/7638/1910 2545/7637/1910
f 2552/7644/1911 2547/7643/1911 2545/7642/1911 2550/7641/1911
f 2551/7648/1912 2552/7647/1912 2550/7646/1912 2549/7645/1912
f 2550/7652/1913 2545/7651/1913 2546/7650/1913 2549/7649/1913
f 2551/7656/1914 2548/7655/1914 2547/7654/1914 2552/7653/1914
o cube
v 0.5129357237149517 3.2546262730427986 1.2695103760827706
v 0.5497169555736243 3.427370312642326 1.3324618475969103
v 1.3723549715479217 2.7303347348536358 2.20606893775281
v 1.4091362034065944 2.9030787744531628 2.26902040926695
v 0.6913822887342245 3.441664078964253 1.2104664721729606
v 0.6546010568755518 3.268920039364726 1.1475150006588208
v 1.5508015365671945 2.9173725407750903 2.1470250338430006
v 1.514020304708522 2.744628501175563 2.084073562328861
vt 0.3125 0.375
vt 0.265625 0.375
vt 0.265625 0.03125
vt 0.3125 0.03125
vt 0.21875 0.375
vt 0.265625 0.375
vt 0.265625 0.03125
vt 0.21875 0.03125
vt 0.265625 0.375
vt 0.3125 0.375
vt 0.3125 0.03125
vt 0.265625 0.03125
vt 0.3125 0.375
vt 0.359375 0.375
vt 0.359375 0.03125
vt 0.3125 0.03125
vt 0.3125 0.375
vt 0.265625 0.375
vt 0.265625 0.421875
vt 0.3125 0.421875
vt 0.359375 0.421875
vt 0.3125 0.421875
vt 0.3125 0.375
vt 0.359375 0.375
vn 0.19616656991292047 0.9213015445308115 0.33574118140874576
vn -0.7555484435232006 -0.07623342038361229 0.6506420022610625
vn -0.19616656991292047 -0.9213015445308115 -0.33574118140874576
vn 0.7555484435232006 0.07623342038361229 -0.6506420022610625
vn -0.6250321802421601 0.38130293686484545 -0.6811334993963926
vn 0.6250321802421601 -0.38130293686484545 0.6811334993963926
usemtl m_32106622-412d-50ea-c58d-eafbf6f5adea
f 2556/7660/1915 2559/7659/1915 2557/7658/1915 2554/7657/1915
f 2555/7664/1916 2556/7663/1916 2554/7662/1916 2553/7661/1916
f 2560/7668/1917 2555/7667/1917 2553/7666/1917 2558/7665/1917
f 2559/7672/1918 2560/7671/1918 2558/7670/1918 2557/7669/1918
f 2558/7676/1919 2553/7675/1919 2554/7674/1919 2557/7673/1919
f 2559/7680/1920 2556/7679/1920 2555/7678/1920 2560/7677/1920
o cube
v -0.7509898546817255 3.0160003217563807 0.18330446843410986
v -1.010178648122769 3.4229411821310616 -0.10587809589522656
v -0.4390103864325974 3.4024056286248054 0.44743701132670743
v -0.6981991798736407 3.8093464889994864 0.158254446997371
v -0.5771356816667872 3.3799607820411084 -0.5544887003297516
v -0.3179468882257437 2.9730199216664275 -0.2653061360004152
v -0.2651562134176588 3.766366088909533 -0.2903561574371549
v -0.005967419976615318 3.3594252285348523 -0.0011735931078185047
vt 0.140625 0.5625
vt 0.296875 0.5625
vt 0.296875 0.421875
vt 0.140625 0.421875
vt 0 0.5625
vt 0.140625 0.5625
vt 0.140625 0.421875
vt 0 0.421875
vt 0.4375 0.5625
vt 0.59375 0.5625
vt 0.59375 0.421875
vt 0.4375 0.421875
vt 0.296875 0.5625
vt 0.4375 0.5625
vt 0.4375 0.421875
vt 0.296875 0.421875
vt 0.296875 0.5625
vt 0.140625 0.5625
vt 0.140625 0.703125
vt 0.296875 0.703125
vt 0.453125 0.703125
vt 0.296875 0.703125
vt 0.296875 0.5625
vt 0.453125 0.5625
vn -0.4607800772285218 0.7234504184438771 -0.5141023365854864
vn -0.6928687463295712 0.06876864014392481 0.7177769670952417
vn 0.4607800772285218 -0.7234504184438771 0.5141023365854864
vn 0.6928687463295712 -0.06876864014392481 -0.7177769670952417
vn -0.5546301657762279 -0.6869427677660888 -0.46956896514239466
vn 0.5546301657762279 0.6869427677660888 0.46956896514239466
usemtl m_32106622-412d-50ea-c58d-eafbf6f5adea
f 2564/7684/1921 2567/7683/1921 2565/7682/1921 2562/7681/1921
f 2563/7688/1922 2564/7687/1922 2562/7686/1922 2561/7685/1922
f 2568/7692/1923 2563/7691/1923 2561/7690/1923 2566/7689/1923
f 2567/7696/1924 2568/7695/1924 2566/7694/1924 2565/7693/1924
f 2566/7700/1925 2561/7699/1925 2562/7698/1925 2565/7697/1925
f 2567/7704/1926 2564/7703/1926 2563/7702/1926 2568/7701/1926
o cube
v -0.4963955672753142 3.6198878043705265 0.19705791025683705
v -0.6115905865824445 3.8007504089814956 0.06853232611046511
v -0.357738025831257 3.7916234963120488 0.3144501515424363
v -0.4729330451383875 3.972486100923018 0.18592456739606433
v -0.35176480670885546 3.774962168927524 -0.20063403655024992
v -0.23656978740172496 3.5940995643165548 -0.07210845240387798
v -0.2131072652647985 3.946697860869046 -0.08324179526465159
v -0.09791224595766801 3.765835256258077 0.045283788881720355
vt 0.65625 0.9375
vt 0.75 0.9375
vt 0.75 0.875
vt 0.65625 0.875
vt 0.59375 0.9375
vt 0.65625 0.9375
vt 0.65625 0.875
vt 0.59375 0.875
vt 0.8125 0.9375
vt 0.90625 0.9375
vt 0.90625 0.875
vt 0.8125 0.875
vt 0.75 0.9375
vt 0.8125 0.9375
vt 0.8125 0.875
vt 0.75 0.875
vt 0.75 0.9375
vt 0.65625 0.9375
vt 0.65625 1
vt 0.75 1
vt 0.84375 1
vt 0.75 1
vt 0.75 0.9375
vt 0.84375 0.9375
vn -0.4607800772285218 0.7234504184438771 -0.5141023365854864
vn -0.6928687463295712 0.06876864014392481 0.7177769670952417
vn 0.4607800772285218 -0.7234504184438771 0.5141023365854864
vn 0.6928687463295712 -0.06876864014392481 -0.7177769670952417
vn -0.5546301657762279 -0.6869427677660888 -0.46956896514239466
vn 0.5546301657762279 0.6869427677660888 0.46956896514239466
usemtl m_32106622-412d-50ea-c58d-eafbf6f5adea
f 2572/7708/1927 2575/7707/1927 2573/7706/1927 2570/7705/1927
f 2571/7712/1928 2572/7711/1928 2570/7710/1928 2569/7709/1928
f 2576/7716/1929 2571/7715/1929 2569/7714/1929 2574/7713/1929
f 2575/7720/1930 2576/7719/1930 2574/7718/1930 2573/7717/1930
f 2574/7724/1931 2569/7723/1931 2570/7722/1931 2573/7721/1931
f 2575/7728/1932 2572/7727/1932 2571/7726/1932 2576/7725/1932
o cube
v -0.45047898412273124 3.632436950035647 0.6763161753559821
v -0.4156443485465262 3.799855005385155 0.7532186649597787
v -0.22025810704660564 3.027331365803131 1.8893580458983488
v -0.1854234714704006 3.194749421152639 1.9662605355021454
v -0.2341030853288002 3.781999505099266 0.7098573820122813
v -0.26893772090500523 3.6145814497497577 0.6329548924084847
v -0.0038822082526746016 3.1768939208667497 1.922899252554648
v -0.03871684382887963 3.009475865517242 1.8459967629508514
vt 0.3125 0.375
vt 0.265625 0.375
vt 0.265625 0.03125
vt 0.3125 0.03125
vt 0.359375 0.375
vt 0.3125 0.375
vt 0.3125 0.03125
vt 0.359375 0.03125
vt 0.265625 0.375
vt 0.3125 0.375
vt 0.3125 0.03125
vt 0.265625 0.03125
vt 0.265625 0.375
vt 0.21875 0.375
vt 0.21875 0.03125
vt 0.265625 0.03125
vt 0.265625 0.375
vt 0.3125 0.375
vt 0.3125 0.421875
vt 0.265625 0.421875
vt 0.3125 0.421875
vt 0.359375 0.421875
vt 0.359375 0.375
vt 0.3125 0.375
vn 0.18578472307309316 0.892896295197376 0.4101466112202496
vn -0.9682200704945383 0.09522933485807547 0.23126017571998803
vn -0.18578472307309316 -0.892896295197376 -0.4101466112202496
vn 0.9682200704945383 -0.09522933485807547 -0.23126017571998803
vn -0.16743336514627338 0.44007678853273874 -0.8822122694853579
vn 0.16743336514627338 -0.44007678853273874 0.8822122694853579
usemtl m_32106622-412d-50ea-c58d-eafbf6f5adea
f 2580/7732/1933 2583/7731/1933 2581/7730/1933 2578/7729/1933
f 2579/7736/1934 2580/7735/1934 2578/7734/1934 2577/7733/1934
f 2584/7740/1935 2579/7739/1935 2577/7738/1935 2582/7737/1935
f 2583/7744/1936 2584/7743/1936 2582/7742/1936 2581/7741/1936
f 2582/7748/1937 2577/7747/1937 2578/7746/1937 2581/7745/1937
f 2583/7752/1938 2580/7751/1938 2579/7750/1938 2584/7749/1938
o cube
v 0.37290475325001005 3.5147230996079135 0.125460771870902
v 0.3495517954582894 3.670441811625224 0.023664052424507753
v 1.3172709912011316 3.070958832616813 -0.7700115526371749
v 1.293918033409411 3.2266775446341236 -0.8718082720835691
v 0.21528594556245473 3.585317948078135 -0.0757485192481211
v 0.23863890335417537 3.429599236060824 0.02604820019827314
v 1.1596521835135762 3.141553681087034 -0.971220843756198
v 1.1830051413052969 2.9858349690697232 -0.8694241243098038
vt 0.265625 0.375
vt 0.3125 0.375
vt 0.3125 0.03125
vt 0.265625 0.03125
vt 0.21875 0.375
vt 0.265625 0.375
vt 0.265625 0.03125
vt 0.21875 0.03125
vt 0.3125 0.375
vt 0.265625 0.375
vt 0.265625 0.03125
vt 0.3125 0.03125
vt 0.3125 0.375
vt 0.359375 0.375
vt 0.359375 0.03125
vt 0.3125 0.03125
vt 0.3125 0.375
vt 0.265625 0.375
vt 0.265625 0.421875
vt 0.3125 0.421875
vt 0.359375 0.421875
vt 0.3125 0.421875
vt 0.3125 0.375
vt 0.359375 0.375
vn -0.12454910822251228 0.8304997974256582 -0.5429158370474356
vn 0.716084532777786 0.45399393891781237 0.5302003822540206
vn 0.12454910822251228 -0.8304997974256582 0.5429158370474356
vn -0.716084532777786 -0.45399393891781237 -0.5302003822540206
vn -0.6868118094189973 0.32273764872080024 0.6512525996422375
vn 0.6868118094189973 -0.32273764872080024 -0.6512525996422375
usemtl m_32106622-412d-50ea-c58d-eafbf6f5adea
f 2588/7756/1939 2591/7755/1939 2589/7754/1939 2586/7753/1939
f 2587/7760/1940 2588/7759/1940 2586/7758/1940 2585/7757/1940
f 2592/7764/1941 2587/7763/1941 2585/7762/1941 2590/7761/1941
f 2591/7768/1942 2592/7767/1942 2590/7766/1942 2589/7765/1942
f 2590/7772/1943 2585/7771/1943 2586/7770/1943 2589/7769/1943
f 2591/7776/1944 2588/7775/1944 2587/7774/1944 2592/7773/1944
o cube
v -0.39662059742765554 3.397044044612352 0.29487216279419237
v -0.3400988448680681 3.5711344669351557 0.25420194834847465
v 0.5857143510035511 3.30176783235956 1.2522464325912344
v 0.6422361035631385 3.4758582546823638 1.2115762181455165
v -0.18223723326461994 3.479920653994933 0.0831471269874029
v -0.2387589858242074 3.3058302316721297 0.12381734143312062
v 0.8000977151665867 3.3846444417421413 1.0405213967844449
v 0.7435759626069992 3.2105540194193374 1.0811916112301625
vt 0.046875 0.375
vt 0.109375 0.375
vt 0.109375 0.03125
vt 0.046875 0.03125
vt 0.15625 0.375
vt 0.109375 0.375
vt 0.109375 0.03125
vt 0.15625 0.03125
vt 0.046875 0.375
vt 0.109375 0.375
vt 0.109375 0.03125
vt 0.046875 0.03125
vt 0.109375 0.375
vt 0.15625 0.375
vt 0.15625 0.03125
vt 0.109375 0.03125
vt 0.109375 0.375
vt 0.046875 0.375
vt 0.046875 0.421875
vt 0.109375 0.421875
vt 0.171875 0.421875
vt 0.109375 0.421875
vt 0.109375 0.375
vt 0.171875 0.375
vn 0.30144934698446657 0.9284822523882856 -0.21690781037716125
vn -0.6314464464137928 0.36485525176088973 0.6842192854442872
vn -0.30144934698446657 -0.9284822523882856 0.21690781037716125
vn 0.6314464464137928 -0.36485525176088973 -0.6842192854442872
vn -0.7144254170408777 0.0692917907293033 -0.6962721962160304
vn 0.7144254170408777 -0.0692917907293033 0.6962721962160304
usemtl m_32106622-412d-50ea-c58d-eafbf6f5adea
f 2596/7780/1945 2599/7779/1945 2597/7778/1945 2594/7777/1945
f 2595/7784/1946 2596/7783/1946 2594/7782/1946 2593/7781/1946
f 2600/7788/1947 2595/7787/1947 2593/7786/1947 2598/7785/1947
f 2599/7792/1948 2600/7791/1948 2598/7790/1948 2597/7789/1948
f 2598/7796/1949 2593/7795/1949 2594/7794/1949 2597/7793/1949
f 2599/7800/1950 2596/7799/1950 2595/7798/1950 2600/7797/1950
o cube
v 0.19940861091063591 3.3961626135882157 1.1194354750310267
v 0.29361153184328165 3.686313317459555 1.0516517842881639
v 0.467318142300965 3.370178192064727 1.380537548612038
v 0.5615210632336107 3.660328895936066 1.312753857869175
v 0.6882655608519019 3.4582787851089987 0.6240147308854844
v 0.5940626399192561 3.1681280812376595 0.6917984216283473
v 0.9561750922422311 3.43229436358551 0.8851168044664958
v 0.8619721713095854 3.1421436597141708 0.9529004952093587
vt 0.53125 0.09375
vt 0.6875 0.09375
vt 0.6875 0
vt 0.53125 0
vt 0.453125 0.09375
vt 0.53125 0.09375
vt 0.53125 0
vt 0.453125 0
vt 0.765625 0.09375
vt 0.921875 0.09375
vt 0.921875 0
vt 0.765625 0
vt 0.53125 0.09375
vt 0.453125 0.09375
vt 0.453125 0
vt 0.53125 0
vt 0.6875 0.09375
vt 0.53125 0.09375
vt 0.53125 0.171875
vt 0.6875 0.171875
vt 0.84375 0.171875
vt 0.6875 0.171875
vt 0.6875 0.09375
vt 0.84375 0.09375
vn 0.30144934698446657 0.9284822523882856 -0.21690781037716125
vn -0.6314464464137928 0.36485525176088973 0.6842192854442872
vn -0.30144934698446657 -0.9284822523882856 0.21690781037716125
vn 0.6314464464137928 -0.36485525176088973 -0.6842192854442872
vn -0.7144254170408777 0.0692917907293033 -0.6962721962160304
vn 0.7144254170408777 -0.0692917907293033 0.6962721962160304
usemtl m_32106622-412d-50ea-c58d-eafbf6f5adea
f 2604/7804/1951 2607/7803/1951 2605/7802/1951 2602/7801/1951
f 2603/7808/1952 2604/7807/1952 2602/7806/1952 2601/7805/1952
f 2608/7812/1953 2603/7811/1953 2601/7810/1953 2606/7809/1953
f 2607/7816/1954 2608/7815/1954 2606/7814/1954 2605/7813/1954
f 2606/7820/1955 2601/7819/1955 2602/7818/1955 2605/7817/1955
f 2607/7824/1956 2604/7823/1956 2603/7822/1956 2608/7821/1956
o cube
v -0.37587585477088425 3.470934909870249 0.6399950332092719
v -0.2439917654651802 3.877145895290124 0.5450978661692638
v 0.15994320800977388 3.418966066823271 1.1621991803712945
v 0.2918272973154779 3.8251770522431463 1.0673020133312865
v 0.22959306934516413 3.6035044564694565 0.03193340208604856
v 0.0977089800394601 3.1972934710495817 0.1268305691260566
v 0.7654121321258223 3.551535613422479 0.5541375492480713
v 0.6335280428201182 3.145324628002604 0.6490347162880794
vt 0.109375 0.890625
vt 0.296875 0.890625
vt 0.296875 0.703125
vt 0.109375 0.703125
vt 0 0.890625
vt 0.109375 0.890625
vt 0.109375 0.703125
vt 0 0.703125
vt 0.40625 0.890625
vt 0.59375 0.890625
vt 0.59375 0.703125
vt 0.40625 0.703125
vt 0.296875 0.890625
vt 0.40625 0.890625
vt 0.40625 0.703125
vt 0.296875 0.703125
vt 0.296875 0.890625
vt 0.109375 0.890625
vt 0.109375 1
vt 0.296875 1
vt 0.484375 1
vt 0.296875 1
vt 0.296875 0.890625
vt 0.484375 0.890625
vn 0.30144934698446657 0.9284822523882856 -0.21690781037716125
vn -0.6314464464137928 0.36485525176088973 0.6842192854442872
vn -0.30144934698446657 -0.9284822523882856 0.21690781037716125
vn 0.6314464464137928 -0.36485525176088973 -0.6842192854442872
vn -0.7144254170408777 0.0692917907293033 -0.6962721962160304
vn 0.7144254170408777 -0.0692917907293033 0.6962721962160304
usemtl m_32106622-412d-50ea-c58d-eafbf6f5adea
f 2612/7828/1957 2615/7827/1957 2613/7826/1957 2610/7825/1957
f 2611/7832/1958 2612/7831/1958 2610/7830/1958 2609/7829/1958
f 2616/7836/1959 2611/7835/1959 2609/7834/1959 2614/7833/1959
f 2615/7840/1960 2616/7839/1960 2614/7838/1960 2613/7837/1960
f 2614/7844/1961 2609/7843/1961 2610/7842/1961 2613/7841/1961
f 2615/7848/1962 2612/7847/1962 2611/7846/1962 2616/7845/1962
o cube
v 2.487890984023905 0.9587253202467604 1.938841367663124
v 2.4125021567719225 0.8305730374298281 1.824605790304843
v 3.4778356842267026 0.06894929472982725 2.283708175221759
v 3.40244685697472 -0.059202988087105 2.169472597863478
v 2.271081990322555 0.7461242614778705 2.0126715786919105
v 2.346470817574538 0.8742765442948027 2.1269071560501915
v 3.2610266905253518 -0.14365176403906266 2.3575383862505457
v 3.3364155177773345 -0.015499481222130407 2.4717739636088267
vt 0.046875 0.375
vt 0.109375 0.375
vt 0.109375 0.03125
vt 0.046875 0.03125
vt 0.15625 0.375
vt 0.109375 0.375
vt 0.109375 0.03125
vt 0.15625 0.03125
vt 0.046875 0.375
vt 0.109375 0.375
vt 0.109375 0.03125
vt 0.046875 0.03125
vt 0.109375 0.375
vt 0.15625 0.375
vt 0.15625 0.03125
vt 0.109375 0.03125
vt 0.109375 0.375
vt 0.046875 0.375
vt 0.046875 0.421875
vt 0.109375 0.421875
vt 0.171875 0.421875
vt 0.109375 0.421875
vt 0.109375 0.375
vt 0.171875 0.375
vn -0.4020737453439059 -0.6834788416903055 -0.609256412577498
vn 0.5656806657974693 0.3377951038078299 -0.7522631535482709
vn 0.4020737453439059 0.6834788416903055 0.609256412577498
vn -0.5656806657974693 -0.3377951038078299 0.7522631535482709
vn -0.7199597819656705 0.6471098367395878 -0.25081222367900746
vn 0.7199597819656705 -0.6471098367395878 0.25081222367900746
usemtl m_32106622-412d-50ea-c58d-eafbf6f5adea
f 2620/7852/1963 2623/7851/1963 2621/7850/1963 2618/7849/1963
f 2619/7856/1964 2620/7855/1964 2618/7854/1964 2617/7853/1964
f 2624/7860/1965 2619/7859/1965 2617/7858/1965 2622/7857/1965
f 2623/7864/1966 2624/7863/1966 2622/7862/1966 2621/7861/1966
f 2622/7868/1967 2617/7867/1967 2618/7866/1967 2621/7865/1967
f 2623/7872/1968 2620/7871/1968 2619/7870/1968 2624/7869/1968
o cube
v 3.3139158908266015 0.37495206547114057 2.048604250051831
v 3.1882678454066307 0.16136492744292008 1.8582116211213626
v 3.583900809063728 0.1322858766937952 2.1426588339314585
v 3.458252763643757 -0.08130126133442528 1.9522662050009902
v 2.834717429283212 -0.049757012436973724 2.3283760920890315
v 2.960365474703183 0.16383012559124677 2.5187687210195
v 3.1047023475203384 -0.2924232012143191 2.4224306759686596
v 3.2303503929403092 -0.07883606318609859 2.612823304899128
vt 0.53125 0.09375
vt 0.6875 0.09375
vt 0.6875 0
vt 0.53125 0
vt 0.453125 0.09375
vt 0.53125 0.09375
vt 0.53125 0
vt 0.453125 0
vt 0.765625 0.09375
vt 0.921875 0.09375
vt 0.921875 0
vt 0.765625 0
vt 0.53125 0.09375
vt 0.453125 0.09375
vt 0.453125 0
vt 0.53125 0
vt 0.6875 0.09375
vt 0.53125 0.09375
vt 0.53125 0.171875
vt 0.6875 0.171875
vt 0.84375 0.171875
vt 0.6875 0.171875
vt 0.6875 0.09375
vt 0.84375 0.09375
vn -0.4020737453439059 -0.6834788416903055 -0.609256412577498
vn 0.5656806657974693 0.3377951038078299 -0.7522631535482709
vn 0.4020737453439059 0.6834788416903055 0.609256412577498
vn -0.5656806657974693 -0.3377951038078299 0.7522631535482709
vn -0.7199597819656705 0.6471098367395878 -0.25081222367900746
vn 0.7199597819656705 -0.6471098367395878 0.25081222367900746
usemtl m_32106622-412d-50ea-c58d-eafbf6f5adea
f 2628/7876/1969 2631/7875/1969 2629/7874/1969 2626/7873/1969
f 2627/7880/1970 2628/7879/1970 2626/7878/1970 2625/7877/1970
f 2632/7884/1971 2627/7883/1971 2625/7882/1971 2630/7881/1971
f 2631/7888/1972 2632/7887/1972 2630/7886/1972 2629/7885/1972
f 2630/7892/1973 2625/7891/1973 2626/7890/1973 2629/7889/1973
f 2631/7896/1974 2628/7895/1974 2627/7894/1974 2632/7893/1974
o cube
v 2.80930109596469 0.8813966370138208 1.8134786351958083
v 2.633393832376731 0.5823746437743121 1.5469289546931528
v 3.3492709324389427 0.39606425945913004 2.001587802955064
v 3.1733636688509836 0.09704226621962142 1.7350381224524085
v 2.209133333028629 0.3290283159184396 2.1111263198543555
v 2.385040596616588 0.6280503091579482 2.377676000357011
v 2.7491031695028827 -0.1563040616362511 2.299235487613611
v 2.9250104330908417 0.14271793160325752 2.5657851681162667
vt 0.109375 0.890625
vt 0.296875 0.890625
vt 0.296875 0.703125
vt 0.109375 0.703125
vt 0 0.890625
vt 0.109375 0.890625
vt 0.109375 0.703125
vt 0 0.703125
vt 0.40625 0.890625
vt 0.59375 0.890625
vt 0.59375 0.703125
vt 0.40625 0.703125
vt 0.296875 0.890625
vt 0.40625 0.890625
vt 0.40625 0.703125
vt 0.296875 0.703125
vt 0.296875 0.890625
vt 0.109375 0.890625
vt 0.109375 1
vt 0.296875 1
vt 0.484375 1
vt 0.296875 1
vt 0.296875 0.890625
vt 0.484375 0.890625
vn -0.4020737453439059 -0.6834788416903055 -0.609256412577498
vn 0.5656806657974693 0.3377951038078299 -0.7522631535482709
vn 0.4020737453439059 0.6834788416903055 0.609256412577498
vn -0.5656806657974693 -0.3377951038078299 0.7522631535482709
vn -0.7199597819656705 0.6471098367395878 -0.25081222367900746
vn 0.7199597819656705 -0.6471098367395878 0.25081222367900746
usemtl m_32106622-412d-50ea-c58d-eafbf6f5adea
f 2636/7900/1975 2639/7899/1975 2637/7898/1975 2634/7897/1975
f 2635/7904/1976 2636/7903/1976 2634/7902/1976 2633/7901/1976
f 2640/7908/1977 2635/7907/1977 2633/7906/1977 2638/7905/1977
f 2639/7912/1978 2640/7911/1978 2638/7910/1978 2637/7909/1978
f 2638/7916/1979 2633/7915/1979 2634/7914/1979 2637/7913/1979
f 2639/7920/1980 2636/7919/1980 2635/7918/1980 2640/7917/1980
o cube
v -3.158570710766107 3.381420625405804 0.9247303612920454
v -3.104655622952537 3.560232924292171 0.94133081529269
v -2.387035259175427 3.047769551748534 2.0128640883615248
v -2.333120171361857 3.2265818506349007 2.0294645423621693
v -2.910609123526018 3.5157636038811537 0.7901076834560019
v -2.964524211339588 3.336951304994787 0.7735072294553573
v -2.139073671935338 3.182112530223884 1.8782414105254812
v -2.192988759748908 3.0033002313375174 1.8616409565248366
vt 0.046875 0.375
vt 0.109375 0.375
vt 0.109375 0.03125
vt 0.046875 0.03125
vt 0.15625 0.375
vt 0.109375 0.375
vt 0.109375 0.03125
vt 0.15625 0.03125
vt 0.046875 0.375
vt 0.109375 0.375
vt 0.109375 0.03125
vt 0.046875 0.03125
vt 0.109375 0.375
vt 0.15625 0.375
vt 0.15625 0.03125
vt 0.109375 0.03125
vt 0.109375 0.375
vt 0.046875 0.375
vt 0.046875 0.421875
vt 0.109375 0.421875
vt 0.171875 0.421875
vt 0.109375 0.421875
vt 0.109375 0.375
vt 0.171875 0.375
vn 0.28754713500570855 0.9536655940606247 0.08853575467010456
vn -0.7761859977060755 0.17787728164406663 0.6048925273467524
vn -0.28754713500570855 -0.9536655940606247 -0.08853575467010456
vn 0.7761859977060755 -0.17787728164406663 -0.6048925273467524
vn -0.5611166920659489 0.24265532629619632 -0.7913699833232579
vn 0.5611166920659489 -0.24265532629619632 0.7913699833232579
usemtl m_32106622-412d-50ea-c58d-eafbf6f5adea
f 2644/7924/1981 2647/7923/1981 2645/7922/1981 2642/7921/1981
f 2643/7928/1982 2644/7927/1982 2642/7926/1982 2641/7925/1982
f 2648/7932/1983 2643/7931/1983 2641/7930/1983 2646/7929/1983
f 2647/7936/1984 2648/7935/1984 2646/7934/1984 2645/7933/1984
f 2646/7940/1985 2641/7939/1985 2642/7938/1985 2645/7937/1985
f 2647/7944/1986 2644/7943/1986 2643/7942/1986 2648/7941/1986
o cube
v -2.742988893270047 3.17211728941787 1.8295176934928197
v -2.653130413580763 3.4701377875618147 1.8571851168272273
v -2.532570133745316 3.0811215420567963 2.126281437239042
v -2.442711654056032 3.3791420402007413 2.1539488605734496
v -2.168014165014466 3.358964486534273 1.4791272872355075
v -2.25787264470375 3.060943988390328 1.4514598639010998
v -1.957595405489735 3.2679687391731997 1.7758910309817297
v -2.047453885179019 2.969948241029255 1.748223607647322
vt 0.53125 0.09375
vt 0.6875 0.09375
vt 0.6875 0
vt 0.53125 0
vt 0.453125 0.09375
vt 0.53125 0.09375
vt 0.53125 0
vt 0.453125 0
vt 0.765625 0.09375
vt 0.921875 0.09375
vt 0.921875 0
vt 0.765625 0
vt 0.53125 0.09375
vt 0.453125 0.09375
vt 0.453125 0
vt 0.53125 0
vt 0.6875 0.09375
vt 0.53125 0.09375
vt 0.53125 0.171875
vt 0.6875 0.171875
vt 0.84375 0.171875
vt 0.6875 0.171875
vt 0.6875 0.09375
vt 0.84375 0.09375
vn 0.28754713500570855 0.9536655940606247 0.08853575467010456
vn -0.7761859977060755 0.17787728164406663 0.6048925273467524
vn -0.28754713500570855 -0.9536655940606247 -0.08853575467010456
vn 0.7761859977060755 -0.17787728164406663 -0.6048925273467524
vn -0.5611166920659489 0.24265532629619632 -0.7913699833232579
vn 0.5611166920659489 -0.24265532629619632 0.7913699833232579
usemtl m_32106622-412d-50ea-c58d-eafbf6f5adea
f 2652/7948/1987 2655/7947/1987 2653/7946/1987 2650/7945/1987
f 2651/7952/1988 2652/7951/1988 2650/7950/1988 2649/7949/1988
f 2656/7956/1989 2651/7955/1989 2649/7954/1989 2654/7953/1989
f 2655/7960/1990 2656/7959/1990 2654/7958/1990 2653/7957/1990
f 2654/7964/1991 2649/7963/1991 2650/7962/1991 2653/7961/1991
f 2655/7968/1992 2652/7967/1992 2651/7966/1992 2656/7965/1992
o cube
v -3.2123380371761385 3.3652261142427715 1.2737959889595478
v -3.0865361656111414 3.7824548116442944 1.3125303816277185
v -2.7915005181266768 3.1832346195206243 1.8673234764519924
v -2.6656986465616797 3.6004633169221467 1.906057869120163
v -2.5043966673315845 3.6490468504112448 0.8588609861176542
v -2.6301985388965816 3.231818153009722 0.8201265934494835
v -2.0835591482821227 3.467055355689097 1.4523884736100987
v -2.20936101984712 3.049826658287574 1.413654080941928
vt 0.109375 0.890625
vt 0.296875 0.890625
vt 0.296875 0.703125
vt 0.109375 0.703125
vt 0 0.890625
vt 0.109375 0.890625
vt 0.109375 0.703125
vt 0 0.703125
vt 0.40625 0.890625
vt 0.59375 0.890625
vt 0.59375 0.703125
vt 0.40625 0.703125
vt 0.296875 0.890625
vt 0.40625 0.890625
vt 0.40625 0.703125
vt 0.296875 0.703125
vt 0.296875 0.890625
vt 0.109375 0.890625
vt 0.109375 1
vt 0.296875 1
vt 0.484375 1
vt 0.296875 1
vt 0.296875 0.890625
vt 0.484375 0.890625
vn 0.28754713500570855 0.9536655940606247 0.08853575467010456
vn -0.7761859977060755 0.17787728164406663 0.6048925273467524
vn -0.28754713500570855 -0.9536655940606247 -0.08853575467010456
vn 0.7761859977060755 -0.17787728164406663 -0.6048925273467524
vn -0.5611166920659489 0.24265532629619632 -0.7913699833232579
vn 0.5611166920659489 -0.24265532629619632 0.7913699833232579
usemtl m_32106622-412d-50ea-c58d-eafbf6f5adea
f 2660/7972/1993 2663/7971/1993 2661/7970/1993 2658/7969/1993
f 2659/7976/1994 2660/7975/1994 2658/7974/1994 2657/7973/1994
f 2664/7980/1995 2659/7979/1995 2657/7978/1995 2662/7977/1995
f 2663/7984/1996 2664/7983/1996 2662/7982/1996 2661/7981/1996
f 2662/7988/1997 2657/7987/1997 2658/7986/1997 2661/7985/1997
f 2663/7992/1998 2660/7991/1998 2659/7990/1998 2664/7989/1998
o cube
v -1.6084242278570569 3.6454385811895444 1.5820487762483655
v -1.4702596774587073 3.7664469169985892 1.5443156385846715
v -0.9616909101506708 3.26645307077905 2.7347547225622497
v -0.823526359752321 3.387461406588095 2.6970215848985557
v -1.3792147932377845 3.6328713707275524 1.4493174675728415
v -1.517379343636134 3.5118630349185076 1.4870506052365355
v -0.7324814755313986 3.2538858603170575 2.6020234138867253
v -0.8706460259297484 3.1328775245080127 2.6397565515504193
vt 0.265625 0.375
vt 0.3125 0.375
vt 0.3125 0.03125
vt 0.265625 0.03125
vt 0.21875 0.375
vt 0.265625 0.375
vt 0.265625 0.03125
vt 0.21875 0.03125
vt 0.3125 0.375
vt 0.265625 0.375
vt 0.265625 0.03125
vt 0.3125 0.03125
vt 0.3125 0.375
vt 0.359375 0.375
vt 0.359375 0.03125
vt 0.3125 0.03125
vt 0.3125 0.375
vt 0.265625 0.375
vt 0.265625 0.421875
vt 0.3125 0.421875
vt 0.359375 0.421875
vt 0.3125 0.421875
vt 0.3125 0.375
vt 0.359375 0.375
vn 0.7368776021245321 0.6453777909815731 -0.2012434008730348
vn -0.48557271584492206 0.7124029134455263 0.506656912063097
vn -0.7368776021245321 -0.6453777909815731 0.2012434008730348
vn 0.48557271584492206 -0.7124029134455263 -0.506656912063097
vn -0.4703515037864626 0.27562582575308686 -0.8383315973191888
vn 0.4703515037864626 -0.27562582575308686 0.8383315973191888
usemtl m_32106622-412d-50ea-c58d-eafbf6f5adea
f 2668/7996/1999 2671/7995/1999 2669/7994/1999 2666/7993/1999
f 2667/8000/2000 2668/7999/2000 2666/7998/2000 2665/7997/2000
f 2672/8004/2001 2667/8003/2001 2665/8002/2001 2670/8001/2001
f 2671/8008/2002 2672/8007/2002 2670/8006/2002 2669/8005/2002
f 2670/8012/2003 2665/8011/2003 2666/8010/2003 2669/8009/2003
f 2671/8016/2004 2668/8015/2004 2667/8014/2004 2672/8013/2004
o cube
v -1.8183397457812287 3.59828253051879 1.6949851463213412
v -1.7815585139225565 3.771026570118317 1.7579366178354812
v -2.119356668306672 3.195954011296723 2.974885757686884
v -2.082575436448 3.3686980508962505 3.0378372292010236
v -1.6023422417695947 3.7230078214882605 1.78499170193439
v -1.639123473628267 3.5502637818887335 1.7220402304202502
v -1.903359164295038 3.3206793022661945 3.0648923132999326
v -1.9401403961537103 3.147935262666667 3.001940841785793
vt 0.3125 0.375
vt 0.265625 0.375
vt 0.265625 0.03125
vt 0.3125 0.03125
vt 0.21875 0.375
vt 0.265625 0.375
vt 0.265625 0.03125
vt 0.21875 0.03125
vt 0.265625 0.375
vt 0.3125 0.375
vt 0.3125 0.03125
vt 0.265625 0.03125
vt 0.3125 0.375
vt 0.359375 0.375
vt 0.359375 0.03125
vt 0.3125 0.03125
vt 0.3125 0.375
vt 0.265625 0.375
vt 0.265625 0.421875
vt 0.3125 0.421875
vt 0.359375 0.421875
vt 0.3125 0.421875
vt 0.3125 0.375
vt 0.359375 0.375
vn 0.19616656991292045 0.9213015445308114 0.33574118140874615
vn -0.9558201181491291 0.2560999926936332 -0.14429378186084732
vn -0.19616656991292045 -0.9213015445308114 -0.33574118140874615
vn 0.9558201181491291 -0.2560999926936332 0.14429378186084732
vn 0.21892139820032264 0.2926025594342301 -0.9308368082658494
vn -0.21892139820032264 -0.2926025594342301 0.9308368082658494
usemtl m_32106622-412d-50ea-c58d-eafbf6f5adea
f 2676/8020/2005 2679/8019/2005 2677/8018/2005 2674/8017/2005
f 2675/8024/2006 2676/8023/2006 2674/8022/2006 2673/8021/2006
f 2680/8028/2007 2675/8027/2007 2673/8026/2007 2678/8025/2007
f 2679/8032/2008 2680/8031/2008 2678/8030/2008 2677/8029/2008
f 2678/8036/2009 2673/8035/2009 2674/8034/2009 2677/8033/2009
f 2679/8040/2010 2676/8039/2010 2675/8038/2010 2680/8037/2010
o cube
v -3.0634898546817255 3.3285003217563807 0.6833044684341099
v -3.322678648122769 3.7354411821310616 0.39412190410477344
v -2.7515103864325976 3.7149056286248054 0.9474370113267074
v -3.0106991798736407 4.121846488999486 0.658254446997371
v -2.889635681666787 3.6924607820411084 -0.054488700329751616
v -2.6304468882257437 3.2855199216664275 0.2346938639995848
v -2.577656213417659 4.078866088909534 0.20964384256284507
v -2.3184674199766153 3.6719252285348523 0.4988264068921815
vt 0.140625 0.5625
vt 0.296875 0.5625
vt 0.296875 0.421875
vt 0.140625 0.421875
vt 0 0.5625
vt 0.140625 0.5625
vt 0.140625 0.421875
vt 0 0.421875
vt 0.4375 0.5625
vt 0.59375 0.5625
vt 0.59375 0.421875
vt 0.4375 0.421875
vt 0.296875 0.5625
vt 0.4375 0.5625
vt 0.4375 0.421875
vt 0.296875 0.421875
vt 0.296875 0.5625
vt 0.140625 0.5625
vt 0.140625 0.703125
vt 0.296875 0.703125
vt 0.453125 0.703125
vt 0.296875 0.703125
vt 0.296875 0.5625
vt 0.453125 0.5625
vn -0.4607800772285218 0.7234504184438771 -0.5141023365854864
vn -0.6928687463295712 0.06876864014392481 0.7177769670952417
vn 0.4607800772285218 -0.7234504184438771 0.5141023365854864
vn 0.6928687463295712 -0.06876864014392481 -0.7177769670952417
vn -0.5546301657762279 -0.6869427677660888 -0.46956896514239466
vn 0.5546301657762279 0.6869427677660888 0.46956896514239466
usemtl m_32106622-412d-50ea-c58d-eafbf6f5adea
f 2684/8044/2011 2687/8043/2011 2685/8042/2011 2682/8041/2011
f 2683/8048/2012 2684/8047/2012 2682/8046/2012 2681/8045/2012
f 2688/8052/2013 2683/8051/2013 2681/8050/2013 2686/8049/2013
f 2687/8056/2014 2688/8055/2014 2686/8054/2014 2685/8053/2014
f 2686/8060/2015 2681/8059/2015 2682/8058/2015 2685/8057/2015
f 2687/8064/2016 2684/8063/2016 2683/8062/2016 2688/8061/2016
o cube
v -2.8088955672753144 3.9323878043705265 0.697057910256837
v -2.9240905865824445 4.113250408981496 0.5685323261104651
v -2.670238025831257 4.104123496312049 0.8144501515424363
v -2.7854330451383875 4.2849861009230175 0.6859245673960643
v -2.6642648067088555 4.087462168927524 0.2993659634497501
v -2.549069787401725 3.9065995643165548 0.427891547596122
v -2.5256072652647985 4.259197860869046 0.4167582047353484
v -2.410412245957668 4.078335256258077 0.5452837888817204
vt 0.65625 0.9375
vt 0.75 0.9375
vt 0.75 0.875
vt 0.65625 0.875
vt 0.59375 0.9375
vt 0.65625 0.9375
vt 0.65625 0.875
vt 0.59375 0.875
vt 0.8125 0.9375
vt 0.90625 0.9375
vt 0.90625 0.875
vt 0.8125 0.875
vt 0.75 0.9375
vt 0.8125 0.9375
vt 0.8125 0.875
vt 0.75 0.875
vt 0.75 0.9375
vt 0.65625 0.9375
vt 0.65625 1
vt 0.75 1
vt 0.84375 1
vt 0.75 1
vt 0.75 0.9375
vt 0.84375 0.9375
vn -0.4607800772285218 0.7234504184438771 -0.5141023365854864
vn -0.6928687463295712 0.06876864014392481 0.7177769670952417
vn 0.4607800772285218 -0.7234504184438771 0.5141023365854864
vn 0.6928687463295712 -0.06876864014392481 -0.7177769670952417
vn -0.5546301657762279 -0.6869427677660888 -0.46956896514239466
vn 0.5546301657762279 0.6869427677660888 0.46956896514239466
usemtl m_32106622-412d-50ea-c58d-eafbf6f5adea
f 2692/8068/2017 2695/8067/2017 2693/8066/2017 2690/8065/2017
f 2691/8072/2018 2692/8071/2018 2690/8070/2018 2689/8069/2018
f 2696/8076/2019 2691/8075/2019 2689/8074/2019 2694/8073/2019
f 2695/8080/2020 2696/8079/2020 2694/8078/2020 2693/8077/2020
f 2694/8084/2021 2689/8083/2021 2690/8082/2021 2693/8081/2021
f 2695/8088/2022 2692/8087/2022 2691/8086/2022 2696/8085/2022
o cube
v -2.7629789841227312 3.944936950035647 1.176316175355982
v -2.728144348546526 4.1123550053851545 1.2532186649597787
v -2.5327581070466056 3.339831365803131 2.3893580458983488
v -2.4979234714704006 3.507249421152639 2.4662605355021454
v -2.5466030853288 4.094499505099266 1.2098573820122813
v -2.5814377209050052 3.9270814497497577 1.1329548924084847
v -2.3163822082526746 3.4893939208667497 2.422899252554648
v -2.3512168438288796 3.321975865517242 2.3459967629508514
vt 0.3125 0.375
vt 0.265625 0.375
vt 0.265625 0.03125
vt 0.3125 0.03125
vt 0.359375 0.375
vt 0.3125 0.375
vt 0.3125 0.03125
vt 0.359375 0.03125
vt 0.265625 0.375
vt 0.3125 0.375
vt 0.3125 0.03125
vt 0.265625 0.03125
vt 0.265625 0.375
vt 0.21875 0.375
vt 0.21875 0.03125
vt 0.265625 0.03125
vt 0.265625 0.375
vt 0.3125 0.375
vt 0.3125 0.421875
vt 0.265625 0.421875
vt 0.3125 0.421875
vt 0.359375 0.421875
vt 0.359375 0.375
vt 0.3125 0.375
vn 0.18578472307309316 0.892896295197376 0.4101466112202496
vn -0.9682200704945383 0.09522933485807547 0.23126017571998803
vn -0.18578472307309316 -0.892896295197376 -0.4101466112202496
vn 0.9682200704945383 -0.09522933485807547 -0.23126017571998803
vn -0.16743336514627338 0.44007678853273874 -0.8822122694853579
vn 0.16743336514627338 -0.44007678853273874 0.8822122694853579
usemtl m_32106622-412d-50ea-c58d-eafbf6f5adea
f 2700/8092/2023 2703/8091/2023 2701/8090/2023 2698/8089/2023
f 2699/8096/2024 2700/8095/2024 2698/8094/2024 2697/8093/2024
f 2704/8100/2025 2699/8099/2025 2697/8098/2025 2702/8097/2025
f 2703/8104/2026 2704/8103/2026 2702/8102/2026 2701/8101/2026
f 2702/8108/2027 2697/8107/2027 2698/8106/2027 2701/8105/2027
f 2703/8112/2028 2700/8111/2028 2699/8110/2028 2704/8109/2028
o cube
v -2.6398248543981433 3.6665549970132916 0.7071601932497493
v -2.583303101838556 3.840645419336095 0.6664899788040316
v -1.77922183045987 3.637575740209376 1.7791432331638104
v -1.7227000779002826 3.81166616253218 1.7384730187180926
v -2.403479210878237 3.747950854811198 0.5196189947825746
v -2.4600009634378246 3.5738604324883947 0.5602892092282923
v -1.5428761869399636 3.718971598007283 1.5916020346966357
v -1.599397939499551 3.5448811756844796 1.6322722491423534
vt 0.046875 0.375
vt 0.109375 0.375
vt 0.109375 0.03125
vt 0.046875 0.03125
vt 0.15625 0.375
vt 0.109375 0.375
vt 0.109375 0.03125
vt 0.15625 0.03125
vt 0.046875 0.375
vt 0.109375 0.375
vt 0.109375 0.03125
vt 0.046875 0.03125
vt 0.109375 0.375
vt 0.15625 0.375
vt 0.15625 0.03125
vt 0.109375 0.03125
vt 0.109375 0.375
vt 0.046875 0.375
vt 0.046875 0.421875
vt 0.109375 0.421875
vt 0.171875 0.421875
vt 0.109375 0.421875
vt 0.109375 0.375
vt 0.171875 0.375
vn 0.30144934698446657 0.9284822523882857 -0.2169078103771612
vn -0.719295563841276 0.3707782580995866 0.5874839360858282
vn -0.30144934698446657 -0.9284822523882857 0.2169078103771612
vn 0.719295563841276 -0.3707782580995866 -0.5874839360858282
vn -0.6258931083187446 0.021075823130120058 -0.7796240290284082
vn 0.6258931083187446 -0.021075823130120058 0.7796240290284082
usemtl m_32106622-412d-50ea-c58d-eafbf6f5adea
f 2708/8116/2029 2711/8115/2029 2709/8114/2029 2706/8113/2029
f 2707/8120/2030 2708/8119/2030 2706/8118/2030 2705/8117/2030
f 2712/8124/2031 2707/8123/2031 2705/8122/2031 2710/8121/2031
f 2711/8128/2032 2712/8127/2032 2710/8126/2032 2709/8125/2032
f 2710/8132/2033 2705/8131/2033 2706/8130/2033 2709/8129/2033
f 2711/8136/2034 2708/8135/2034 2707/8134/2034 2712/8133/2034
o cube
v -2.1487996642996383 3.7150000972768438 1.59693746029425
v -2.0545967433669925 4.005150801148183 1.529153769551387
v -1.9140897486801092 3.707096663603049 1.889296471179903
v -1.8198868277474634 3.997247367474388 1.8215127804370401
v -1.6050370159661953 3.7734143898359416 1.1619763094977449
v -1.699239936898841 3.483263685964602 1.2297600002406077
v -1.3703271003466662 3.7655109561621463 1.4543353203833977
v -1.4645300212793118 3.475360252290807 1.5221190111262608
vt 0.53125 0.09375
vt 0.6875 0.09375
vt 0.6875 0
vt 0.53125 0
vt 0.453125 0.09375
vt 0.53125 0.09375
vt 0.53125 0
vt 0.453125 0
vt 0.765625 0.09375
vt 0.921875 0.09375
vt 0.921875 0
vt 0.765625 0
vt 0.53125 0.09375
vt 0.453125 0.09375
vt 0.453125 0
vt 0.53125 0
vt 0.6875 0.09375
vt 0.53125 0.09375
vt 0.53125 0.171875
vt 0.6875 0.171875
vt 0.84375 0.171875
vt 0.6875 0.171875
vt 0.6875 0.09375
vt 0.84375 0.09375
vn 0.30144934698446657 0.9284822523882857 -0.2169078103771612
vn -0.719295563841276 0.3707782580995866 0.5874839360858282
vn -0.30144934698446657 -0.9284822523882857 0.2169078103771612
vn 0.719295563841276 -0.3707782580995866 -0.5874839360858282
vn -0.6258931083187446 0.021075823130120058 -0.7796240290284082
vn 0.6258931083187446 -0.021075823130120058 0.7796240290284082
usemtl m_32106622-412d-50ea-c58d-eafbf6f5adea
f 2716/8140/2035 2719/8139/2035 2717/8138/2035 2714/8137/2035
f 2715/8144/2036 2716/8143/2036 2714/8142/2036 2713/8141/2036
f 2720/8148/2037 2715/8147/2037 2713/8146/2037 2718/8145/2037
f 2719/8152/2038 2720/8151/2038 2718/8150/2038 2717/8149/2038
f 2718/8156/2039 2713/8155/2039 2714/8154/2039 2717/8153/2039
f 2719/8160/2040 2716/8159/2040 2715/8158/2040 2720/8157/2040
o cube
v -2.6631754682787765 3.753980605755658 1.0489371845283082
v -2.5312913789730724 4.160191591175533 0.9540400174883001
v -2.193755637039718 3.7381737384080678 1.6336552062996144
v -2.061871547734014 4.144384723827943 1.5387580392596063
v -1.9918197060921154 3.882107897600843 0.5134270654239292
v -2.1237037953978195 3.475896912180968 0.6083242324639373
v -1.5223998748530572 3.866301030253253 1.0981450871952354
v -1.6542839641587612 3.460090044833378 1.1930422542352435
vt 0.109375 0.890625
vt 0.296875 0.890625
vt 0.296875 0.703125
vt 0.109375 0.703125
vt 0 0.890625
vt 0.109375 0.890625
vt 0.109375 0.703125
vt 0 0.703125
vt 0.40625 0.890625
vt 0.59375 0.890625
vt 0.59375 0.703125
vt 0.40625 0.703125
vt 0.296875 0.890625
vt 0.40625 0.890625
vt 0.40625 0.703125
vt 0.296875 0.703125
vt 0.296875 0.890625
vt 0.109375 0.890625
vt 0.109375 1
vt 0.296875 1
vt 0.484375 1
vt 0.296875 1
vt 0.296875 0.890625
vt 0.484375 0.890625
vn 0.30144934698446657 0.9284822523882857 -0.2169078103771612
vn -0.719295563841276 0.3707782580995866 0.5874839360858282
vn -0.30144934698446657 -0.9284822523882857 0.2169078103771612
vn 0.719295563841276 -0.3707782580995866 -0.5874839360858282
vn -0.6258931083187446 0.021075823130120058 -0.7796240290284082
vn 0.6258931083187446 -0.021075823130120058 0.7796240290284082
usemtl m_32106622-412d-50ea-c58d-eafbf6f5adea
f 2724/8164/2041 2727/8163/2041 2725/8162/2041 2722/8161/2041
f 2723/8168/2042 2724/8167/2042 2722/8166/2042 2721/8165/2042
f 2728/8172/2043 2723/8171/2043 2721/8170/2043 2726/8169/2043
f 2727/8176/2044 2728/8175/2044 2726/8174/2044 2725/8173/2044
f 2726/8180/2045 2721/8179/2045 2722/8178/2045 2725/8177/2045
f 2727/8184/2046 2724/8183/2046 2723/8182/2046 2728/8181/2046
o cube
v 0.4328560852306036 2.9922134363684254 -0.6322580810007503
v 0.3421182793020203 2.5440518351253636 -0.30465454050321217
v 0.9781139321484065 2.857929197854618 -0.6649364172700407
v 0.8873761262198232 2.409767596611556 -0.33733287677250257
v 0.4579447829633403 2.8910409523596647 0.2021075077704868
v 0.5486825888919236 3.3392025536027266 -0.12549603272705134
v 1.0032026298811432 2.7567567138458577 0.1694291715011964
v 1.0939404358097264 3.2049183150889196 -0.15817436899634174
vt 0.140625 0.5625
vt 0.296875 0.5625
vt 0.296875 0.421875
vt 0.140625 0.421875
vt 0 0.5625
vt 0.140625 0.5625
vt 0.140625 0.421875
vt 0 0.421875
vt 0.4375 0.5625
vt 0.59375 0.5625
vt 0.59375 0.421875
vt 0.4375 0.421875
vt 0.296875 0.5625
vt 0.4375 0.5625
vt 0.4375 0.421875
vt 0.296875 0.421875
vt 0.296875 0.5625
vt 0.140625 0.5625
vt 0.140625 0.703125
vt 0.296875 0.703125
vt 0.453125 0.703125
vt 0.296875 0.703125
vt 0.296875 0.5625
vt 0.453125 0.5625
vn -0.16131165498414782 -0.7967317355432205 0.5824062942178452
vn -0.18532240585811235 -0.5551825875748815 -0.8108192772379182
vn 0.16131165498414782 0.7967317355432205 -0.5824062942178452
vn 0.18532240585811235 0.5551825875748815 0.8108192772379182
vn -0.9693472834094272 0.23872753513565764 0.0580948200342931
vn 0.9693472834094272 -0.23872753513565764 -0.0580948200342931
usemtl m_32106622-412d-50ea-c58d-eafbf6f5adea
f 2732/8188/2047 2735/8187/2047 2733/8186/2047 2730/8185/2047
f 2731/8192/2048 2732/8191/2048 2730/8190/2048 2729/8189/2048
f 2736/8196/2049 2731/8195/2049 2729/8194/2049 2734/8193/2049
f 2735/8200/2050 2736/8199/2050 2734/8198/2050 2733/8197/2050
f 2734/8204/2051 2729/8203/2051 2730/8202/2051 2733/8201/2051
f 2735/8208/2052 2732/8207/2052 2731/8206/2052 2736/8205/2052
o cube
v 0.9508693406981239 2.678348353944222 -0.38158204067222457
v 0.9105414269520868 2.4791654200584166 -0.23598046711776277
v 1.1932061615504808 2.6186664701603077 -0.3961057456807975
v 1.152878247804444 2.419483536274502 -0.2505041721263357
v 0.9800373291488791 2.6873588903989973 0.06807676184645661
v 1.0203652428949161 2.886541824284803 -0.07752481170800518
v 1.2223741500012357 2.6276770066150825 0.053553056837883695
v 1.2627020637472728 2.826859940500888 -0.0920485167165781
vt 0.65625 0.9375
vt 0.75 0.9375
vt 0.75 0.875
vt 0.65625 0.875
vt 0.59375 0.9375
vt 0.65625 0.9375
vt 0.65625 0.875
vt 0.59375 0.875
vt 0.8125 0.9375
vt 0.90625 0.9375
vt 0.90625 0.875
vt 0.8125 0.875
vt 0.75 0.9375
vt 0.8125 0.9375
vt 0.8125 0.875
vt 0.75 0.875
vt 0.75 0.9375
vt 0.65625 0.9375
vt 0.65625 1
vt 0.75 1
vt 0.84375 1
vt 0.75 1
vt 0.75 0.9375
vt 0.84375 0.9375
vn -0.16131165498414782 -0.7967317355432205 0.5824062942178452
vn -0.18532240585811235 -0.5551825875748815 -0.8108192772379182
vn 0.16131165498414782 0.7967317355432205 -0.5824062942178452
vn 0.18532240585811235 0.5551825875748815 0.8108192772379182
vn -0.9693472834094272 0.23872753513565764 0.0580948200342931
vn 0.9693472834094272 -0.23872753513565764 -0.0580948200342931
usemtl m_32106622-412d-50ea-c58d-eafbf6f5adea
f 2740/8212/2053 2743/8211/2053 2741/8210/2053 2738/8209/2053
f 2739/8216/2054 2740/8215/2054 2738/8214/2054 2737/8213/2054
f 2744/8220/2055 2739/8219/2055 2737/8218/2055 2742/8217/2055
f 2743/8224/2056 2744/8223/2056 2742/8222/2056 2741/8221/2056
f 2742/8228/2057 2737/8227/2057 2738/8226/2057 2741/8225/2057
f 2743/8232/2058 2740/8231/2058 2739/8230/2058 2744/8229/2058
o cube
v -0.13018476846674876 2.9789782837463017 1.1609202537647203
v -0.12322067689126737 3.154984258659643 1.0966579146901725
v 0.0006289568017807667 2.5049706056946697 -0.12314730303650623
v 0.007593048377262157 2.680976580608011 -0.18740964211105426
v -0.30974024366965747 3.155374053631176 1.0775124382353605
v -0.31670433524513886 2.979368078717834 1.1417747773099083
v -0.17892651840112794 2.6813663755795436 -0.20655511856586606
v -0.18589060997660933 2.505360400666202 -0.14229277949131802
vt 0.3125 0.375
vt 0.265625 0.375
vt 0.265625 0.03125
vt 0.3125 0.03125
vt 0.359375 0.375
vt 0.3125 0.375
vt 0.3125 0.03125
vt 0.359375 0.03125
vt 0.265625 0.375
vt 0.3125 0.375
vt 0.3125 0.03125
vt 0.265625 0.03125
vt 0.265625 0.375
vt 0.21875 0.375
vt 0.21875 0.03125
vt 0.265625 0.03125
vt 0.265625 0.375
vt 0.3125 0.375
vt 0.3125 0.421875
vt 0.265625 0.421875
vt 0.3125 0.421875
vt 0.359375 0.421875
vt 0.359375 0.375
vt 0.3125 0.375
vn 0.03714182173589986 0.9386985328711591 -0.3427324750642582
vn 0.9947710228180819 -0.0020789065148397183 0.10210920775899678
vn -0.03714182173589986 -0.9386985328711591 0.3427324750642582
vn -0.9947710228180819 0.0020789065148397183 -0.10210920775899678
vn -0.0951372547407484 0.34473285676482307 0.9338673140372555
vn 0.0951372547407484 -0.34473285676482307 -0.9338673140372555
usemtl m_32106622-412d-50ea-c58d-eafbf6f5adea
f 2748/8236/2059 2751/8235/2059 2749/8234/2059 2746/8233/2059
f 2747/8240/2060 2748/8239/2060 2746/8238/2060 2745/8237/2060
f 2752/8244/2061 2747/8243/2061 2745/8242/2061 2750/8241/2061
f 2751/8248/2062 2752/8247/2062 2750/8246/2062 2749/8245/2062
f 2750/8252/2063 2745/8251/2063 2746/8250/2063 2749/8249/2063
f 2751/8256/2064 2748/8255/2064 2747/8254/2064 2752/8253/2064
o cube
v 0.19116372132085946 2.9710609132557955 0.9175503103311633
v 0.23609229369746032 3.1419720450345725 0.9802165565750357
v -0.48684786557364035 2.72042659528455 2.087211682990743
v -0.4419192931970395 2.891337727063327 2.1498779292346155
v 0.4451729830417701 3.049812377933307 1.0816653668346556
v 0.40024441066516925 2.87890124615453 1.0189991205907831
v -0.2328386038527297 2.7991780599620615 2.2513267394942353
v -0.27776717622933056 2.6282669281832844 2.188660493250363
vt 0.046875 0.375
vt 0.109375 0.375
vt 0.109375 0.03125
vt 0.046875 0.03125
vt 0.15625 0.375
vt 0.109375 0.375
vt 0.109375 0.03125
vt 0.15625 0.03125
vt 0.046875 0.375
vt 0.109375 0.375
vt 0.109375 0.03125
vt 0.046875 0.03125
vt 0.109375 0.375
vt 0.15625 0.375
vt 0.15625 0.03125
vt 0.109375 0.03125
vt 0.109375 0.375
vt 0.046875 0.375
vt 0.046875 0.421875
vt 0.109375 0.421875
vt 0.171875 0.421875
vt 0.109375 0.421875
vt 0.109375 0.375
vt 0.171875 0.375
vn 0.23961905267520472 0.9115260361534835 0.3342199799673205
vn -0.8363227573772374 0.36863866840506093 -0.4057952410384799
vn -0.23961905267520472 -0.9115260361534835 -0.3342199799673205
vn 0.8363227573772374 -0.36863866840506093 0.4057952410384799
vn 0.49309933592327204 0.18227950397908796 -0.8506628164796942
vn -0.49309933592327204 -0.18227950397908796 0.8506628164796942
usemtl m_32106622-412d-50ea-c58d-eafbf6f5adea
f 2756/8260/2065 2759/8259/2065 2757/8258/2065 2754/8257/2065
f 2755/8264/2066 2756/8263/2066 2754/8262/2066 2753/8261/2066
f 2760/8268/2067 2755/8267/2067 2753/8266/2067 2758/8265/2067
f 2759/8272/2068 2760/8271/2068 2758/8270/2068 2757/8269/2068
f 2758/8276/2069 2753/8275/2069 2754/8274/2069 2757/8273/2069
f 2759/8280/2070 2756/8279/2070 2755/8278/2070 2760/8277/2070
o cube
v -0.4587461316106447 2.8579011596026564 1.6921265191161428
v -0.38386517764964356 3.142753045900619 1.7965702628559304
v -0.6436583825818722 2.789546345610499 2.011125075296028
v -0.5687774286208711 3.0743982319084617 2.1155688190358157
v 0.13883654571113002 2.912353878147456 2.0501922885049804
v 0.06395559175012888 2.6275019918494933 1.9457485447651928
v -0.04607570526009752 2.843999064155298 2.3691908446848657
v -0.12095665922109866 2.5591471778573354 2.264747100945078
vt 0.53125 0.09375
vt 0.6875 0.09375
vt 0.6875 0
vt 0.53125 0
vt 0.453125 0.09375
vt 0.53125 0.09375
vt 0.53125 0
vt 0.453125 0
vt 0.765625 0.09375
vt 0.921875 0.09375
vt 0.921875 0
vt 0.765625 0
vt 0.53125 0.09375
vt 0.453125 0.09375
vt 0.453125 0
vt 0.53125 0
vt 0.6875 0.09375
vt 0.53125 0.09375
vt 0.53125 0.171875
vt 0.6875 0.171875
vt 0.84375 0.171875
vt 0.6875 0.171875
vt 0.6875 0.09375
vt 0.84375 0.09375
vn 0.23961905267520472 0.9115260361534835 0.3342199799673205
vn -0.8363227573772374 0.36863866840506093 -0.4057952410384799
vn -0.23961905267520472 -0.9115260361534835 -0.3342199799673205
vn 0.8363227573772374 -0.36863866840506093 0.4057952410384799
vn 0.49309933592327204 0.18227950397908796 -0.8506628164796942
vn -0.49309933592327204 -0.18227950397908796 0.8506628164796942
usemtl m_32106622-412d-50ea-c58d-eafbf6f5adea
f 2764/8284/2071 2767/8283/2071 2765/8282/2071 2762/8281/2071
f 2763/8288/2072 2764/8287/2072 2762/8286/2072 2761/8285/2072
f 2768/8292/2073 2763/8291/2073 2761/8290/2073 2766/8289/2073
f 2767/8296/2074 2768/8295/2074 2766/8294/2074 2765/8293/2074
f 2766/8300/2075 2761/8299/2075 2762/8298/2075 2765/8297/2075
f 2767/8304/2076 2764/8303/2076 2763/8302/2076 2768/8301/2076
o cube
v -0.1411918020042675 3.0176507043622887 1.0287672041914666
v -0.03635846645886609 3.416443345179437 1.1749884454271693
v -0.5110163039467217 2.8809410763779733 1.6667643165512374
v -0.4061829684013203 3.2797337171951213 1.81298555778694
v 0.5908836015740615 3.1399643438756413 1.4793348762060297
v 0.4860502660286601 2.741171703058493 1.333113634970327
v 0.2210590996316073 3.003254715891326 2.1173319885658004
v 0.11622576408620588 2.6044620750741774 1.9711107473300977
vt 0.109375 0.890625
vt 0.296875 0.890625
vt 0.296875 0.703125
vt 0.109375 0.703125
vt 0 0.890625
vt 0.109375 0.890625
vt 0.109375 0.703125
vt 0 0.703125
vt 0.40625 0.890625
vt 0.59375 0.890625
vt 0.59375 0.703125
vt 0.40625 0.703125
vt 0.296875 0.890625
vt 0.40625 0.890625
vt 0.40625 0.703125
vt 0.296875 0.703125
vt 0.296875 0.890625
vt 0.109375 0.890625
vt 0.109375 1
vt 0.296875 1
vt 0.484375 1
vt 0.296875 1
vt 0.296875 0.890625
vt 0.484375 0.890625
vn 0.23961905267520472 0.9115260361534835 0.3342199799673205
vn -0.8363227573772374 0.36863866840506093 -0.4057952410384799
vn -0.23961905267520472 -0.9115260361534835 -0.3342199799673205
vn 0.8363227573772374 -0.36863866840506093 0.4057952410384799
vn 0.49309933592327204 0.18227950397908796 -0.8506628164796942
vn -0.49309933592327204 -0.18227950397908796 0.8506628164796942
usemtl m_32106622-412d-50ea-c58d-eafbf6f5adea
f 2772/8308/2077 2775/8307/2077 2773/8306/2077 2770/8305/2077
f 2771/8312/2078 2772/8311/2078 2770/8310/2078 2769/8309/2078
f 2776/8316/2079 2771/8315/2079 2769/8314/2079 2774/8313/2079
f 2775/8320/2080 2776/8319/2080 2774/8318/2080 2773/8317/2080
f 2774/8324/2081 2769/8323/2081 2770/8322/2081 2773/8321/2081
f 2775/8328/2082 2772/8327/2082 2771/8326/2082 2776/8325/2082
o cube
v 0.3959359328746985 3.2356822481425462 0.7347262542206092
v 0.04309157046983869 2.8161497152756514 0.6086327976679549
v 0.7948471986421302 2.99489020523385 0.4196147753505395
v 0.4420028362372703 2.5753576723669553 0.2935213187978851
v 0.24425150304279764 2.4971661909165954 1.1070394516310795
v 0.5970958654476575 2.9166987237834903 1.233132908183734
v 0.6431627688102293 2.2563741480078994 0.7919279727610098
v 0.9960071312150891 2.675906680874794 0.9180214293136642
vt 0.140625 0.5625
vt 0.296875 0.5625
vt 0.296875 0.421875
vt 0.140625 0.421875
vt 0 0.5625
vt 0.140625 0.5625
vt 0.140625 0.421875
vt 0 0.421875
vt 0.4375 0.5625
vt 0.59375 0.5625
vt 0.59375 0.421875
vt 0.4375 0.421875
vt 0.296875 0.5625
vt 0.4375 0.5625
vt 0.4375 0.421875
vt 0.296875 0.421875
vt 0.296875 0.5625
vt 0.140625 0.5625
vt 0.140625 0.703125
vt 0.296875 0.703125
vt 0.453125 0.703125
vt 0.296875 0.703125
vt 0.296875 0.5625
vt 0.453125 0.5625
vn -0.6272788664975284 -0.7458356139855902 -0.2241661449824971
vn -0.32185589211673454 0.5103736389744898 -0.7974506463409996
vn 0.6272788664975284 0.7458356139855902 0.2241661449824971
vn 0.32185589211673454 -0.5103736389744898 0.7974506463409996
vn -0.7091755835865454 0.4280747429487925 0.5601981846579012
vn 0.7091755835865454 -0.4280747429487925 -0.5601981846579012
usemtl m_32106622-412d-50ea-c58d-eafbf6f5adea
f 2780/8332/2083 2783/8331/2083 2781/8330/2083 2778/8329/2083
f 2779/8336/2084 2780/8335/2084 2778/8334/2084 2777/8333/2084
f 2784/8340/2085 2779/8339/2085 2777/8338/2085 2782/8337/2085
f 2783/8344/2086 2784/8343/2086 2782/8342/2086 2781/8341/2086
f 2782/8348/2087 2777/8347/2087 2778/8346/2087 2781/8345/2087
f 2783/8352/2088 2780/8351/2088 2779/8350/2088 2784/8349/2088
o cube
v 0.6390545393762443 2.6980198709915424 0.44924418583613424
v 0.482234822751862 2.5115609674951442 0.3932026495905099
v 0.8163484352728805 2.5910011852543438 0.3091946396716585
v 0.6595287186484982 2.404542281757946 0.25315310342603414
v 0.6029307822956376 2.3201708528797105 0.692246641968385
v 0.7597504989200199 2.5066297563761086 0.7482881782140094
v 0.7802246781922737 2.2131521671425123 0.5521970958039093
v 0.937044394816656 2.39961107063891 0.6082386320495337
vt 0.65625 0.9375
vt 0.75 0.9375
vt 0.75 0.875
vt 0.65625 0.875
vt 0.59375 0.9375
vt 0.65625 0.9375
vt 0.65625 0.875
vt 0.59375 0.875
vt 0.8125 0.9375
vt 0.90625 0.9375
vt 0.90625 0.875
vt 0.8125 0.875
vt 0.75 0.9375
vt 0.8125 0.9375
vt 0.8125 0.875
vt 0.75 0.875
vt 0.75 0.9375
vt 0.65625 0.9375
vt 0.65625 1
vt 0.75 1
vt 0.84375 1
vt 0.75 1
vt 0.75 0.9375
vt 0.84375 0.9375
vn -0.6272788664975284 -0.7458356139855902 -0.2241661449824971
vn -0.32185589211673454 0.5103736389744898 -0.7974506463409996
vn 0.6272788664975284 0.7458356139855902 0.2241661449824971
vn 0.32185589211673454 -0.5103736389744898 0.7974506463409996
vn -0.7091755835865454 0.4280747429487925 0.5601981846579012
vn 0.7091755835865454 -0.4280747429487925 -0.5601981846579012
usemtl m_32106622-412d-50ea-c58d-eafbf6f5adea
f 2788/8356/2089 2791/8355/2089 2789/8354/2089 2786/8353/2089
f 2787/8360/2090 2788/8359/2090 2786/8358/2090 2785/8357/2090
f 2792/8364/2091 2787/8363/2091 2785/8362/2091 2790/8361/2091
f 2791/8368/2092 2792/8367/2092 2790/8366/2092 2789/8365/2092
f 2790/8372/2093 2785/8371/2093 2786/8370/2093 2789/8369/2093
f 2791/8376/2094 2788/8375/2094 2787/8374/2094 2792/8373/2094
o cube
v 0.42161579036011254 1.846164060357965 -0.8021764391168302
v 0.2799136517659546 2.1385722551411623 -1.2613324055829906
v 0.49144716298700697 1.3853910354454066 -1.1171654054473583
v 0.34974502439284905 1.6777992302286038 -1.5763213719135187
v -0.31993235040016454 1.9870698323248475 -1.1726938723927773
v -0.17823021180600662 1.6946616375416503 -0.7135379059266169
v -0.25010097777326923 1.5262968074122891 -1.4876828387233054
v -0.1083988391791113 1.233888612629092 -1.028526872257145
vt 0.140625 0.5625
vt 0.296875 0.5625
vt 0.296875 0.421875
vt 0.140625 0.421875
vt 0 0.5625
vt 0.140625 0.5625
vt 0.140625 0.421875
vt 0 0.421875
vt 0.4375 0.5625
vt 0.59375 0.5625
vt 0.59375 0.421875
vt 0.4375 0.421875
vt 0.296875 0.5625
vt 0.4375 0.5625
vt 0.4375 0.421875
vt 0.296875 0.421875
vt 0.296875 0.5625
vt 0.140625 0.5625
vt 0.140625 0.703125
vt 0.296875 0.703125
vt 0.453125 0.703125
vt 0.296875 0.703125
vt 0.296875 0.5625
vt 0.453125 0.5625
vn -0.25191491305628017 0.5198367907256836 -0.816277273717619
vn 0.9597536034657883 0.24240387650610365 -0.14182165310434158
vn 0.25191491305628017 -0.5198367907256836 0.816277273717619
vn -0.9597536034657883 -0.24240387650610365 0.14182165310434158
vn -0.12414466244781257 0.8191520442889925 0.559980384587606
vn 0.12414466244781257 -0.8191520442889925 -0.559980384587606
usemtl m_32106622-412d-50ea-c58d-eafbf6f5adea
f 2796/8380/2095 2799/8379/2095 2797/8378/2095 2794/8377/2095
f 2795/8384/2096 2796/8383/2096 2794/8382/2096 2793/8381/2096
f 2800/8388/2097 2795/8387/2097 2793/8386/2097 2798/8385/2097
f 2799/8392/2098 2800/8391/2098 2798/8390/2098 2797/8389/2098
f 2798/8396/2099 2793/8395/2099 2794/8394/2099 2797/8393/2099
f 2799/8400/2100 2796/8399/2100 2795/8398/2100 2800/8397/2100
o cube
v 0.2927545522236956 1.51753954798392 -1.3545243468460715
v 0.22977582395962504 1.647498745665341 -1.5585936652754766
v 0.3237907178356485 1.3127515369116718 -1.494519442992973
v 0.2608119895715779 1.4427107345930927 -1.6985887614223776
v -0.13013177734004522 1.556597291975552 -1.5054105453613484
v -0.06715304907597464 1.426638094294131 -1.3013412269319438
v -0.09909561172809234 1.3518092809033038 -1.6454056415082494
v -0.036116883464021754 1.2218500832218828 -1.4413363230788447
vt 0.65625 0.9375
vt 0.75 0.9375
vt 0.75 0.875
vt 0.65625 0.875
vt 0.59375 0.9375
vt 0.65625 0.9375
vt 0.65625 0.875
vt 0.59375 0.875
vt 0.8125 0.9375
vt 0.90625 0.9375
vt 0.90625 0.875
vt 0.8125 0.875
vt 0.75 0.9375
vt 0.8125 0.9375
vt 0.8125 0.875
vt 0.75 0.875
vt 0.75 0.9375
vt 0.65625 0.9375
vt 0.65625 1
vt 0.75 1
vt 0.84375 1
vt 0.75 1
vt 0.75 0.9375
vt 0.84375 0.9375
vn -0.25191491305628017 0.5198367907256836 -0.816277273717619
vn 0.9597536034657883 0.24240387650610365 -0.14182165310434158
vn 0.25191491305628017 -0.5198367907256836 0.816277273717619
vn -0.9597536034657883 -0.24240387650610365 0.14182165310434158
vn -0.12414466244781257 0.8191520442889925 0.559980384587606
vn 0.12414466244781257 -0.8191520442889925 -0.559980384587606
usemtl m_32106622-412d-50ea-c58d-eafbf6f5adea
f 2804/8404/2101 2807/8403/2101 2805/8402/2101 2802/8401/2101
f 2803/8408/2102 2804/8407/2102 2802/8406/2102 2801/8405/2102
f 2808/8412/2103 2803/8411/2103 2801/8410/2103 2806/8409/2103
f 2807/8416/2104 2808/8415/2104 2806/8414/2104 2805/8413/2104
f 2806/8420/2105 2801/8419/2105 2802/8418/2105 2805/8417/2105
f 2807/8424/2106 2804/8423/2106 2803/8422/2106 2808/8421/2106
o cube
v 0.5391174089755388 1.2586588771768794 -0.7354316132951912
v 0.5524395830494084 1.2536127554192207 -0.9223896469100974
v 1.021739283573762 -0.027003408535132944 -0.6663402733381485
v 1.0350614576476316 -0.032049530292791784 -0.8532983069530548
v 0.37737519312694534 1.187321494682982 -0.9330750636579757
v 0.36405301905307574 1.1923676164406407 -0.7461170300430695
v 0.8599970677251685 -0.09834079102903048 -0.863983723700933
v 0.8466748936512989 -0.09329466927137164 -0.6770256900860268
vt 0.3125 0.375
vt 0.265625 0.375
vt 0.265625 0.03125
vt 0.3125 0.03125
vt 0.359375 0.375
vt 0.3125 0.375
vt 0.3125 0.03125
vt 0.359375 0.03125
vt 0.265625 0.375
vt 0.3125 0.375
vt 0.3125 0.03125
vt 0.265625 0.03125
vt 0.265625 0.375
vt 0.21875 0.375
vt 0.21875 0.03125
vt 0.265625 0.03125
vt 0.265625 0.375
vt 0.3125 0.375
vt 0.3125 0.421875
vt 0.265625 0.421875
vt 0.3125 0.421875
vt 0.359375 0.421875
vt 0.359375 0.375
vt 0.3125 0.375
vn 0.0710515950606391 -0.026912649374180486 -0.9971095126128331
vn 0.933676746253136 0.3535533905932736 0.05698888932201743
vn -0.0710515950606391 0.026912649374180486 0.9971095126128331
vn -0.933676746253136 -0.3535533905932736 -0.05698888932201743
vn -0.35099772698052617 0.9350271168814638 -0.05024824724148559
vn 0.35099772698052617 -0.9350271168814638 0.05024824724148559
usemtl m_32106622-412d-50ea-c58d-eafbf6f5adea
f 2812/8428/2107 2815/8427/2107 2813/8426/2107 2810/8425/2107
f 2811/8432/2108 2812/8431/2108 2810/8430/2108 2809/8429/2108
f 2816/8436/2109 2811/8435/2109 2809/8434/2109 2814/8433/2109
f 2815/8440/2110 2816/8439/2110 2814/8438/2110 2813/8437/2110
f 2814/8444/2111 2809/8443/2111 2810/8442/2111 2813/8441/2111
f 2815/8448/2112 2812/8447/2112 2811/8446/2112 2816/8445/2112
o cube
v -0.2933790070728026 1.0032501050179872 -0.8103414811376807
v -0.20273701900453034 1.0931923185356855 -0.9476392532484031
v -0.4231596974370939 -0.10094918341221071 -1.619369233343261
v -0.33251770936882163 -0.01100696989451233 -1.7566670054539832
v -0.36591509107604203 1.159483579271924 -1.011940385003796
v -0.4565570791443143 1.0695413657542256 -0.8746426128930734
v -0.4956957814403333 0.05528429084172659 -1.820968137209376
v -0.5863377695086056 -0.034657922675971786 -1.6836703650986538
vt 0.265625 0.375
vt 0.3125 0.375
vt 0.3125 0.03125
vt 0.265625 0.03125
vt 0.21875 0.375
vt 0.265625 0.375
vt 0.265625 0.03125
vt 0.21875 0.03125
vt 0.3125 0.375
vt 0.265625 0.375
vt 0.265625 0.03125
vt 0.3125 0.03125
vt 0.3125 0.375
vt 0.359375 0.375
vt 0.359375 0.03125
vt 0.3125 0.03125
vt 0.3125 0.375
vt 0.265625 0.375
vt 0.265625 0.421875
vt 0.3125 0.421875
vt 0.359375 0.421875
vt 0.3125 0.421875
vt 0.3125 0.375
vt 0.359375 0.375
vn 0.4834239363641202 0.4796918054277252 -0.7322547845905198
vn 0.8702830510480644 -0.35355339059327345 0.3429393693620966
vn -0.4834239363641202 -0.4796918054277252 0.7322547845905198
vn -0.8702830510480644 0.35355339059327345 -0.3429393693620966
vn 0.09438595662857571 0.8030540279492343 0.5883838197858765
vn -0.09438595662857571 -0.8030540279492343 -0.5883838197858765
usemtl m_32106622-412d-50ea-c58d-eafbf6f5adea
f 2820/8452/2113 2823/8451/2113 2821/8450/2113 2818/8449/2113
f 2819/8456/2114 2820/8455/2114 2818/8454/2114 2817/8453/2114
f 2824/8460/2115 2819/8459/2115 2817/8458/2115 2822/8457/2115
f 2823/8464/2116 2824/8463/2116 2822/8462/2116 2821/8461/2116
f 2822/8468/2117 2817/8467/2117 2818/8466/2117 2821/8465/2117
f 2823/8472/2118 2820/8471/2118 2819/8470/2118 2824/8469/2118
o cube
v 0.24982188744256462 1.3708680791623888 -0.9718466473227809
v 0.2873151616942007 1.2991149355939342 -1.1409678783197683
v 0.13593358769535424 0.10053372195937005 -0.45812972518542106
v 0.1734268619469903 0.028780578390915634 -0.6272509561824084
v 0.043241159914217064 1.2991149355939342 -1.1950777818042937
v 0.005747885662580998 1.3708680791623888 -1.0259565508073063
v -0.07064713983299331 0.028780578390915634 -0.6813608596669338
v -0.10814041408462938 0.10053372195937005 -0.5122396286699464
vt 0.046875 0.375
vt 0.109375 0.375
vt 0.109375 0.03125
vt 0.046875 0.03125
vt 0.15625 0.375
vt 0.109375 0.375
vt 0.109375 0.03125
vt 0.15625 0.03125
vt 0.046875 0.375
vt 0.109375 0.375
vt 0.109375 0.03125
vt 0.046875 0.03125
vt 0.109375 0.375
vt 0.15625 0.375
vt 0.15625 0.03125
vt 0.109375 0.03125
vt 0.109375 0.375
vt 0.046875 0.375
vt 0.046875 0.421875
vt 0.109375 0.421875
vt 0.171875 0.421875
vt 0.109375 0.421875
vt 0.109375 0.375
vt 0.171875 0.375
vn 0.19996412934205696 -0.3826834323650905 -0.9019798986505998
vn 0.9762960071199336 2.7755575615628914e-17 0.21643961393810196
vn -0.19996412934205696 0.3826834323650905 0.9019798986505998
vn -0.9762960071199336 -2.7755575615628914e-17 -0.21643961393810196
vn 0.08282785436160793 0.9238795325112866 -0.37361230700898906
vn -0.08282785436160793 -0.9238795325112866 0.37361230700898906
usemtl m_32106622-412d-50ea-c58d-eafbf6f5adea
f 2828/8476/2119 2831/8475/2119 2829/8474/2119 2826/8473/2119
f 2827/8480/2120 2828/8479/2120 2826/8478/2120 2825/8477/2120
f 2832/8484/2121 2827/8483/2121 2825/8482/2121 2830/8481/2121
f 2831/8488/2122 2832/8487/2122 2830/8486/2122 2829/8485/2122
f 2830/8492/2123 2825/8491/2123 2826/8490/2123 2829/8489/2123
f 2831/8496/2124 2828/8495/2124 2827/8494/2124 2832/8493/2124
o cube
v 0.35004953441594466 0.44698854665110277 -0.5576519127003978
v 0.4125383248353378 0.32739997403701215 -0.8395206310287104
v 0.3189890890303415 0.10053372195937005 -0.4175472975720269
v 0.38147787944973466 -0.01905485065472079 -0.6994160159003395
v -0.19764667961462035 0.32739997403701215 -0.9747953897400241
v -0.2601354700340135 0.44698854665110277 -0.6929266714117115
v -0.2287071250002235 -0.01905485065472079 -0.8346907746116532
v -0.29119591541961665 0.10053372195937005 -0.5528220562833406
vt 0.53125 0.09375
vt 0.6875 0.09375
vt 0.6875 0
vt 0.53125 0
vt 0.453125 0.09375
vt 0.53125 0.09375
vt 0.53125 0
vt 0.453125 0
vt 0.765625 0.09375
vt 0.921875 0.09375
vt 0.921875 0
vt 0.765625 0
vt 0.53125 0.09375
vt 0.453125 0.09375
vt 0.453125 0
vt 0.53125 0
vt 0.6875 0.09375
vt 0.53125 0.09375
vt 0.53125 0.171875
vt 0.6875 0.171875
vt 0.84375 0.171875
vt 0.6875 0.171875
vt 0.6875 0.09375
vt 0.84375 0.09375
vn 0.19996412934205696 -0.3826834323650905 -0.9019798986505998
vn 0.9762960071199336 2.7755575615628914e-17 0.21643961393810196
vn -0.19996412934205696 0.3826834323650905 0.9019798986505998
vn -0.9762960071199336 -2.7755575615628914e-17 -0.21643961393810196
vn 0.08282785436160793 0.9238795325112866 -0.37361230700898906
vn -0.08282785436160793 -0.9238795325112866 0.37361230700898906
usemtl m_32106622-412d-50ea-c58d-eafbf6f5adea
f 2836/8500/2125 2839/8499/2125 2837/8498/2125 2834/8497/2125
f 2835/8504/2126 2836/8503/2126 2834/8502/2126 2833/8501/2126
f 2840/8508/2127 2835/8507/2127 2833/8506/2127 2838/8505/2127
f 2839/8512/2128 2840/8511/2128 2838/8510/2128 2837/8509/2128
f 2838/8516/2129 2833/8515/2129 2834/8514/2129 2837/8513/2129
f 2839/8520/2130 2836/8519/2130 2835/8518/2130 2840/8517/2130
o cube
v 0.47318892563214643 1.1398981960345673 -0.824333667086008
v 0.5606732322192967 0.9724741943748403 -1.2189498727456454
v 0.411068034860941 0.44698854665110277 -0.5441244368292661
v 0.49855234144809124 0.27956454499137573 -0.9387406424889035
v -0.1715487731206533 0.9724741943748403 -1.381279583199222
v -0.25903307970780354 1.1398981960345673 -0.9866633775395846
v -0.23366966389185873 0.27956454499137573 -1.1010703529424801
v -0.32115397047900895 0.44698854665110277 -0.7064541472828427
vt 0.109375 0.890625
vt 0.296875 0.890625
vt 0.296875 0.703125
vt 0.109375 0.703125
vt 0 0.890625
vt 0.109375 0.890625
vt 0.109375 0.703125
vt 0 0.703125
vt 0.40625 0.890625
vt 0.59375 0.890625
vt 0.59375 0.703125
vt 0.40625 0.703125
vt 0.296875 0.890625
vt 0.40625 0.890625
vt 0.40625 0.703125
vt 0.296875 0.703125
vt 0.296875 0.890625
vt 0.109375 0.890625
vt 0.109375 1
vt 0.296875 1
vt 0.484375 1
vt 0.296875 1
vt 0.296875 0.890625
vt 0.484375 0.890625
vn 0.19996412934205696 -0.3826834323650905 -0.9019798986505998
vn 0.9762960071199336 2.7755575615628914e-17 0.21643961393810196
vn -0.19996412934205696 0.3826834323650905 0.9019798986505998
vn -0.9762960071199336 -2.7755575615628914e-17 -0.21643961393810196
vn 0.08282785436160793 0.9238795325112866 -0.37361230700898906
vn -0.08282785436160793 -0.9238795325112866 0.37361230700898906
usemtl m_32106622-412d-50ea-c58d-eafbf6f5adea
f 2844/8524/2131 2847/8523/2131 2845/8522/2131 2842/8521/2131
f 2843/8528/2132 2844/8527/2132 2842/8526/2132 2841/8525/2132
f 2848/8532/2133 2843/8531/2133 2841/8530/2133 2846/8529/2133
f 2847/8536/2134 2848/8535/2134 2846/8534/2134 2845/8533/2134
f 2846/8540/2135 2841/8539/2135 2842/8538/2135 2845/8537/2135
f 2847/8544/2136 2844/8543/2136 2843/8542/2136 2848/8541/2136
o cube
v -1.1029459154821037 2.221164062236601 -0.5261897179254893
v -1.5663306328901532 2.513572255664201 -0.6533836725344635
v -1.3310845410492662 1.7603910373240423 -0.7543283534900436
v -1.7944692584573156 2.0527992307516416 -0.8815223080990178
v -1.813870681269879 2.3620698296177896 -0.09985324035370802
v -1.3504859638618296 2.0696616361901903 0.027340714255266185
v -2.0420093068370413 1.9012968047052305 -0.3279918759182623
v -1.578624589428992 1.6088886112776313 -0.20079792130928809
vt 0.140625 0.5625
vt 0.296875 0.5625
vt 0.296875 0.421875
vt 0.140625 0.421875
vt 0 0.5625
vt 0.140625 0.5625
vt 0.140625 0.421875
vt 0 0.421875
vt 0.4375 0.5625
vt 0.59375 0.5625
vt 0.59375 0.421875
vt 0.4375 0.421875
vt 0.296875 0.5625
vt 0.4375 0.5625
vt 0.4375 0.421875
vt 0.296875 0.421875
vt 0.296875 0.5625
vt 0.140625 0.5625
vt 0.140625 0.703125
vt 0.296875 0.703125
vt 0.453125 0.703125
vt 0.296875 0.703125
vt 0.296875 0.5625
vt 0.453125 0.5625
vn -0.8237950531698659 0.5198367883157322 -0.22612258597150933
vn 0.39606407740756194 0.24240388167425775 -0.8856486914892097
vn 0.8237950531698659 -0.5198367883157322 0.22612258597150933
vn -0.39606407740756194 -0.24240388167425775 0.8856486914892097
vn 0.40557977878606644 0.8191520442889934 0.4055797965592077
vn -0.40557977878606644 -0.8191520442889934 -0.4055797965592077
usemtl m_32106622-412d-50ea-c58d-eafbf6f5adea
f 2852/8548/2137 2855/8547/2137 2853/8546/2137 2850/8545/2137
f 2851/8552/2138 2852/8551/2138 2850/8550/2138 2849/8549/2138
f 2856/8556/2139 2851/8555/2139 2849/8554/2139 2854/8553/2139
f 2855/8560/2140 2856/8559/2140 2854/8558/2140 2853/8557/2140
f 2854/8564/2141 2849/8563/2141 2850/8562/2141 2853/8561/2141
f 2855/8568/2142 2852/8567/2142 2851/8566/2142 2856/8565/2142
o cube
v -1.6380285048407945 1.8925395484634262 -0.7142855751699893
v -1.843977268133261 2.022498745542359 -0.7708162216628667
v -1.739423449537311 1.687751537391178 -0.8156805243097915
v -1.9453722128297775 1.8177107344701111 -0.872211170802669
v -1.9925012971610967 1.9315972899145126 -0.4386979623544134
v -1.7865525338686303 1.8016380928355795 -0.38216731586153596
v -2.093896241857613 1.7268092788422644 -0.5400929114942157
v -1.8879474785651469 1.5968500817633313 -0.48356226500133825
vt 0.65625 0.9375
vt 0.75 0.9375
vt 0.75 0.875
vt 0.65625 0.875
vt 0.59375 0.9375
vt 0.65625 0.9375
vt 0.65625 0.875
vt 0.59375 0.875
vt 0.8125 0.9375
vt 0.90625 0.9375
vt 0.90625 0.875
vt 0.8125 0.875
vt 0.75 0.9375
vt 0.8125 0.9375
vt 0.8125 0.875
vt 0.75 0.875
vt 0.75 0.9375
vt 0.65625 0.9375
vt 0.65625 1
vt 0.75 1
vt 0.84375 1
vt 0.75 1
vt 0.75 0.9375
vt 0.84375 0.9375
vn -0.8237950531698659 0.5198367883157322 -0.22612258597150933
vn 0.39606407740756194 0.24240388167425775 -0.8856486914892097
vn 0.8237950531698659 -0.5198367883157322 0.22612258597150933
vn -0.39606407740756194 -0.24240388167425775 0.8856486914892097
vn 0.40557977878606644 0.8191520442889934 0.4055797965592077
vn -0.40557977878606644 -0.8191520442889934 -0.4055797965592077
usemtl m_32106622-412d-50ea-c58d-eafbf6f5adea
f 2860/8572/2143 2863/8571/2143 2861/8570/2143 2858/8569/2143
f 2859/8576/2144 2860/8575/2144 2858/8574/2144 2857/8573/2144
f 2864/8580/2145 2859/8579/2145 2857/8578/2145 2862/8577/2145
f 2863/8584/2146 2864/8583/2146 2862/8582/2146 2861/8581/2146
f 2862/8588/2147 2857/8587/2147 2858/8586/2147 2861/8585/2147
f 2863/8592/2148 2860/8591/2148 2859/8590/2148 2864/8589/2148
o cube
v -0.983520323430132 1.633658879792057 -0.5894276098866023
v -1.1340411292367776 1.6286127578778165 -0.7011158978712633
v -0.665936723852703 0.3479965968521992 -0.9593440213977926
v -0.816457529659349 0.34295047493795855 -1.0710323093824536
v -1.2371151481440066 1.5623214961537608 -0.5592093608641724
v -1.086594342337361 1.5673676180680014 -0.4475210728795114
v -0.919531548566578 0.2766592132139029 -0.9291257723753628
v -0.769010742759932 0.28170533512814355 -0.8174374843907017
vt 0.3125 0.375
vt 0.265625 0.375
vt 0.265625 0.03125
vt 0.3125 0.03125
vt 0.359375 0.375
vt 0.3125 0.375
vt 0.3125 0.03125
vt 0.359375 0.03125
vt 0.265625 0.375
vt 0.3125 0.375
vt 0.3125 0.03125
vt 0.265625 0.03125
vt 0.265625 0.375
vt 0.21875 0.375
vt 0.21875 0.03125
vt 0.265625 0.03125
vt 0.265625 0.375
vt 0.3125 0.375
vt 0.3125 0.421875
vt 0.265625 0.421875
vt 0.3125 0.421875
vt 0.359375 0.421875
vt 0.359375 0.375
vt 0.3125 0.375
vn -0.8027776309687779 -0.026912650209283497 -0.5956708692515269
vn 0.5497281008385553 0.3535533958616297 -0.7568348640378196
vn 0.8027776309687779 0.026912650209283497 0.5956708692515269
vn -0.5497281008385553 -0.3535533958616297 0.7568348640378196
vn -0.23096989060176654 0.9350271148653513 0.26903011746268396
vn 0.23096989060176654 -0.9350271148653513 -0.26903011746268396
usemtl m_32106622-412d-50ea-c58d-eafbf6f5adea
f 2868/8596/2149 2871/8595/2149 2869/8594/2149 2866/8593/2149
f 2867/8600/2150 2868/8599/2150 2866/8598/2150 2865/8597/2150
f 2872/8604/2151 2867/8603/2151 2865/8602/2151 2870/8601/2151
f 2871/8608/2152 2872/8607/2152 2870/8606/2152 2869/8605/2152
f 2870/8612/2153 2865/8611/2153 2866/8610/2153 2869/8609/2153
f 2871/8616/2154 2868/8615/2154 2867/8614/2154 2872/8613/2154
o cube
v -1.493998671550402 1.378250102905986 0.0724436953678178
v -1.5610925316835451 1.4681923167588544 -0.07777302174342493
v -2.2460568623596875 0.2740508127547372 -0.2527906897548857
v -2.3131507224928307 0.36399302660760524 -0.40300740686612846
v -1.702999072063252 1.5344835765072768 0.02530099379118811
v -1.6359052119301087 1.4445413626544084 0.17551771090243085
v -2.4550572628725376 0.43028428635602767 -0.2999333913315154
v -2.3879634027393943 0.3403420725031592 -0.14971667422027268
vt 0.265625 0.375
vt 0.3125 0.375
vt 0.3125 0.03125
vt 0.265625 0.03125
vt 0.21875 0.375
vt 0.265625 0.375
vt 0.265625 0.03125
vt 0.21875 0.03125
vt 0.3125 0.375
vt 0.265625 0.375
vt 0.265625 0.03125
vt 0.3125 0.03125
vt 0.3125 0.375
vt 0.359375 0.375
vt 0.359375 0.03125
vt 0.3125 0.03125
vt 0.3125 0.375
vt 0.265625 0.375
vt 0.265625 0.421875
vt 0.3125 0.421875
vt 0.359375 0.421875
vt 0.3125 0.421875
vt 0.3125 0.375
vt 0.359375 0.375
vn -0.35783392071009607 0.47969180721529747 -0.8011558245932952
vn 0.7568348820251056 -0.35355338532491676 -0.5497280828512723
vn 0.35783392071009607 -0.47969180721529747 0.8011558245932952
vn -0.7568348820251056 0.35355338532491676 0.5497280828512723
vn 0.5469514114976624 0.8030540292009081 0.23653409827105706
vn -0.5469514114976624 -0.8030540292009081 -0.23653409827105706
usemtl m_32106622-412d-50ea-c58d-eafbf6f5adea
f 2876/8620/2155 2879/8619/2155 2877/8618/2155 2874/8617/2155
f 2875/8624/2156 2876/8623/2156 2874/8622/2156 2873/8621/2156
f 2880/8628/2157 2875/8627/2157 2873/8626/2157 2878/8625/2157
f 2879/8632/2158 2880/8631/2158 2878/8630/2158 2877/8629/2158
f 2878/8636/2159 2873/8635/2159 2874/8634/2159 2877/8633/2159
f 2879/8640/2160 2876/8639/2160 2875/8638/2160 2880/8637/2160
o cube
v -1.338349113269397 1.7458680798751924 -0.47246395133646946
v -1.4608393892509244 1.6741149363067378 -0.5949542312692624
v -0.9662767944188819 0.4755337226721741 -0.10039163248595928
v -1.0887670704004093 0.40378057910371923 -0.22288191241875221
v -1.637616086981223 1.6741149348811306 -0.418177538406288
v -1.5151258109996957 1.7458680784495852 -0.2956872584734951
v -1.265543768130708 0.40378057767811226 -0.04610521955577784
v -1.1430534921491806 0.4755337212465671 0.07638506037701509
vt 0.046875 0.375
vt 0.109375 0.375
vt 0.109375 0.03125
vt 0.046875 0.03125
vt 0.15625 0.375
vt 0.109375 0.375
vt 0.109375 0.03125
vt 0.15625 0.03125
vt 0.046875 0.375
vt 0.109375 0.375
vt 0.109375 0.03125
vt 0.046875 0.03125
vt 0.109375 0.375
vt 0.15625 0.375
vt 0.15625 0.03125
vt 0.109375 0.03125
vt 0.109375 0.375
vt 0.046875 0.375
vt 0.046875 0.421875
vt 0.109375 0.421875
vt 0.171875 0.421875
vt 0.109375 0.421875
vt 0.109375 0.375
vt 0.171875 0.375
vn -0.6532814719014793 -0.3826834323650922 -0.6532814929748957
vn 0.7071067909211957 5.702427863241155e-9 -0.7071067714518993
vn 0.6532814719014793 0.3826834323650922 0.6532814929748957
vn -0.7071067909211957 -5.702427863241155e-9 0.7071067714518993
vn -0.2705980500731021 0.9238795325112859 -0.2705980500730983
vn 0.2705980500731021 -0.9238795325112859 0.2705980500730983
usemtl m_32106622-412d-50ea-c58d-eafbf6f5adea
f 2884/8644/2161 2887/8643/2161 2885/8642/2161 2882/8641/2161
f 2883/8648/2162 2884/8647/2162 2882/8646/2162 2881/8645/2162
f 2888/8652/2163 2883/8651/2163 2881/8650/2163 2886/8649/2163
f 2887/8656/2164 2888/8655/2164 2886/8654/2164 2885/8653/2164
f 2886/8660/2165 2881/8659/2165 2882/8658/2165 2885/8657/2165
f 2887/8664/2166 2884/8663/2166 2883/8662/2166 2888/8661/2166
o cube
v -0.9351685398985707 0.8219885484331115 -0.33444842091060245
v -1.139318999867783 0.7023999758190205 -0.5385988874652572
v -0.8336942711211575 0.47553372374137926 -0.2329741521331905
v -1.0378447310903698 0.355945151127288 -0.43712461868784525
v -1.5812607441935307 0.702399972255003 -0.09665715530782037
v -1.3771102842243184 0.821988544869094 0.10749331124683437
v -1.4797864754161174 0.35594514756327067 0.004817113469591572
v -1.275636015446905 0.47553372017736195 0.2089675800242463
vt 0.53125 0.09375
vt 0.6875 0.09375
vt 0.6875 0
vt 0.53125 0
vt 0.453125 0.09375
vt 0.53125 0.09375
vt 0.53125 0
vt 0.453125 0
vt 0.765625 0.09375
vt 0.921875 0.09375
vt 0.921875 0
vt 0.765625 0
vt 0.53125 0.09375
vt 0.453125 0.09375
vt 0.453125 0
vt 0.53125 0
vt 0.6875 0.09375
vt 0.53125 0.09375
vt 0.53125 0.171875
vt 0.6875 0.171875
vt 0.84375 0.171875
vt 0.6875 0.171875
vt 0.6875 0.09375
vt 0.84375 0.09375
vn -0.6532814719014793 -0.3826834323650922 -0.6532814929748957
vn 0.7071067909211957 5.702427863241155e-9 -0.7071067714518993
vn 0.6532814719014793 0.3826834323650922 0.6532814929748957
vn -0.7071067909211957 -5.702427863241155e-9 0.7071067714518993
vn -0.2705980500731021 0.9238795325112859 -0.2705980500730983
vn 0.2705980500731021 -0.9238795325112859 0.2705980500730983
usemtl m_32106622-412d-50ea-c58d-eafbf6f5adea
f 2892/8668/2167 2895/8667/2167 2893/8666/2167 2890/8665/2167
f 2891/8672/2168 2892/8671/2168 2890/8670/2168 2889/8669/2168
f 2896/8676/2169 2891/8675/2169 2889/8674/2169 2894/8673/2169
f 2895/8680/2170 2896/8679/2170 2894/8678/2170 2893/8677/2170
f 2894/8684/2171 2889/8683/2171 2890/8682/2171 2893/8681/2171
f 2895/8688/2172 2892/8687/2172 2891/8686/2172 2896/8685/2172
o cube
v -1.093922903020823 1.5148981981729777 -0.5815911316811695
v -1.3797335469777203 1.3474741965132497 -0.8674017848576865
v -0.8909743654659965 0.8219885487895131 -0.37864259412634604
v -1.1767850094228938 0.6545645471297854 -0.664453247302863
v -1.9100636401686173 1.347474192236429 -0.3370717062687625
v -1.62425299621172 1.514898193896157 -0.05126105309224549
v -1.7071151026137907 0.6545645428529647 -0.1341231687139386
v -1.4213044586568935 0.8219885445126924 0.1516874844625784
vt 0.109375 0.890625
vt 0.296875 0.890625
vt 0.296875 0.703125
vt 0.109375 0.703125
vt 0 0.890625
vt 0.109375 0.890625
vt 0.109375 0.703125
vt 0 0.703125
vt 0.40625 0.890625
vt 0.59375 0.890625
vt 0.59375 0.703125
vt 0.40625 0.703125
vt 0.296875 0.890625
vt 0.40625 0.890625
vt 0.40625 0.703125
vt 0.296875 0.703125
vt 0.296875 0.890625
vt 0.109375 0.890625
vt 0.109375 1
vt 0.296875 1
vt 0.484375 1
vt 0.296875 1
vt 0.296875 0.890625
vt 0.484375 0.890625
vn -0.6532814719014793 -0.3826834323650922 -0.6532814929748957
vn 0.7071067909211957 5.702427863241155e-9 -0.7071067714518993
vn 0.6532814719014793 0.3826834323650922 0.6532814929748957
vn -0.7071067909211957 -5.702427863241155e-9 0.7071067714518993
vn -0.2705980500731021 0.9238795325112859 -0.2705980500730983
vn 0.2705980500731021 -0.9238795325112859 0.2705980500730983
usemtl m_32106622-412d-50ea-c58d-eafbf6f5adea
f 2900/8692/2173 2903/8691/2173 2901/8690/2173 2898/8689/2173
f 2899/8696/2174 2900/8695/2174 2898/8694/2174 2897/8693/2174
f 2904/8700/2175 2899/8699/2175 2897/8698/2175 2902/8697/2175
f 2903/8704/2176 2904/8703/2176 2902/8702/2176 2901/8701/2176
f 2902/8708/2177 2897/8707/2177 2898/8706/2177 2901/8705/2177
f 2903/8712/2178 2900/8711/2178 2899/8710/2178 2904/8709/2178
o cube
v 1.6617428003514234 1.8461640584793282 0.7908005775721749
v 2.1302346012520212 2.1385722546181247 0.897660903791822
v 1.8996155655679177 1.3853910335667716 1.0087707982014873
v 2.3681073664685153 1.6777992297055684 1.1156311244211343
v 2.3533943736600453 1.9870698350319058 0.3338597572531512
v 1.8849025727594475 1.6946616388931093 0.22699943103350417
v 2.59126713887654 1.5262968101193495 0.5518299778824636
v 2.1227753379759418 1.2338886139805527 0.44496965166281655
vt 0.140625 0.5625
vt 0.296875 0.5625
vt 0.296875 0.421875
vt 0.140625 0.421875
vt 0 0.5625
vt 0.140625 0.5625
vt 0.140625 0.421875
vt 0 0.421875
vt 0.4375 0.5625
vt 0.59375 0.5625
vt 0.59375 0.421875
vt 0.4375 0.421875
vt 0.296875 0.5625
vt 0.4375 0.5625
vt 0.4375 0.421875
vt 0.296875 0.421875
vt 0.296875 0.5625
vt 0.140625 0.5625
vt 0.140625 0.703125
vt 0.296875 0.703125
vt 0.453125 0.703125
vt 0.296875 0.703125
vt 0.296875 0.5625
vt 0.453125 0.5625
vn 0.8328743127121745 0.5198367931356386 0.1899739132793727
vn -0.35705563585283867 0.24240387133795024 0.9020818344618737
vn -0.8328743127121745 -0.5198367931356386 -0.1899739132793727
vn 0.35705563585283867 -0.24240387133795024 -0.9020818344618737
vn -0.42288491594043465 0.8191520442889888 -0.38750261445211187
vn 0.42288491594043465 -0.8191520442889888 0.38750261445211187
usemtl m_32106622-412d-50ea-c58d-eafbf6f5adea
f 2908/8716/2179 2911/8715/2179 2909/8714/2179 2906/8713/2179
f 2907/8720/2180 2908/8719/2180 2906/8718/2180 2905/8717/2180
f 2912/8724/2181 2907/8723/2181 2905/8722/2181 2910/8721/2181
f 2911/8728/2182 2912/8727/2182 2910/8726/2182 2909/8725/2182
f 2910/8732/2183 2905/8731/2183 2906/8730/2183 2909/8729/2183
f 2911/8736/2184 2908/8735/2184 2907/8734/2184 2912/8733/2184
o cube
v 2.204520742772077 1.5175395475044149 0.9553774167935565
v 2.4127393209501204 1.6474987457883246 1.0028708951134
v 2.3102419717571854 1.312751536432168 1.052253070406585
v 2.518460549935229 1.4427107347160777 1.0997465487264284
v 2.546635184394935 1.5565972940365933 0.664590207190197
v 2.3384166062168914 1.4266380957526836 0.6170967288703535
v 2.6523564133800432 1.3518092829643464 0.7614658608032254
v 2.444137835202 1.2218500846804368 0.7139723824833819
vt 0.65625 0.9375
vt 0.75 0.9375
vt 0.75 0.875
vt 0.65625 0.875
vt 0.59375 0.9375
vt 0.65625 0.9375
vt 0.65625 0.875
vt 0.59375 0.875
vt 0.8125 0.9375
vt 0.90625 0.9375
vt 0.90625 0.875
vt 0.8125 0.875
vt 0.75 0.9375
vt 0.8125 0.9375
vt 0.8125 0.875
vt 0.75 0.875
vt 0.75 0.9375
vt 0.65625 0.9375
vt 0.65625 1
vt 0.75 1
vt 0.84375 1
vt 0.75 1
vt 0.75 0.9375
vt 0.84375 0.9375
vn 0.8328743127121745 0.5198367931356386 0.1899739132793727
vn -0.35705563585283867 0.24240387133795024 0.9020818344618737
vn -0.8328743127121745 -0.5198367931356386 -0.1899739132793727
vn 0.35705563585283867 -0.24240387133795024 -0.9020818344618737
vn -0.42288491594043465 0.8191520442889888 -0.38750261445211187
vn 0.42288491594043465 -0.8191520442889888 0.38750261445211187
usemtl m_32106622-412d-50ea-c58d-eafbf6f5adea
f 2916/8740/2185 2919/8739/2185 2917/8738/2185 2914/8737/2185
f 2915/8744/2186 2916/8743/2186 2914/8742/2186 2913/8741/2186
f 2920/8748/2187 2915/8747/2187 2913/8746/2187 2918/8745/2187
f 2919/8752/2188 2920/8751/2188 2918/8750/2188 2917/8749/2188
f 2918/8756/2189 2913/8755/2189 2914/8754/2189 2917/8753/2189
f 2919/8760/2190 2916/8759/2190 2915/8758/2190 2920/8757/2190
o cube
v 1.5451892795158473 1.2586588745617031 0.8591875505026563
v 1.700438600496194 1.2536127529606267 0.9642039063332044
v 1.2440434968639142 -0.02700341392246497 1.2426046830888344
v 1.399292817844261 -0.032049535523541145 1.3476210389193826
v 1.7972246360528519 1.1873214932122047 0.8179364041251178
v 1.6419753150725052 1.1923676148132811 0.7129200482945697
v 1.4960788534009188 -0.09834079527196316 1.201353536711296
v 1.3408295324205721 -0.09329467367088695 1.0963371808807478
vt 0.3125 0.375
vt 0.265625 0.375
vt 0.265625 0.03125
vt 0.3125 0.03125
vt 0.359375 0.375
vt 0.3125 0.375
vt 0.3125 0.03125
vt 0.359375 0.03125
vt 0.265625 0.375
vt 0.3125 0.375
vt 0.3125 0.03125
vt 0.265625 0.03125
vt 0.265625 0.375
vt 0.21875 0.375
vt 0.21875 0.03125
vt 0.265625 0.03125
vt 0.265625 0.375
vt 0.3125 0.375
vt 0.3125 0.421875
vt 0.265625 0.421875
vt 0.3125 0.421875
vt 0.359375 0.421875
vt 0.359375 0.375
vt 0.3125 0.375
vn 0.8279963785618504 -0.026912648539073082 0.5600872310962582
vn -0.5161921896355092 0.35355338532491737 0.7800933451097946
vn -0.8279963785618504 0.026912648539073082 -0.5600872310962582
vn 0.5161921896355092 -0.35355338532491737 -0.7800933451097946
vn 0.21901511465595108 0.9350271188975765 -0.27884882369903924
vn -0.21901511465595108 -0.9350271188975765 0.27884882369903924
usemtl m_32106622-412d-50ea-c58d-eafbf6f5adea
f 2924/8764/2191 2927/8763/2191 2925/8762/2191 2922/8761/2191
f 2923/8768/2192 2924/8767/2192 2922/8766/2192 2921/8765/2192
f 2928/8772/2193 2923/8771/2193 2921/8770/2193 2926/8769/2193
f 2927/8776/2194 2928/8775/2194 2926/8774/2194 2925/8773/2194
f 2926/8780/2195 2921/8779/2195 2922/8778/2195 2925/8777/2195
f 2927/8784/2196 2924/8783/2196 2923/8782/2196 2928/8781/2196
o cube
v 2.026311327659937 1.0032501071299862 0.1756794318691801
v 2.0998936938359476 1.0931923203125153 0.32282658160633293
v 2.7918402668942637 -0.10094917957915595 0.4677999180145149
v 2.865422633070274 -0.011006966396626794 0.6149470677516673
v 2.237169141705704 1.1594835820365716 0.21366079011838313
v 2.1635867755296934 1.0695413688540425 0.06651364038123031
v 3.0026980809400303 0.05528429532742907 0.5057812762637175
v 2.92911571476402 -0.034657917855100084 0.3586341265265651
vt 0.265625 0.375
vt 0.3125 0.375
vt 0.3125 0.03125
vt 0.265625 0.03125
vt 0.21875 0.375
vt 0.265625 0.375
vt 0.265625 0.03125
vt 0.21875 0.03125
vt 0.3125 0.375
vt 0.265625 0.375
vt 0.265625 0.03125
vt 0.3125 0.03125
vt 0.3125 0.375
vt 0.359375 0.375
vt 0.359375 0.03125
vt 0.3125 0.03125
vt 0.3125 0.375
vt 0.265625 0.375
vt 0.265625 0.421875
vt 0.3125 0.421875
vt 0.359375 0.421875
vt 0.3125 0.421875
vt 0.3125 0.375
vt 0.359375 0.375
vn 0.3924392862720551 0.47969180364015584 0.784784798598147
vn -0.7321357219720342 -0.3535533958616313 0.5822175546023984
vn -0.3924392862720551 -0.47969180364015584 -0.784784798598147
vn 0.7321357219720342 0.3535533958616313 -0.5822175546023984
vn -0.5567483194431471 0.803054026697558 -0.21245126265115324
vn 0.5567483194431471 -0.803054026697558 0.21245126265115324
usemtl m_32106622-412d-50ea-c58d-eafbf6f5adea
f 2932/8788/2197 2935/8787/2197 2933/8786/2197 2930/8785/2197
f 2931/8792/2198 2932/8791/2198 2930/8790/2198 2929/8789/2198
f 2936/8796/2199 2931/8795/2199 2929/8794/2199 2934/8793/2199
f 2935/8800/2200 2936/8799/2200 2934/8798/2200 2933/8797/2200
f 2934/8804/2201 2929/8803/2201 2930/8802/2201 2933/8801/2201
f 2935/8808/2202 2932/8807/2202 2931/8806/2202 2936/8805/2202
o cube
v 1.8945784633327345 1.3708680784495866 0.7268577923295849
v 2.0222951104571822 1.2991149348811333 0.8438885337411226
v 1.5066307082814387 0.10053372124656446 0.37136917048600937
v 1.6343473554058865 0.028780577678111152 0.48839991189754706
v 2.1911926598235945 1.2991149363067405 0.6595691972133984
v 2.0634760126991467 1.3708680798751938 0.5425384558018607
v 1.8032449047722987 0.02878057910371834 0.3040805753698228
v 1.675528257647851 0.10053372267217164 0.18704983395828512
vt 0.046875 0.375
vt 0.109375 0.375
vt 0.109375 0.03125
vt 0.046875 0.03125
vt 0.15625 0.375
vt 0.109375 0.375
vt 0.109375 0.03125
vt 0.15625 0.03125
vt 0.046875 0.375
vt 0.109375 0.375
vt 0.109375 0.03125
vt 0.046875 0.03125
vt 0.109375 0.375
vt 0.15625 0.375
vt 0.15625 0.03125
vt 0.109375 0.03125
vt 0.109375 0.375
vt 0.046875 0.375
vt 0.046875 0.421875
vt 0.109375 0.421875
vt 0.171875 0.421875
vt 0.109375 0.421875
vt 0.109375 0.375
vt 0.171875 0.375
vn 0.6811554513303878 -0.38268343236508473 0.624163954194868
vn -0.675590197465649 -5.702428640397273e-9 0.7372773461108957
vn -0.6811554513303878 0.38268343236508473 -0.624163954194868
vn 0.675590197465649 5.702428640397273e-9 -0.7372773461108957
vn 0.28214382185548786 0.9238795325112888 0.2585371795226004
vn -0.28214382185548786 -0.9238795325112888 -0.2585371795226004
usemtl m_32106622-412d-50ea-c58d-eafbf6f5adea
f 2940/8812/2203 2943/8811/2203 2941/8810/2203 2938/8809/2203
f 2939/8816/2204 2940/8815/2204 2938/8814/2204 2937/8813/2204
f 2944/8820/2205 2939/8819/2205 2937/8818/2205 2942/8817/2205
f 2943/8824/2206 2944/8823/2206 2942/8822/2206 2941/8821/2206
f 2942/8828/2207 2937/8827/2207 2938/8826/2207 2941/8825/2207
f 2943/8832/2208 2940/8831/2208 2939/8830/2208 2944/8829/2208
o cube
v 1.4857614794524374 0.44698854486909223 0.6065601152027775
v 1.698622557993183 0.3273999722550034 0.8016113508886735
v 1.379957546256629 0.10053372017735906 0.5096086728818023
v 1.5928186247973746 -0.019054852436729997 0.7046599085676983
v 2.120866431409214 0.32739997581902136 0.34081300956936333
v 1.9080053528684675 0.4469885484331102 0.14576177388346734
v 2.0150624982134056 -0.019054848872712027 0.24386156724838814
v 1.80220141967266 0.10053372374137703 0.04881033156249215
vt 0.53125 0.09375
vt 0.6875 0.09375
vt 0.6875 0
vt 0.53125 0
vt 0.453125 0.09375
vt 0.53125 0.09375
vt 0.53125 0
vt 0.453125 0
vt 0.765625 0.09375
vt 0.921875 0.09375
vt 0.921875 0
vt 0.765625 0
vt 0.53125 0.09375
vt 0.453125 0.09375
vt 0.453125 0
vt 0.53125 0
vt 0.6875 0.09375
vt 0.53125 0.09375
vt 0.53125 0.171875
vt 0.6875 0.171875
vt 0.84375 0.171875
vt 0.6875 0.171875
vt 0.6875 0.09375
vt 0.84375 0.09375
vn 0.6811554513303878 -0.38268343236508473 0.624163954194868
vn -0.675590197465649 -5.702428640397273e-9 0.7372773461108957
vn -0.6811554513303878 0.38268343236508473 -0.624163954194868
vn 0.675590197465649 5.702428640397273e-9 -0.7372773461108957
vn 0.28214382185548786 0.9238795325112888 0.2585371795226004
vn -0.28214382185548786 -0.9238795325112888 -0.2585371795226004
usemtl m_32106622-412d-50ea-c58d-eafbf6f5adea
f 2948/8836/2209 2951/8835/2209 2949/8834/2209 2946/8833/2209
f 2947/8840/2210 2948/8839/2210 2946/8838/2210 2945/8837/2210
f 2952/8844/2211 2947/8843/2211 2945/8842/2211 2950/8841/2211
f 2951/8848/2212 2952/8847/2212 2950/8846/2212 2949/8845/2212
f 2950/8852/2213 2945/8851/2213 2946/8850/2213 2949/8849/2213
f 2951/8856/2214 2948/8855/2214 2947/8854/2214 2952/8853/2214
o cube
v 1.6551449585024502 1.1398981938961574 0.8465428339766587
v 1.9531504684594947 0.972474192236433 1.1196145639369135
v 1.4435370921108341 0.44698854451269066 0.6526399493347084
v 1.7415426020678786 0.27956454285296606 0.9257116792949631
v 2.4598431165587313 0.9724741965132537 0.5666565543537421
v 2.161837606601687 1.1398981981729785 0.2935848243934873
v 2.2482352501671152 0.2795645471297872 0.3727536697117917
v 1.9502297402100708 0.4469885487895118 0.09968193975153694
vt 0.109375 0.890625
vt 0.296875 0.890625
vt 0.296875 0.703125
vt 0.109375 0.703125
vt 0 0.890625
vt 0.109375 0.890625
vt 0.109375 0.703125
vt 0 0.703125
vt 0.40625 0.890625
vt 0.59375 0.890625
vt 0.59375 0.703125
vt 0.40625 0.703125
vt 0.296875 0.890625
vt 0.40625 0.890625
vt 0.40625 0.703125
vt 0.296875 0.703125
vt 0.296875 0.890625
vt 0.109375 0.890625
vt 0.109375 1
vt 0.296875 1
vt 0.484375 1
vt 0.296875 1
vt 0.296875 0.890625
vt 0.484375 0.890625
vn 0.6811554513303878 -0.38268343236508473 0.624163954194868
vn -0.675590197465649 -5.702428640397273e-9 0.7372773461108957
vn -0.6811554513303878 0.38268343236508473 -0.624163954194868
vn 0.675590197465649 5.702428640397273e-9 -0.7372773461108957
vn 0.28214382185548786 0.9238795325112888 0.2585371795226004
vn -0.28214382185548786 -0.9238795325112888 -0.2585371795226004
usemtl m_32106622-412d-50ea-c58d-eafbf6f5adea
f 2956/8860/2215 2959/8859/2215 2957/8858/2215 2954/8857/2215
f 2955/8864/2216 2956/8863/2216 2954/8862/2216 2953/8861/2216
f 2960/8868/2217 2955/8867/2217 2953/8866/2217 2958/8865/2217
f 2959/8872/2218 2960/8871/2218 2958/8870/2218 2957/8869/2218
f 2958/8876/2219 2953/8875/2219 2954/8874/2219 2957/8873/2219
f 2959/8880/2220 2956/8879/2220 2955/8878/2220 2960/8877/2220
o cube
v 0.668094804184272 2.286235322346543 0.6126363093832945
v 0.6664359041019416 2.4343438985449124 0.4976695850366011
v 1.5684266908078115 1.65530338976565 -0.21316777778183793
v 1.5667677907254811 1.8034119659640195 -0.3281345021285311
v 0.524730562179486 2.358068891782604 0.4014512426374006
v 0.5263894622618164 2.2099603155842344 0.516417966984094
v 1.4250624488030255 1.7271369592017112 -0.4243528445277316
v 1.4267213488853558 1.5790283830033416 -0.3093861201810384
vt 0.265625 0.375
vt 0.3125 0.375
vt 0.3125 0.03125
vt 0.265625 0.03125
vt 0.21875 0.375
vt 0.265625 0.375
vt 0.265625 0.03125
vt 0.21875 0.03125
vt 0.3125 0.375
vt 0.265625 0.375
vt 0.265625 0.03125
vt 0.3125 0.03125
vt 0.3125 0.375
vt 0.359375 0.375
vt 0.359375 0.03125
vt 0.3125 0.03125
vt 0.3125 0.375
vt 0.265625 0.375
vt 0.265625 0.421875
vt 0.3125 0.421875
vt 0.359375 0.421875
vt 0.3125 0.421875
vt 0.3125 0.375
vt 0.359375 0.375
vn -0.00884746710576359 0.789912406391305 -0.6131558631823646
vn 0.7557618235864285 0.4068000360656449 0.5131644927957371
vn 0.00884746710576359 -0.789912406391305 0.6131558631823646
vn -0.7557618235864285 -0.4068000360656449 -0.5131644927957371
vn -0.6547868266353016 0.4588595873315582 0.6005847906655509
vn 0.6547868266353016 -0.4588595873315582 -0.6005847906655509
usemtl m_32106622-412d-50ea-c58d-eafbf6f5adea
f 2964/8884/2221 2967/8883/2221 2965/8882/2221 2962/8881/2221
f 2963/8888/2222 2964/8887/2222 2962/8886/2222 2961/8885/2222
f 2968/8892/2223 2963/8891/2223 2961/8890/2223 2966/8889/2223
f 2967/8896/2224 2968/8895/2224 2966/8894/2224 2965/8893/2224
f 2966/8900/2225 2961/8899/2225 2962/8898/2225 2965/8897/2225
f 2967/8904/2226 2964/8903/2226 2963/8902/2226 2968/8901/2226
o cube
v 0.48598227264447713 2.259598535162635 0.8867364717308863
v 0.5866324798738983 2.41392062703037 0.9215283924344195
v 1.5029927227782764 1.4828881432828076 1.3897630231817333
v 1.6036429300076975 1.6372102351505426 1.4245549438852665
v 0.6627425570002986 2.402832641786945 0.7505296709682785
v 0.5620923497708774 2.24851054991921 0.7157377502647453
v 1.6797530071340978 1.6261222499071175 1.2535562224191255
v 1.5791027999046767 1.4718001580393825 1.2187643017155922
vt 0.3125 0.375
vt 0.265625 0.375
vt 0.265625 0.03125
vt 0.3125 0.03125
vt 0.21875 0.375
vt 0.265625 0.375
vt 0.265625 0.03125
vt 0.21875 0.03125
vt 0.265625 0.375
vt 0.3125 0.375
vt 0.3125 0.03125
vt 0.265625 0.03125
vt 0.3125 0.375
vt 0.359375 0.375
vt 0.359375 0.03125
vt 0.3125 0.03125
vt 0.3125 0.375
vt 0.265625 0.375
vt 0.265625 0.421875
vt 0.3125 0.421875
vt 0.359375 0.421875
vt 0.3125 0.421875
vt 0.3125 0.375
vt 0.359375 0.375
vn 0.5368011052235797 0.8230511566279204 0.18555691041884154
vn -0.4059204113408016 0.05913592129826731 0.911993181152754
vn -0.5368011052235797 -0.8230511566279204 -0.18555691041884154
vn 0.4059204113408016 -0.05913592129826731 -0.911993181152754
vn -0.7396439637336722 0.564880285003511 -0.3658374919642525
vn 0.7396439637336722 -0.564880285003511 0.3658374919642525
usemtl m_32106622-412d-50ea-c58d-eafbf6f5adea
f 2972/8908/2227 2975/8907/2227 2973/8906/2227 2970/8905/2227
f 2971/8912/2228 2972/8911/2228 2970/8910/2228 2969/8909/2228
f 2976/8916/2229 2971/8915/2229 2969/8914/2229 2974/8913/2229
f 2975/8920/2230 2976/8919/2230 2974/8918/2230 2973/8917/2230
f 2974/8924/2231 2969/8923/2231 2970/8922/2231 2973/8921/2231
f 2975/8928/2232 2972/8927/2232 2971/8926/2232 2976/8925/2232
o cube
v -1.1481683446417015 2.03303751717464 0.862114638608662
v -1.5238451569891454 2.4499003528656296 0.8234034143431987
v -0.7313976064414858 2.4103510087529054 0.8806330309002597
v -1.1070744187889296 2.827213844443895 0.8419218066347964
v -1.479744620270163 2.431773390045196 0.20022482366472882
v -1.104067807922719 2.014910554354207 0.23893604793019207
v -1.0629738820699473 2.809086881623461 0.2187432159563265
v -0.6872970697225034 2.392224045932472 0.25745444022178976
vt 0.140625 0.5625
vt 0.296875 0.5625
vt 0.296875 0.421875
vt 0.140625 0.421875
vt 0 0.5625
vt 0.140625 0.5625
vt 0.140625 0.421875
vt 0 0.421875
vt 0.4375 0.5625
vt 0.59375 0.5625
vt 0.59375 0.421875
vt 0.4375 0.421875
vt 0.296875 0.5625
vt 0.4375 0.5625
vt 0.4375 0.421875
vt 0.296875 0.421875
vt 0.296875 0.5625
vt 0.140625 0.5625
vt 0.140625 0.703125
vt 0.296875 0.703125
vt 0.453125 0.703125
vt 0.296875 0.703125
vt 0.296875 0.5625
vt 0.453125 0.5625
vn -0.6678698886176777 0.7410894856728695 -0.0688199542497126
vn -0.07056085875037164 0.02900314051269327 0.9970857450855524
vn 0.6678698886176777 -0.7410894856728695 0.0688199542497126
vn 0.07056085875037164 -0.02900314051269327 -0.9970857450855524
vn -0.7409257568003835 -0.670779540583583 -0.03292158629617355
vn 0.7409257568003835 0.670779540583583 0.03292158629617355
usemtl m_32106622-412d-50ea-c58d-eafbf6f5adea
f 2980/8932/2233 2983/8931/2233 2981/8930/2233 2978/8929/2233
f 2979/8936/2234 2980/8935/2234 2978/8934/2234 2977/8933/2234
f 2984/8940/2235 2979/8939/2235 2977/8938/2235 2982/8937/2235
f 2983/8944/2236 2984/8943/2236 2982/8942/2236 2981/8941/2236
f 2982/8948/2237 2977/8947/2237 2978/8946/2237 2981/8945/2237
f 2983/8952/2238 2980/8951/2238 2979/8950/2238 2984/8949/2238
o cube
v -0.9312868392907134 2.638316080461591 0.7344910770615298
v -1.098254311445133 2.8235884518798082 0.7172860884991019
v -0.7460554000906177 2.806010965607486 0.742721473635573
v -0.9130228722450373 2.9912833370257035 0.725516485073145
v -1.0717939894137438 2.8127122741875477 0.34337893409202014
v -0.9048265172593242 2.6274399027693303 0.36058392265444805
v -0.886562550213648 2.980407159333444 0.35160933066606326
v -0.7195950780592284 2.7951347879152264 0.36881431922849117
vt 0.65625 0.9375
vt 0.75 0.9375
vt 0.75 0.875
vt 0.65625 0.875
vt 0.59375 0.9375
vt 0.65625 0.9375
vt 0.65625 0.875
vt 0.59375 0.875
vt 0.8125 0.9375
vt 0.90625 0.9375
vt 0.90625 0.875
vt 0.8125 0.875
vt 0.75 0.9375
vt 0.8125 0.9375
vt 0.8125 0.875
vt 0.75 0.875
vt 0.75 0.9375
vt 0.65625 0.9375
vt 0.65625 1
vt 0.75 1
vt 0.84375 1
vt 0.75 1
vt 0.75 0.9375
vt 0.84375 0.9375
vn -0.6678698886176777 0.7410894856728695 -0.0688199542497126
vn -0.07056085875037164 0.02900314051269327 0.9970857450855524
vn 0.6678698886176777 -0.7410894856728695 0.0688199542497126
vn 0.07056085875037164 -0.02900314051269327 -0.9970857450855524
vn -0.7409257568003835 -0.670779540583583 -0.03292158629617355
vn 0.7409257568003835 0.670779540583583 0.03292158629617355
usemtl m_32106622-412d-50ea-c58d-eafbf6f5adea
f 2988/8956/2239 2991/8955/2239 2989/8954/2239 2986/8953/2239
f 2987/8960/2240 2988/8959/2240 2986/8958/2240 2985/8957/2240
f 2992/8964/2241 2987/8963/2241 2985/8962/2241 2990/8961/2241
f 2991/8968/2242 2992/8967/2242 2990/8966/2242 2989/8965/2242
f 2990/8972/2243 2985/8971/2243 2986/8970/2243 2989/8969/2243
f 2991/8976/2244 2988/8975/2244 2987/8974/2244 2992/8973/2244
o cube
v -0.579491383414172 2.5406749239963142 1.088074927178396
v -0.5616673686573568 2.727279302638008 1.0839083494824608
v 0.5198871020848055 2.4540024416213697 1.9093421348647484
v 0.5377111168416207 2.6406068202630633 1.9051755571688131
v -0.4504739654884873 2.713301902851709 0.9335856652763193
v -0.46829798024530245 2.5266975242100154 0.9377522429722545
v 0.6489045200104901 2.6266294204767644 1.7548528729626716
v 0.631080505253675 2.4400250418350704 1.7590194506586068
vt 0.3125 0.375
vt 0.265625 0.375
vt 0.265625 0.03125
vt 0.3125 0.03125
vt 0.359375 0.375
vt 0.3125 0.375
vt 0.3125 0.03125
vt 0.359375 0.03125
vt 0.265625 0.375
vt 0.3125 0.375
vt 0.3125 0.03125
vt 0.265625 0.03125
vt 0.265625 0.375
vt 0.21875 0.375
vt 0.21875 0.03125
vt 0.265625 0.03125
vt 0.265625 0.375
vt 0.3125 0.375
vt 0.3125 0.421875
vt 0.265625 0.421875
vt 0.3125 0.421875
vt 0.359375 0.421875
vt 0.359375 0.375
vt 0.3125 0.375
vn 0.09506141203634755 0.9952233527556995 -0.022221747711656047
vn -0.5930314835673051 0.07454613219359539 0.8017209824327516
vn -0.09506141203634755 -0.9952233527556995 0.022221747711656047
vn 0.5930314835673051 -0.07454613219359539 -0.8017209824327516
vn -0.7995479894538019 0.06303453263632339 -0.5972852419537111
vn 0.7995479894538019 -0.06303453263632339 0.5972852419537111
usemtl m_32106622-412d-50ea-c58d-eafbf6f5adea
f 2996/8980/2245 2999/8979/2245 2997/8978/2245 2994/8977/2245
f 2995/8984/2246 2996/8983/2246 2994/8982/2246 2993/8981/2246
f 3000/8988/2247 2995/8987/2247 2993/8986/2247 2998/8985/2247
f 2999/8992/2248 3000/8991/2248 2998/8990/2248 2997/8989/2248
f 2998/8996/2249 2993/8995/2249 2994/8994/2249 2997/8993/2249
f 2999/9000/2250 2996/8999/2250 2995/8998/2250 3000/8997/2250
o cube
v -0.37103551006706326 2.433108784686294 0.23010924952193879
v -0.44139540567917646 2.569503479972542 0.12239563762806421
v 0.5556994668281572 2.1425216929998396 -0.74320797766775
v 0.485339571216044 2.2789163882860874 -0.8509215895616247
v -0.5607084906498505 2.447100228967227 0.045336686829922646
v -0.4903485950377373 2.310705533680979 0.15305029872379716
v 0.36602648624536904 2.1565131372807724 -0.9279805403597663
v 0.43638638185748224 2.0201184419945246 -0.8202669284658917
vt 0.265625 0.375
vt 0.3125 0.375
vt 0.3125 0.03125
vt 0.265625 0.03125
vt 0.21875 0.375
vt 0.265625 0.375
vt 0.265625 0.03125
vt 0.21875 0.03125
vt 0.3125 0.375
vt 0.265625 0.375
vt 0.265625 0.03125
vt 0.3125 0.03125
vt 0.3125 0.375
vt 0.359375 0.375
vt 0.359375 0.03125
vt 0.3125 0.03125
vt 0.3125 0.375
vt 0.265625 0.375
vt 0.265625 0.421875
vt 0.3125 0.421875
vt 0.359375 0.421875
vt 0.3125 0.421875
vt 0.3125 0.375
vt 0.359375 0.375
vn -0.37525277659793477 0.7274383748599876 -0.5744725967673311
vn 0.6363364531769311 0.6528173386950133 0.410981070923423
vn 0.37525277659793477 -0.7274383748599876 0.5744725967673311
vn -0.6363364531769311 -0.6528173386950133 -0.410981070923423
vn -0.6739890741056146 0.21133606668105753 0.7078670743197737
vn 0.6739890741056146 -0.21133606668105753 -0.7078670743197737
usemtl m_32106622-412d-50ea-c58d-eafbf6f5adea
f 3004/9004/2251 3007/9003/2251 3005/9002/2251 3002/9001/2251
f 3003/9008/2252 3004/9007/2252 3002/9006/2252 3001/9005/2252
f 3008/9012/2253 3003/9011/2253 3001/9010/2253 3006/9009/2253
f 3007/9016/2254 3008/9015/2254 3006/9014/2254 3005/9013/2254
f 3006/9020/2255 3001/9019/2255 3002/9018/2255 3005/9017/2255
f 3007/9024/2256 3004/9023/2256 3003/9022/2256 3008/9021/2256
o cube
v -0.7967092267104356 2.4123346449251946 0.7362996278081966
v -0.7757317755606798 2.5886671390653677 0.6761078671297988
v 0.5686211114749451 2.284162104209638 0.8366483569337473
v 0.5895985626247009 2.4604945983498108 0.7764565962553495
v -0.7660543832753832 2.506934583888464 0.4400440251234235
v -0.7870318344251392 2.3306020897482913 0.5002357858018214
v 0.5992759549099974 2.378762043172907 0.5403927542489741
v 0.5782985037602415 2.2024295490327344 0.6005845149273721
vt 0.046875 0.375
vt 0.109375 0.375
vt 0.109375 0.03125
vt 0.046875 0.03125
vt 0.15625 0.375
vt 0.109375 0.375
vt 0.109375 0.03125
vt 0.15625 0.03125
vt 0.046875 0.375
vt 0.109375 0.375
vt 0.109375 0.03125
vt 0.046875 0.03125
vt 0.109375 0.375
vt 0.15625 0.375
vt 0.15625 0.03125
vt 0.109375 0.03125
vt 0.109375 0.375
vt 0.046875 0.375
vt 0.046875 0.421875
vt 0.109375 0.421875
vt 0.171875 0.421875
vt 0.109375 0.421875
vt 0.109375 0.375
vt 0.171875 0.375
vn 0.11187973946536475 0.9404399687475886 -0.32102272361812184
vn -0.038709569141185785 0.326930220707614 0.9442553680255013
vn -0.11187973946536475 -0.9404399687475886 0.32102272361812184
vn 0.038709569141185785 -0.326930220707614 -0.9442553680255013
vn -0.9929675186802769 0.09321639324767768 -0.07298089390949143
vn 0.9929675186802769 -0.09321639324767768 0.07298089390949143
usemtl m_32106622-412d-50ea-c58d-eafbf6f5adea
f 3012/9028/2257 3015/9027/2257 3013/9026/2257 3010/9025/2257
f 3011/9032/2258 3012/9031/2258 3010/9030/2258 3009/9029/2258
f 3016/9036/2259 3011/9035/2259 3009/9034/2259 3014/9033/2259
f 3015/9040/2260 3016/9039/2260 3014/9038/2260 3013/9037/2260
f 3014/9044/2261 3009/9043/2261 3010/9042/2261 3013/9041/2261
f 3015/9048/2262 3012/9047/2262 3011/9046/2262 3016/9045/2262
o cube
v 0.18900024775586888 2.3804176680601947 0.9863284032224695
v 0.22396266633879536 2.674305158293816 0.8860088020918064
v 0.5613630672609727 2.3454615205923157 1.0136962384385289
v 0.5963254858438992 2.6393490108259368 0.9133766373078658
v 0.24815614705203648 2.469973770351557 0.2958491970758682
v 0.21319372846911 2.1760862801179357 0.3961687982065313
v 0.6205189665571403 2.435017622883678 0.3232170322919275
v 0.5855565479742139 2.1411301326500567 0.42353663342259057
vt 0.53125 0.09375
vt 0.6875 0.09375
vt 0.6875 0
vt 0.53125 0
vt 0.453125 0.09375
vt 0.53125 0.09375
vt 0.53125 0
vt 0.453125 0
vt 0.765625 0.09375
vt 0.921875 0.09375
vt 0.921875 0
vt 0.765625 0
vt 0.53125 0.09375
vt 0.453125 0.09375
vt 0.453125 0
vt 0.53125 0
vt 0.6875 0.09375
vt 0.53125 0.09375
vt 0.53125 0.171875
vt 0.6875 0.171875
vt 0.84375 0.171875
vt 0.6875 0.171875
vt 0.6875 0.09375
vt 0.84375 0.09375
vn 0.11187973946536475 0.9404399687475886 -0.32102272361812184
vn -0.038709569141185785 0.326930220707614 0.9442553680255013
vn -0.11187973946536475 -0.9404399687475886 0.32102272361812184
vn 0.038709569141185785 -0.326930220707614 -0.9442553680255013
vn -0.9929675186802769 0.09321639324767768 -0.07298089390949143
vn 0.9929675186802769 -0.09321639324767768 0.07298089390949143
usemtl m_32106622-412d-50ea-c58d-eafbf6f5adea
f 3020/9052/2263 3023/9051/2263 3021/9050/2263 3018/9049/2263
f 3019/9056/2264 3020/9055/2264 3018/9054/2264 3017/9053/2264
f 3024/9060/2265 3019/9059/2265 3017/9058/2265 3022/9057/2265
f 3023/9064/2266 3024/9063/2266 3022/9062/2266 3021/9061/2266
f 3022/9068/2267 3017/9067/2267 3018/9066/2267 3021/9065/2267
f 3023/9072/2268 3020/9071/2268 3019/9070/2268 3024/9069/2268
o cube
v -0.5581447393256629 2.4707631017901788 0.9906086932919447
v -0.5091973533095657 2.882205588117249 0.8501612517090165
v 0.18658089968454478 2.4008508068544208 1.0453443637240634
v 0.23552828570064183 2.8122932931814906 0.904896922141135
v -0.48016517645367646 2.6370079225865384 0.14196972568989064
v -0.5291125624697735 2.225565436259468 0.2824171672728189
v 0.2645604625565312 2.56709562765078 0.1967053961220092
v 0.21561307654043413 2.15565314132371 0.3371528377049375
vt 0.109375 0.890625
vt 0.296875 0.890625
vt 0.296875 0.703125
vt 0.109375 0.703125
vt 0 0.890625
vt 0.109375 0.890625
vt 0.109375 0.703125
vt 0 0.703125
vt 0.40625 0.890625
vt 0.59375 0.890625
vt 0.59375 0.703125
vt 0.40625 0.703125
vt 0.296875 0.890625
vt 0.40625 0.890625
vt 0.40625 0.703125
vt 0.296875 0.703125
vt 0.296875 0.890625
vt 0.109375 0.890625
vt 0.109375 1
vt 0.296875 1
vt 0.484375 1
vt 0.296875 1
vt 0.296875 0.890625
vt 0.484375 0.890625
vn 0.11187973946536475 0.9404399687475886 -0.32102272361812184
vn -0.038709569141185785 0.326930220707614 0.9442553680255013
vn -0.11187973946536475 -0.9404399687475886 0.32102272361812184
vn 0.038709569141185785 -0.326930220707614 -0.9442553680255013
vn -0.9929675186802769 0.09321639324767768 -0.07298089390949143
vn 0.9929675186802769 -0.09321639324767768 0.07298089390949143
usemtl m_32106622-412d-50ea-c58d-eafbf6f5adea
f 3028/9076/2269 3031/9075/2269 3029/9074/2269 3026/9073/2269
f 3027/9080/2270 3028/9079/2270 3026/9078/2270 3025/9077/2270
f 3032/9084/2271 3027/9083/2271 3025/9082/2271 3030/9081/2271
f 3031/9088/2272 3032/9087/2272 3030/9086/2272 3029/9085/2272
f 3030/9092/2273 3025/9091/2273 3026/9090/2273 3029/9089/2273
f 3031/9096/2274 3028/9095/2274 3027/9094/2274 3032/9093/2274
o cube
v -0.7627618865265067 3.558791821685208 1.5574522123853605
v -0.7002244436594305 3.7168542325891814 1.636582437324194
v -0.7835612113957691 2.9499163570503937 2.790117234461805
v -0.7210237685286929 3.107978767954367 2.8692474594006385
v -0.523483747148382 3.659593451754396 1.6112806750341915
v -0.5860211900154582 3.5015310408504225 1.532150450095358
v -0.5442830720176444 3.0507179871195813 2.843945697110636
v -0.6068205148847206 2.892655576215608 2.7648154721718026
vt 0.3125 0.375
vt 0.265625 0.375
vt 0.265625 0.03125
vt 0.3125 0.03125
vt 0.359375 0.375
vt 0.3125 0.375
vt 0.3125 0.03125
vt 0.359375 0.03125
vt 0.265625 0.375
vt 0.3125 0.375
vt 0.3125 0.03125
vt 0.265625 0.03125
vt 0.265625 0.375
vt 0.21875 0.375
vt 0.21875 0.03125
vt 0.265625 0.03125
vt 0.265625 0.375
vt 0.3125 0.375
vt 0.3125 0.421875
vt 0.265625 0.421875
vt 0.3125 0.421875
vt 0.359375 0.421875
vt 0.359375 0.375
vt 0.3125 0.375
vn 0.33353302862440865 0.8429995248211947 0.4220278663404463
vn -0.94261704805893 0.3053908311188557 0.13494273221334782
vn -0.33353302862440865 -0.8429995248211947 -0.4220278663404463
vn 0.94261704805893 -0.3053908311188557 -0.13494273221334782
vn 0.015126781723100422 0.4428185197344106 -0.8964836524192324
vn -0.015126781723100422 -0.4428185197344106 0.8964836524192324
usemtl m_32106622-412d-50ea-c58d-eafbf6f5adea
f 3036/9100/2275 3039/9099/2275 3037/9098/2275 3034/9097/2275
f 3035/9104/2276 3036/9103/2276 3034/9102/2276 3033/9101/2276
f 3040/9108/2277 3035/9107/2277 3033/9106/2277 3038/9105/2277
f 3039/9112/2278 3040/9111/2278 3038/9110/2278 3037/9109/2278
f 3038/9116/2279 3033/9115/2279 3034/9114/2279 3037/9113/2279
f 3039/9120/2280 3036/9119/2280 3035/9118/2280 3040/9117/2280
o cube
v -1.0194678534105925 3.597872645894417 1.8607213580674749
v -1.0132322768622126 3.785216491104951 1.8562883853808383
v -0.6343224504734746 3.553837665650634 0.5414985038418005
v -0.6280868739250947 3.741181510861168 0.537065531155164
v -1.2530805077130562 3.7915377284773566 1.7860540055102763
v -1.2593160842614362 3.604193883266822 1.7904869781969128
v -0.8679351047759383 3.7475027482335737 0.46683115128460195
v -0.8741706813243182 3.560158903023039 0.4712641239712385
vt 0.046875 0.375
vt 0.109375 0.375
vt 0.109375 0.03125
vt 0.046875 0.03125
vt 0.15625 0.375
vt 0.109375 0.375
vt 0.109375 0.03125
vt 0.15625 0.03125
vt 0.046875 0.375
vt 0.109375 0.375
vt 0.109375 0.03125
vt 0.046875 0.03125
vt 0.109375 0.375
vt 0.15625 0.375
vt 0.15625 0.03125
vt 0.109375 0.03125
vt 0.109375 0.375
vt 0.046875 0.375
vt 0.046875 0.421875
vt 0.109375 0.421875
vt 0.171875 0.421875
vt 0.109375 0.421875
vt 0.109375 0.375
vt 0.171875 0.375
vn 0.03325640825802773 0.9991671744561856 -0.023642520995394843
vn 0.9593929234033722 -0.02528494948962112 0.28093751948224793
vn -0.03325640825802773 -0.9991671744561856 0.023642520995394843
vn -0.9593929234033722 0.02528494948962112 -0.28093751948224793
vn -0.2801057475906315 0.03202544017729676 0.9594348030732177
vn 0.2801057475906315 -0.03202544017729676 -0.9594348030732177
usemtl m_32106622-412d-50ea-c58d-eafbf6f5adea
f 3044/9124/2281 3047/9123/2281 3045/9122/2281 3042/9121/2281
f 3043/9128/2282 3044/9127/2282 3042/9126/2282 3041/9125/2282
f 3048/9132/2283 3043/9131/2283 3041/9130/2283 3046/9129/2283
f 3047/9136/2284 3048/9135/2284 3046/9134/2284 3045/9133/2284
f 3046/9140/2285 3041/9139/2285 3042/9138/2285 3045/9137/2285
f 3047/9144/2286 3044/9143/2286 3043/9142/2286 3048/9141/2286
o cube
v -0.5594759326818286 3.561106277687816 0.9539623398971777
v -0.5490833051011945 3.873346019705374 0.9465740520861168
v -0.45443627733534164 3.54909673762133 0.594174288744721
v -0.44404364975470756 3.8613364796388874 0.5867860009336601
v -1.1487038822283022 3.889149113136387 0.7709881024097118
v -1.1590965098089363 3.5769093711188296 0.7783763902207728
v -1.0436642268818153 3.8771395730699005 0.4112000512572552
v -1.0540568544624493 3.564899831052343 0.41858833906831605
vt 0.53125 0.09375
vt 0.6875 0.09375
vt 0.6875 0
vt 0.53125 0
vt 0.453125 0.09375
vt 0.53125 0.09375
vt 0.53125 0
vt 0.453125 0
vt 0.765625 0.09375
vt 0.921875 0.09375
vt 0.921875 0
vt 0.765625 0
vt 0.53125 0.09375
vt 0.453125 0.09375
vt 0.453125 0
vt 0.53125 0
vt 0.6875 0.09375
vt 0.53125 0.09375
vt 0.53125 0.171875
vt 0.6875 0.171875
vt 0.84375 0.171875
vt 0.6875 0.171875
vt 0.6875 0.09375
vt 0.84375 0.09375
vn 0.03325640825802773 0.9991671744561856 -0.023642520995394843
vn 0.9593929234033722 -0.02528494948962112 0.28093751948224793
vn -0.03325640825802773 -0.9991671744561856 0.023642520995394843
vn -0.9593929234033722 0.02528494948962112 -0.28093751948224793
vn -0.2801057475906315 0.03202544017729676 0.9594348030732177
vn 0.2801057475906315 -0.03202544017729676 -0.9594348030732177
usemtl m_32106622-412d-50ea-c58d-eafbf6f5adea
f 3052/9148/2287 3055/9147/2287 3053/9146/2287 3050/9145/2287
f 3051/9152/2288 3052/9151/2288 3050/9150/2288 3049/9149/2288
f 3056/9156/2289 3051/9155/2289 3049/9154/2289 3054/9153/2289
f 3055/9160/2290 3056/9159/2290 3054/9158/2290 3053/9157/2290
f 3054/9164/2291 3049/9163/2291 3050/9162/2291 3053/9161/2291
f 3055/9168/2292 3052/9167/2292 3051/9166/2292 3056/9165/2292
o cube
v -0.7095931856620918 3.583545048477687 1.6910970371697311
v -0.6950435070492045 4.020680687302268 1.6807534342342458
v -0.4995138749691179 3.559525968344715 0.9715209348648177
v -0.48496419635623056 3.9966616071692957 0.9611773319293325
v -1.4145881996017335 4.039644399419484 1.47005029462256
v -1.429137878214621 3.6025087605949033 1.4803938975580453
v -1.2045088889087596 4.015625319286512 0.7504741923176467
v -1.219058567521647 3.5784896804619306 0.7608177952531319
vt 0.109375 0.890625
vt 0.296875 0.890625
vt 0.296875 0.703125
vt 0.109375 0.703125
vt 0 0.890625
vt 0.109375 0.890625
vt 0.109375 0.703125
vt 0 0.703125
vt 0.40625 0.890625
vt 0.59375 0.890625
vt 0.59375 0.703125
vt 0.40625 0.703125
vt 0.296875 0.890625
vt 0.40625 0.890625
vt 0.40625 0.703125
vt 0.296875 0.703125
vt 0.296875 0.890625
vt 0.109375 0.890625
vt 0.109375 1
vt 0.296875 1
vt 0.484375 1
vt 0.296875 1
vt 0.296875 0.890625
vt 0.484375 0.890625
vn 0.03325640825802773 0.9991671744561856 -0.023642520995394843
vn 0.9593929234033722 -0.02528494948962112 0.28093751948224793
vn -0.03325640825802773 -0.9991671744561856 0.023642520995394843
vn -0.9593929234033722 0.02528494948962112 -0.28093751948224793
vn -0.2801057475906315 0.03202544017729676 0.9594348030732177
vn 0.2801057475906315 -0.03202544017729676 -0.9594348030732177
usemtl m_32106622-412d-50ea-c58d-eafbf6f5adea
f 3060/9172/2293 3063/9171/2293 3061/9170/2293 3058/9169/2293
f 3059/9176/2294 3060/9175/2294 3058/9174/2294 3057/9173/2294
f 3064/9180/2295 3059/9179/2295 3057/9178/2295 3062/9177/2295
f 3063/9184/2296 3064/9183/2296 3062/9182/2296 3061/9181/2296
f 3062/9188/2297 3057/9187/2297 3058/9186/2297 3061/9185/2297
f 3063/9192/2298 3060/9191/2298 3059/9190/2298 3064/9189/2298
o cube
v -2.638912722812525 2.0330375171746415 0.42967832683264096
v -2.8368985968648284 2.4499003528656305 0.10806797268431279
v -2.3998904010381032 2.4103510087529068 0.7715980670738025
v -2.5978762750904068 2.8272138444438957 0.44998771292547435
v -2.315651074598982 2.431773390045197 -0.2363118085901137
v -2.1176652005466785 2.0149105543542083 0.08529854555821448
v -2.0766287528245604 2.8090868816234624 0.10560793165104787
v -1.8786428787722569 2.3922240459324735 0.42721828579937604
vt 0.140625 0.5625
vt 0.296875 0.5625
vt 0.296875 0.421875
vt 0.140625 0.421875
vt 0 0.5625
vt 0.140625 0.5625
vt 0.140625 0.421875
vt 0 0.421875
vt 0.4375 0.5625
vt 0.59375 0.5625
vt 0.59375 0.421875
vt 0.4375 0.421875
vt 0.296875 0.5625
vt 0.4375 0.5625
vt 0.4375 0.421875
vt 0.296875 0.421875
vt 0.296875 0.5625
vt 0.140625 0.5625
vt 0.140625 0.703125
vt 0.296875 0.703125
vt 0.453125 0.703125
vt 0.296875 0.703125
vt 0.296875 0.5625
vt 0.453125 0.5625
vn -0.3519748872040951 0.7410894856728694 -0.5717517407081386
vn -0.833996035625355 0.02900314051269341 0.551007650039083
vn 0.3519748872040951 -0.7410894856728694 0.5717517407081386
vn 0.833996035625355 -0.02900314051269341 -0.551007650039083
vn -0.4249285720434156 -0.6707795405835831 -0.6078573159842866
vn 0.4249285720434156 0.6707795405835831 0.6078573159842866
usemtl m_32106622-412d-50ea-c58d-eafbf6f5adea
f 3068/9196/2299 3071/9195/2299 3069/9194/2299 3066/9193/2299
f 3067/9200/2300 3068/9199/2300 3066/9198/2300 3065/9197/2300
f 3072/9204/2301 3067/9203/2301 3065/9202/2301 3070/9201/2301
f 3071/9208/2302 3072/9207/2302 3070/9206/2302 3069/9205/2302
f 3070/9212/2303 3065/9211/2303 3066/9210/2303 3069/9209/2303
f 3071/9216/2304 3068/9215/2304 3067/9214/2304 3072/9213/2304
o cube
v -2.4056330488362136 2.6383160804615913 0.5240496918476243
v -2.4936267706372375 2.8235884518798087 0.38111175667058905
v -2.29940090582536 2.806010965607487 0.676014020843696
v -2.3873946276263838 2.9912833370257044 0.5330760856666608
v -2.1808782572777297 2.812712274187549 0.17448388790593317
v -2.092884535476706 2.6274399027693316 0.3174218230829684
v -2.074646114266876 2.9804071593334447 0.3264482169020049
v -1.9866523924658521 2.7951347879152273 0.4693861520790401
vt 0.65625 0.9375
vt 0.75 0.9375
vt 0.75 0.875
vt 0.65625 0.875
vt 0.59375 0.9375
vt 0.65625 0.9375
vt 0.65625 0.875
vt 0.59375 0.875
vt 0.8125 0.9375
vt 0.90625 0.9375
vt 0.90625 0.875
vt 0.8125 0.875
vt 0.75 0.9375
vt 0.8125 0.9375
vt 0.8125 0.875
vt 0.75 0.875
vt 0.75 0.9375
vt 0.65625 0.9375
vt 0.65625 1
vt 0.75 1
vt 0.84375 1
vt 0.75 1
vt 0.75 0.9375
vt 0.84375 0.9375
vn -0.3519748872040951 0.7410894856728694 -0.5717517407081386
vn -0.833996035625355 0.02900314051269341 0.551007650039083
vn 0.3519748872040951 -0.7410894856728694 0.5717517407081386
vn 0.833996035625355 -0.02900314051269341 -0.551007650039083
vn -0.4249285720434156 -0.6707795405835831 -0.6078573159842866
vn 0.4249285720434156 0.6707795405835831 0.6078573159842866
usemtl m_32106622-412d-50ea-c58d-eafbf6f5adea
f 3076/9220/2305 3079/9219/2305 3077/9218/2305 3074/9217/2305
f 3075/9224/2306 3076/9223/2306 3074/9222/2306 3073/9221/2306
f 3080/9228/2307 3075/9227/2307 3073/9226/2307 3078/9225/2307
f 3079/9232/2308 3080/9231/2308 3078/9230/2308 3077/9229/2308
f 3078/9236/2309 3073/9235/2309 3074/9234/2309 3077/9233/2309
f 3079/9240/2310 3076/9239/2310 3075/9238/2310 3080/9237/2310
o cube
v -2.325142208865217 2.412334644925195 0.6319182662535822
v -2.2646186113341136 2.588667139065368 0.6119183749489046
v -1.5735937605682575 2.2841621042096385 1.7761960863955921
v -1.513070163037154 2.460494598349811 1.7561961950909146
v -2.071445350599699 2.5069345838884645 0.47588940464666263
v -2.1319689481308024 2.3306020897482917 0.49588929595134024
v -1.3198969023027392 2.378762043172908 1.620167224788673
v -1.3804204998338427 2.202429549032735 1.6401671160933504
vt 0.046875 0.375
vt 0.109375 0.375
vt 0.109375 0.03125
vt 0.046875 0.03125
vt 0.15625 0.375
vt 0.109375 0.375
vt 0.109375 0.03125
vt 0.15625 0.03125
vt 0.046875 0.375
vt 0.109375 0.375
vt 0.109375 0.03125
vt 0.046875 0.03125
vt 0.109375 0.375
vt 0.15625 0.375
vt 0.15625 0.03125
vt 0.109375 0.03125
vt 0.109375 0.375
vt 0.046875 0.375
vt 0.046875 0.421875
vt 0.109375 0.421875
vt 0.171875 0.421875
vt 0.109375 0.421875
vt 0.109375 0.375
vt 0.171875 0.375
vn 0.3227925201658853 0.9404399687475884 -0.10666608695828024
vn -0.7726930429376593 0.3269302207076141 0.5441158812089678
vn -0.3227925201658853 -0.9404399687475884 0.10666608695828024
vn 0.7726930429376593 -0.3269302207076141 -0.5441158812089678
vn -0.5465806896705162 0.09321639324767726 -0.8322020510123711
vn 0.5465806896705162 -0.09321639324767726 0.8322020510123711
usemtl m_32106622-412d-50ea-c58d-eafbf6f5adea
f 3084/9244/2311 3087/9243/2311 3085/9242/2311 3082/9241/2311
f 3083/9248/2312 3084/9247/2312 3082/9246/2312 3081/9245/2312
f 3088/9252/2313 3083/9251/2313 3081/9250/2313 3086/9249/2313
f 3087/9256/2314 3088/9255/2314 3086/9254/2314 3085/9253/2314
f 3086/9260/2315 3081/9259/2315 3082/9258/2315 3085/9257/2315
f 3087/9264/2316 3084/9263/2316 3083/9262/2316 3088/9261/2316
o cube
v -1.923441464745512 2.380417668060195 1.5661420449926344
v -1.8225688021936728 2.6743051582938167 1.5328088928181718
v -1.7184737061190685 2.345461520592316 1.8782178141222736
v -1.6176010435672294 2.639349010825937 1.844884661947811
v -1.339635650357636 2.4699737703515576 1.1927364670625673
v -1.4405083129094751 2.1760862801179366 1.22606961923703
v -1.1346678917311923 2.4350176228836786 1.5048122361922063
v -1.2355405542830316 2.1411301326500576 1.5381453883666691
vt 0.53125 0.09375
vt 0.6875 0.09375
vt 0.6875 0
vt 0.53125 0
vt 0.453125 0.09375
vt 0.53125 0.09375
vt 0.53125 0
vt 0.453125 0
vt 0.765625 0.09375
vt 0.921875 0.09375
vt 0.921875 0
vt 0.765625 0
vt 0.53125 0.09375
vt 0.453125 0.09375
vt 0.453125 0
vt 0.53125 0
vt 0.6875 0.09375
vt 0.53125 0.09375
vt 0.53125 0.171875
vt 0.6875 0.171875
vt 0.84375 0.171875
vt 0.6875 0.171875
vt 0.6875 0.09375
vt 0.84375 0.09375
vn 0.3227925201658853 0.9404399687475884 -0.10666608695828024
vn -0.7726930429376593 0.3269302207076141 0.5441158812089678
vn -0.3227925201658853 -0.9404399687475884 0.10666608695828024
vn 0.7726930429376593 -0.3269302207076141 -0.5441158812089678
vn -0.5465806896705162 0.09321639324767726 -0.8322020510123711
vn 0.5465806896705162 -0.09321639324767726 0.8322020510123711
usemtl m_32106622-412d-50ea-c58d-eafbf6f5adea
f 3092/9268/2317 3095/9267/2317 3093/9266/2317 3090/9265/2317
f 3091/9272/2318 3092/9271/2318 3090/9270/2318 3089/9269/2318
f 3096/9276/2319 3091/9275/2319 3089/9274/2319 3094/9273/2319
f 3095/9280/2320 3096/9279/2320 3094/9278/2320 3093/9277/2320
f 3094/9284/2321 3089/9283/2321 3090/9282/2321 3093/9281/2321
f 3095/9288/2322 3092/9287/2322 3091/9286/2322 3096/9285/2322
o cube
v -2.3816702971820027 2.470763101790179 0.9759977493089168
v -2.240448569609428 2.882205588117249 0.9293313362646691
v -1.9717347799291156 2.400850806854421 1.600149287568195
v -1.830513052356541 2.812293293181491 1.5534828745239473
v -1.6609287874061838 2.637007922586539 0.5212444253579435
v -1.8021505149787584 2.225565436259469 0.5679108384021913
v -1.2509932701532966 2.5670956276507804 1.1453959636172217
v -1.3922149977258713 2.1556531413237106 1.1920623766614695
vt 0.109375 0.890625
vt 0.296875 0.890625
vt 0.296875 0.703125
vt 0.109375 0.703125
vt 0 0.890625
vt 0.109375 0.890625
vt 0.109375 0.703125
vt 0 0.703125
vt 0.40625 0.890625
vt 0.59375 0.890625
vt 0.59375 0.703125
vt 0.40625 0.703125
vt 0.296875 0.890625
vt 0.40625 0.890625
vt 0.40625 0.703125
vt 0.296875 0.703125
vt 0.296875 0.890625
vt 0.109375 0.890625
vt 0.109375 1
vt 0.296875 1
vt 0.484375 1
vt 0.296875 1
vt 0.296875 0.890625
vt 0.484375 0.890625
vn 0.3227925201658853 0.9404399687475884 -0.10666608695828024
vn -0.7726930429376593 0.3269302207076141 0.5441158812089678
vn -0.3227925201658853 -0.9404399687475884 0.10666608695828024
vn 0.7726930429376593 -0.3269302207076141 -0.5441158812089678
vn -0.5465806896705162 0.09321639324767726 -0.8322020510123711
vn 0.5465806896705162 -0.09321639324767726 0.8322020510123711
usemtl m_32106622-412d-50ea-c58d-eafbf6f5adea
f 3100/9292/2323 3103/9291/2323 3101/9290/2323 3098/9289/2323
f 3099/9296/2324 3100/9295/2324 3098/9294/2324 3097/9293/2324
f 3104/9300/2325 3099/9299/2325 3097/9298/2325 3102/9297/2325
f 3103/9304/2326 3104/9303/2326 3102/9302/2326 3101/9301/2326
f 3102/9308/2327 3097/9307/2327 3098/9306/2327 3101/9305/2327
f 3103/9312/2328 3100/9311/2328 3099/9310/2328 3104/9309/2328
o cube
v -2.3889127228125258 0.5330375171746415 0.929678326832641
v -2.5868985968648293 0.9499003528656305 0.6080679726843128
v -2.149890401038104 0.9103510087529068 1.2715980670738025
v -2.3478762750904076 1.3272138444438957 0.9499877129254743
v -2.065651074598983 0.9317733900451972 0.2636881914098863
v -1.8676652005466794 0.5149105543542083 0.5852985455582145
v -1.8266287528245613 1.3090868816234624 0.6056079316510479
v -1.6286428787722578 0.8922240459324735 0.927218285799376
vt 0.140625 0.5625
vt 0.296875 0.5625
vt 0.296875 0.421875
vt 0.140625 0.421875
vt 0 0.5625
vt 0.140625 0.5625
vt 0.140625 0.421875
vt 0 0.421875
vt 0.4375 0.5625
vt 0.59375 0.5625
vt 0.59375 0.421875
vt 0.4375 0.421875
vt 0.296875 0.5625
vt 0.4375 0.5625
vt 0.4375 0.421875
vt 0.296875 0.421875
vt 0.296875 0.5625
vt 0.140625 0.5625
vt 0.140625 0.703125
vt 0.296875 0.703125
vt 0.453125 0.703125
vt 0.296875 0.703125
vt 0.296875 0.5625
vt 0.453125 0.5625
vn -0.3519748872040951 0.7410894856728694 -0.5717517407081386
vn -0.833996035625355 0.02900314051269341 0.551007650039083
vn 0.3519748872040951 -0.7410894856728694 0.5717517407081386
vn 0.833996035625355 -0.02900314051269341 -0.551007650039083
vn -0.4249285720434156 -0.6707795405835831 -0.6078573159842866
vn 0.4249285720434156 0.6707795405835831 0.6078573159842866
usemtl m_32106622-412d-50ea-c58d-eafbf6f5adea
f 3108/9316/2329 3111/9315/2329 3109/9314/2329 3106/9313/2329
f 3107/9320/2330 3108/9319/2330 3106/9318/2330 3105/9317/2330
f 3112/9324/2331 3107/9323/2331 3105/9322/2331 3110/9321/2331
f 3111/9328/2332 3112/9327/2332 3110/9326/2332 3109/9325/2332
f 3110/9332/2333 3105/9331/2333 3106/9330/2333 3109/9329/2333
f 3111/9336/2334 3108/9335/2334 3107/9334/2334 3112/9333/2334
o cube
v -2.1556330488362145 1.1383160804615913 1.0240496918476243
v -2.2436267706372384 1.3235884518798087 0.881111756670589
v -2.049400905825361 1.306010965607487 1.176014020843696
v -2.1373946276263847 1.4912833370257044 1.0330760856666608
v -1.9308782572777305 1.312712274187549 0.6744838879059332
v -1.8428845354767067 1.1274399027693316 0.8174218230829684
v -1.8246461142668768 1.4804071593334447 0.8264482169020049
v -1.736652392465853 1.2951347879152273 0.9693861520790401
vt 0.65625 0.9375
vt 0.75 0.9375
vt 0.75 0.875
vt 0.65625 0.875
vt 0.59375 0.9375
vt 0.65625 0.9375
vt 0.65625 0.875
vt 0.59375 0.875
vt 0.8125 0.9375
vt 0.90625 0.9375
vt 0.90625 0.875
vt 0.8125 0.875
vt 0.75 0.9375
vt 0.8125 0.9375
vt 0.8125 0.875
vt 0.75 0.875
vt 0.75 0.9375
vt 0.65625 0.9375
vt 0.65625 1
vt 0.75 1
vt 0.84375 1
vt 0.75 1
vt 0.75 0.9375
vt 0.84375 0.9375
vn -0.3519748872040951 0.7410894856728694 -0.5717517407081386
vn -0.833996035625355 0.02900314051269341 0.551007650039083
vn 0.3519748872040951 -0.7410894856728694 0.5717517407081386
vn 0.833996035625355 -0.02900314051269341 -0.551007650039083
vn -0.4249285720434156 -0.6707795405835831 -0.6078573159842866
vn 0.4249285720434156 0.6707795405835831 0.6078573159842866
usemtl m_32106622-412d-50ea-c58d-eafbf6f5adea
f 3116/9340/2335 3119/9339/2335 3117/9338/2335 3114/9337/2335
f 3115/9344/2336 3116/9343/2336 3114/9342/2336 3113/9341/2336
f 3120/9348/2337 3115/9347/2337 3113/9346/2337 3118/9345/2337
f 3119/9352/2338 3120/9351/2338 3118/9350/2338 3117/9349/2338
f 3118/9356/2339 3113/9355/2339 3114/9354/2339 3117/9353/2339
f 3119/9360/2340 3116/9359/2340 3115/9358/2340 3120/9357/2340
o cube
v -2.075142208865217 0.912334644925195 1.1319182662535825
v -2.0146186113341136 1.088667139065368 1.1119183749489048
v -1.3235937605682575 0.7841621042096383 2.2761960863955926
v -1.263070163037154 0.9604945983498111 2.256196195090915
v -1.8214453505996988 1.0069345838884645 0.9758894046466629
v -1.8819689481308024 0.8306020897482915 0.9958892959513405
v -1.0698969023027392 0.8787620431729076 2.120167224788673
v -1.1304204998338427 0.7024295490327348 2.140167116093351
vt 0.046875 0.375
vt 0.109375 0.375
vt 0.109375 0.03125
vt 0.046875 0.03125
vt 0.15625 0.375
vt 0.109375 0.375
vt 0.109375 0.03125
vt 0.15625 0.03125
vt 0.046875 0.375
vt 0.109375 0.375
vt 0.109375 0.03125
vt 0.046875 0.03125
vt 0.109375 0.375
vt 0.15625 0.375
vt 0.15625 0.03125
vt 0.109375 0.03125
vt 0.109375 0.375
vt 0.046875 0.375
vt 0.046875 0.421875
vt 0.109375 0.421875
vt 0.171875 0.421875
vt 0.109375 0.421875
vt 0.109375 0.375
vt 0.171875 0.375
vn 0.3227925201658853 0.9404399687475884 -0.10666608695828024
vn -0.7726930429376593 0.3269302207076141 0.5441158812089678
vn -0.3227925201658853 -0.9404399687475884 0.10666608695828024
vn 0.7726930429376593 -0.3269302207076141 -0.5441158812089678
vn -0.5465806896705162 0.09321639324767726 -0.8322020510123711
vn 0.5465806896705162 -0.09321639324767726 0.8322020510123711
usemtl m_32106622-412d-50ea-c58d-eafbf6f5adea
f 3124/9364/2341 3127/9363/2341 3125/9362/2341 3122/9361/2341
f 3123/9368/2342 3124/9367/2342 3122/9366/2342 3121/9365/2342
f 3128/9372/2343 3123/9371/2343 3121/9370/2343 3126/9369/2343
f 3127/9376/2344 3128/9375/2344 3126/9374/2344 3125/9373/2344
f 3126/9380/2345 3121/9379/2345 3122/9378/2345 3125/9377/2345
f 3127/9384/2346 3124/9383/2346 3123/9382/2346 3128/9381/2346
o cube
v -1.673441464745512 0.8804176680601951 2.0661420449926347
v -1.5725688021936728 1.1743051582938164 2.032808892818172
v -1.4684737061190685 0.8454615205923159 2.378217814122274
v -1.3676010435672294 1.1393490108259372 2.344884661947811
v -1.089635650357636 0.9699737703515576 1.6927364670625675
v -1.1905083129094751 0.6760862801179364 1.7260696192370302
v -0.8846678917311924 0.9350176228836786 2.0048122361922065
v -0.9855405542830316 0.6411301326500572 2.038145388366669
vt 0.53125 0.09375
vt 0.6875 0.09375
vt 0.6875 0
vt 0.53125 0
vt 0.453125 0.09375
vt 0.53125 0.09375
vt 0.53125 0
vt 0.453125 0
vt 0.765625 0.09375
vt 0.921875 0.09375
vt 0.921875 0
vt 0.765625 0
vt 0.53125 0.09375
vt 0.453125 0.09375
vt 0.453125 0
vt 0.53125 0
vt 0.6875 0.09375
vt 0.53125 0.09375
vt 0.53125 0.171875
vt 0.6875 0.171875
vt 0.84375 0.171875
vt 0.6875 0.171875
vt 0.6875 0.09375
vt 0.84375 0.09375
vn 0.3227925201658853 0.9404399687475884 -0.10666608695828024
vn -0.7726930429376593 0.3269302207076141 0.5441158812089678
vn -0.3227925201658853 -0.9404399687475884 0.10666608695828024
vn 0.7726930429376593 -0.3269302207076141 -0.5441158812089678
vn -0.5465806896705162 0.09321639324767726 -0.8322020510123711
vn 0.5465806896705162 -0.09321639324767726 0.8322020510123711
usemtl m_32106622-412d-50ea-c58d-eafbf6f5adea
f 3132/9388/2347 3135/9387/2347 3133/9386/2347 3130/9385/2347
f 3131/9392/2348 3132/9391/2348 3130/9390/2348 3129/9389/2348
f 3136/9396/2349 3131/9395/2349 3129/9394/2349 3134/9393/2349
f 3135/9400/2350 3136/9399/2350 3134/9398/2350 3133/9397/2350
f 3134/9404/2351 3129/9403/2351 3130/9402/2351 3133/9401/2351
f 3135/9408/2352 3132/9407/2352 3131/9406/2352 3136/9405/2352
o cube
v -2.1316702971820027 0.9707631017901791 1.4759977493089171
v -1.990448569609428 1.382205588117249 1.4293313362646693
v -1.7217347799291156 0.900850806854421 2.100149287568195
v -1.580513052356541 1.3122932931814908 2.0534828745239473
v -1.4109287874061838 1.1370079225865386 1.0212444253579438
v -1.5521505149787584 0.7255654362594687 1.0679108384021916
v -1.0009932701532966 1.0670956276507804 1.645395963617222
v -1.1422149977258713 0.6556531413237106 1.6920623766614697
vt 0.109375 0.890625
vt 0.296875 0.890625
vt 0.296875 0.703125
vt 0.109375 0.703125
vt 0 0.890625
vt 0.109375 0.890625
vt 0.109375 0.703125
vt 0 0.703125
vt 0.40625 0.890625
vt 0.59375 0.890625
vt 0.59375 0.703125
vt 0.40625 0.703125
vt 0.296875 0.890625
vt 0.40625 0.890625
vt 0.40625 0.703125
vt 0.296875 0.703125
vt 0.296875 0.890625
vt 0.109375 0.890625
vt 0.109375 1
vt 0.296875 1
vt 0.484375 1
vt 0.296875 1
vt 0.296875 0.890625
vt 0.484375 0.890625
vn 0.3227925201658853 0.9404399687475884 -0.10666608695828024
vn -0.7726930429376593 0.3269302207076141 0.5441158812089678
vn -0.3227925201658853 -0.9404399687475884 0.10666608695828024
vn 0.7726930429376593 -0.3269302207076141 -0.5441158812089678
vn -0.5465806896705162 0.09321639324767726 -0.8322020510123711
vn 0.5465806896705162 -0.09321639324767726 0.8322020510123711
usemtl m_32106622-412d-50ea-c58d-eafbf6f5adea
f 3140/9412/2353 3143/9411/2353 3141/9410/2353 3138/9409/2353
f 3139/9416/2354 3140/9415/2354 3138/9414/2354 3137/9413/2354
f 3144/9420/2355 3139/9419/2355 3137/9418/2355 3142/9417/2355
f 3143/9424/2356 3144/9423/2356 3142/9422/2356 3141/9421/2356
f 3142/9428/2357 3137/9427/2357 3138/9426/2357 3141/9425/2357
f 3143/9432/2358 3140/9431/2358 3139/9430/2358 3144/9429/2358